function_type,sweep_type,source_summary,source_point,n,K,m,E2,ldpc_code_rate,ebno_db,false_positive_count,negative_trials,false_negative_count,positive_trials,fpr,fnr,max_fpr_fnr,fp_plus_fn_over_trials,channel_uses_per_bfc_decision,parallel_bfc_rate,frames,tuples,inference_status
exact-threshold,e2,results/noisy_channel_tradeoffs/server_full/exact-threshold/e2/summary_noisy_channel_tradeoff.mat,results/noisy_channel_tradeoffs/server_full/exact-threshold/e2/E2_0p05_Rc_0p5/points/result_n_36_awgn_ebno_p0p0.mat,36,7,126,0.05,0.5,0,1330,45000,43394,45000,0.0295555555555556,0.964311111111111,0.964311111111111,0.496933333333333,72,0.0969066656041655,100,90000,pilot; adaptive/event-or-cap stopping
exact-threshold,e2,results/noisy_channel_tradeoffs/server_full/exact-threshold/e2/summary_noisy_channel_tradeoff.mat,results/noisy_channel_tradeoffs/server_full/exact-threshold/e2/E2_0p05_Rc_0p5/points/result_n_36_awgn_ebno_p0p25.mat,36,7,126,0.05,0.5,0.25,1337,45000,43247,45000,0.0297111111111111,0.961044444444444,0.961044444444444,0.495377777777778,72,0.0969066656041655,100,90000,pilot; adaptive/event-or-cap stopping
exact-threshold,e2,results/noisy_channel_tradeoffs/server_full/exact-threshold/e2/summary_noisy_channel_tradeoff.mat,results/noisy_channel_tradeoffs/server_full/exact-threshold/e2/E2_0p05_Rc_0p5/points/result_n_36_awgn_ebno_p0p5.mat,36,7,126,0.05,0.5,0.5,1314,45000,42747,45000,0.0292,0.949933333333333,0.949933333333333,0.489566666666667,72,0.0969066656041655,100,90000,pilot; adaptive/event-or-cap stopping
exact-threshold,e2,results/noisy_channel_tradeoffs/server_full/exact-threshold/e2/summary_noisy_channel_tradeoff.mat,results/noisy_channel_tradeoffs/server_full/exact-threshold/e2/E2_0p05_Rc_0p5/points/result_n_36_awgn_ebno_p0p75.mat,36,7,126,0.05,0.5,0.75,1320,45000,33421,45000,0.0293333333333333,0.742688888888889,0.742688888888889,0.386011111111111,72,0.0969066656041655,100,90000,pilot; adaptive/event-or-cap stopping
exact-threshold,e2,results/noisy_channel_tradeoffs/server_full/exact-threshold/e2/summary_noisy_channel_tradeoff.mat,results/noisy_channel_tradeoffs/server_full/exact-threshold/e2/E2_0p05_Rc_0p5/points/result_n_36_awgn_ebno_p1p0.mat,36,7,126,0.05,0.5,1,1381,46800,205,46800,0.029508547008547,0.00438034188034188,0.029508547008547,0.0169444444444444,72,0.0969066656041655,104,93600,pilot; adaptive/event-or-cap stopping
exact-threshold,e2,results/noisy_channel_tradeoffs/server_full/exact-threshold/e2/summary_noisy_channel_tradeoff.mat,results/noisy_channel_tradeoffs/server_full/exact-threshold/e2/E2_0p05_Rc_0p5/points/result_n_36_awgn_ebno_p1p25.mat,36,7,126,0.05,0.5,1.25,7501,255600,200,255600,0.0293466353677621,0.000782472613458529,0.0293466353677621,0.0150645539906103,72,0.0969066656041655,568,511200,pilot; adaptive/event-or-cap stopping
exact-threshold,e2,results/noisy_channel_tradeoffs/server_full/exact-threshold/e2/summary_noisy_channel_tradeoff.mat,results/noisy_channel_tradeoffs/server_full/exact-threshold/e2/E2_0p05_Rc_0p5/points/result_n_36_awgn_ebno_p1p5.mat,36,7,126,0.05,0.5,1.5,29523,1000800,147,1000800,0.0294994004796163,0.000146882494004796,0.0294994004796163,0.0148231414868106,72,0.0969066656041655,2224,2001600,pilot; adaptive/event-or-cap stopping
exact-threshold,e2,results/noisy_channel_tradeoffs/server_full/exact-threshold/e2/summary_noisy_channel_tradeoff.mat,results/noisy_channel_tradeoffs/server_full/exact-threshold/e2/E2_0p05_Rc_0p5/points/result_n_36_awgn_ebno_p1p75.mat,36,7,126,0.05,0.5,1.75,29523,1000800,49,1000800,0.0294994004796163,4.89608313349321e-05,0.0294994004796163,0.0147741806554756,72,0.0969066656041655,2224,2001600,pilot; adaptive/event-or-cap stopping
exact-threshold,e2,results/noisy_channel_tradeoffs/server_full/exact-threshold/e2/summary_noisy_channel_tradeoff.mat,results/noisy_channel_tradeoffs/server_full/exact-threshold/e2/E2_0p05_Rc_0p5/points/result_n_36_awgn_ebno_p2p0.mat,36,7,126,0.05,0.5,2,29525,1000800,13,1000800,0.0295013988808953,1.29896083133493e-05,0.0295013988808953,0.0147571942446043,72,0.0969066656041655,2224,2001600,pilot; adaptive/event-or-cap stopping
exact-threshold,e2,results/noisy_channel_tradeoffs/server_full/exact-threshold/e2/summary_noisy_channel_tradeoff.mat,results/noisy_channel_tradeoffs/server_full/exact-threshold/e2/E2_0p05_Rc_0p5/points/result_n_36_awgn_ebno_p2p25.mat,36,7,126,0.05,0.5,2.25,29525,1000800,2,1000800,0.0295013988808953,1.99840127897682e-06,0.0295013988808953,0.0147516986410871,72,0.0969066656041655,2224,2001600,pilot; adaptive/event-or-cap stopping
exact-threshold,e2,results/noisy_channel_tradeoffs/server_full/exact-threshold/e2/summary_noisy_channel_tradeoff.mat,results/noisy_channel_tradeoffs/server_full/exact-threshold/e2/E2_0p05_Rc_0p5/points/result_n_36_awgn_ebno_p2p5.mat,36,7,126,0.05,0.5,2.5,29525,1000800,1,1000800,0.0295013988808953,9.99200639488409e-07,0.0295013988808953,0.0147511990407674,72,0.0969066656041655,2224,2001600,pilot; adaptive/event-or-cap stopping
exact-threshold,e2,results/noisy_channel_tradeoffs/server_full/exact-threshold/e2/summary_noisy_channel_tradeoff.mat,results/noisy_channel_tradeoffs/server_full/exact-threshold/e2/E2_0p05_Rc_0p5/points/result_n_36_awgn_ebno_p2p75.mat,36,7,126,0.05,0.5,2.75,29525,1000800,2,1000800,0.0295013988808953,1.99840127897682e-06,0.0295013988808953,0.0147516986410871,72,0.0969066656041655,2224,2001600,pilot; adaptive/event-or-cap stopping
exact-threshold,e2,results/noisy_channel_tradeoffs/server_full/exact-threshold/e2/summary_noisy_channel_tradeoff.mat,results/noisy_channel_tradeoffs/server_full/exact-threshold/e2/E2_0p05_Rc_0p5/points/result_n_36_awgn_ebno_p3p0.mat,36,7,126,0.05,0.5,3,29525,1000800,0,1000800,0.0295013988808953,0,0.0295013988808953,0.0147506994404476,72,0.0969066656041655,2224,2001600,pilot; adaptive/event-or-cap stopping
exact-threshold,e2,results/noisy_channel_tradeoffs/server_full/exact-threshold/e2/summary_noisy_channel_tradeoff.mat,results/noisy_channel_tradeoffs/server_full/exact-threshold/e2/E2_0p1_Rc_0p5/points/result_n_36_awgn_ebno_p0p0.mat,36,5,90,0.1,0.5,0,687,45000,43930,45000,0.0152666666666667,0.976222222222222,0.976222222222222,0.495744444444444,72,0.0901646263379121,100,90000,pilot; adaptive/event-or-cap stopping
exact-threshold,e2,results/noisy_channel_tradeoffs/server_full/exact-threshold/e2/summary_noisy_channel_tradeoff.mat,results/noisy_channel_tradeoffs/server_full/exact-threshold/e2/E2_0p1_Rc_0p5/points/result_n_36_awgn_ebno_p0p25.mat,36,5,90,0.1,0.5,0.25,682,45000,43741,45000,0.0151555555555556,0.972022222222222,0.972022222222222,0.493588888888889,72,0.0901646263379121,100,90000,pilot; adaptive/event-or-cap stopping
exact-threshold,e2,results/noisy_channel_tradeoffs/server_full/exact-threshold/e2/summary_noisy_channel_tradeoff.mat,results/noisy_channel_tradeoffs/server_full/exact-threshold/e2/E2_0p1_Rc_0p5/points/result_n_36_awgn_ebno_p0p5.mat,36,5,90,0.1,0.5,0.5,669,45000,43213,45000,0.0148666666666667,0.960288888888889,0.960288888888889,0.487577777777778,72,0.0901646263379121,100,90000,pilot; adaptive/event-or-cap stopping
exact-threshold,e2,results/noisy_channel_tradeoffs/server_full/exact-threshold/e2/summary_noisy_channel_tradeoff.mat,results/noisy_channel_tradeoffs/server_full/exact-threshold/e2/E2_0p1_Rc_0p5/points/result_n_36_awgn_ebno_p0p75.mat,36,5,90,0.1,0.5,0.75,667,45000,35044,45000,0.0148222222222222,0.778755555555556,0.778755555555556,0.396788888888889,72,0.0901646263379121,100,90000,pilot; adaptive/event-or-cap stopping
exact-threshold,e2,results/noisy_channel_tradeoffs/server_full/exact-threshold/e2/summary_noisy_channel_tradeoff.mat,results/noisy_channel_tradeoffs/server_full/exact-threshold/e2/E2_0p1_Rc_0p5/points/result_n_36_awgn_ebno_p1p0.mat,36,5,90,0.1,0.5,1,855,54000,204,54000,0.0158333333333333,0.00377777777777778,0.0158333333333333,0.00980555555555556,72,0.0901646263379121,120,108000,pilot; adaptive/event-or-cap stopping
exact-threshold,e2,results/noisy_channel_tradeoffs/server_full/exact-threshold/e2/summary_noisy_channel_tradeoff.mat,results/noisy_channel_tradeoffs/server_full/exact-threshold/e2/E2_0p1_Rc_0p5/points/result_n_36_awgn_ebno_p1p25.mat,36,5,90,0.1,0.5,1.25,4189,270000,201,270000,0.0155148148148148,0.000744444444444444,0.0155148148148148,0.00812962962962963,72,0.0901646263379121,600,540000,pilot; adaptive/event-or-cap stopping
exact-threshold,e2,results/noisy_channel_tradeoffs/server_full/exact-threshold/e2/summary_noisy_channel_tradeoff.mat,results/noisy_channel_tradeoffs/server_full/exact-threshold/e2/E2_0p1_Rc_0p5/points/result_n_36_awgn_ebno_p1p5.mat,36,5,90,0.1,0.5,1.5,15346,1000800,158,1000800,0.0153337330135891,0.000157873701039169,0.0153337330135891,0.00774580335731415,72,0.0901646263379121,2224,2001600,pilot; adaptive/event-or-cap stopping
exact-threshold,e2,results/noisy_channel_tradeoffs/server_full/exact-threshold/e2/summary_noisy_channel_tradeoff.mat,results/noisy_channel_tradeoffs/server_full/exact-threshold/e2/E2_0p1_Rc_0p5/points/result_n_36_awgn_ebno_p1p75.mat,36,5,90,0.1,0.5,1.75,15347,1000800,29,1000800,0.0153347322142286,2.89768185451639e-05,0.0153347322142286,0.00768185451638689,72,0.0901646263379121,2224,2001600,pilot; adaptive/event-or-cap stopping
exact-threshold,e2,results/noisy_channel_tradeoffs/server_full/exact-threshold/e2/summary_noisy_channel_tradeoff.mat,results/noisy_channel_tradeoffs/server_full/exact-threshold/e2/E2_0p1_Rc_0p5/points/result_n_36_awgn_ebno_p2p0.mat,36,5,90,0.1,0.5,2,15346,1000800,10,1000800,0.0153337330135891,9.99200639488409e-06,0.0153337330135891,0.00767186250999201,72,0.0901646263379121,2224,2001600,pilot; adaptive/event-or-cap stopping
exact-threshold,e2,results/noisy_channel_tradeoffs/server_full/exact-threshold/e2/summary_noisy_channel_tradeoff.mat,results/noisy_channel_tradeoffs/server_full/exact-threshold/e2/E2_0p1_Rc_0p5/points/result_n_36_awgn_ebno_p2p25.mat,36,5,90,0.1,0.5,2.25,15346,1000800,5,1000800,0.0153337330135891,4.99600319744205e-06,0.0153337330135891,0.00766936450839329,72,0.0901646263379121,2224,2001600,pilot; adaptive/event-or-cap stopping
exact-threshold,e2,results/noisy_channel_tradeoffs/server_full/exact-threshold/e2/summary_noisy_channel_tradeoff.mat,results/noisy_channel_tradeoffs/server_full/exact-threshold/e2/E2_0p1_Rc_0p5/points/result_n_36_awgn_ebno_p2p5.mat,36,5,90,0.1,0.5,2.5,15346,1000800,0,1000800,0.0153337330135891,0,0.0153337330135891,0.00766686650679456,72,0.0901646263379121,2224,2001600,pilot; adaptive/event-or-cap stopping
exact-threshold,e2,results/noisy_channel_tradeoffs/server_full/exact-threshold/e2/summary_noisy_channel_tradeoff.mat,results/noisy_channel_tradeoffs/server_full/exact-threshold/e2/E2_0p1_Rc_0p5/points/result_n_36_awgn_ebno_p2p75.mat,36,5,90,0.1,0.5,2.75,15346,1000800,0,1000800,0.0153337330135891,0,0.0153337330135891,0.00766686650679456,72,0.0901646263379121,2224,2001600,pilot; adaptive/event-or-cap stopping
exact-threshold,e2,results/noisy_channel_tradeoffs/server_full/exact-threshold/e2/summary_noisy_channel_tradeoff.mat,results/noisy_channel_tradeoffs/server_full/exact-threshold/e2/E2_0p1_Rc_0p5/points/result_n_36_awgn_ebno_p3p0.mat,36,5,90,0.1,0.5,3,15346,1000800,0,1000800,0.0153337330135891,0,0.0153337330135891,0.00766686650679456,72,0.0901646263379121,2224,2001600,pilot; adaptive/event-or-cap stopping
exact-threshold,e2,results/noisy_channel_tradeoffs/server_full/exact-threshold/e2/summary_noisy_channel_tradeoff.mat,results/noisy_channel_tradeoffs/server_full/exact-threshold/e2/E2_0p15_Rc_0p5/points/result_n_36_awgn_ebno_p0p0.mat,36,3,54,0.15,0.5,0,255,45000,44006,45000,0.00566666666666667,0.977911111111111,0.977911111111111,0.491788888888889,72,0.0799289930856037,100,90000,pilot; adaptive/event-or-cap stopping
exact-threshold,e2,results/noisy_channel_tradeoffs/server_full/exact-threshold/e2/summary_noisy_channel_tradeoff.mat,results/noisy_channel_tradeoffs/server_full/exact-threshold/e2/E2_0p15_Rc_0p5/points/result_n_36_awgn_ebno_p0p25.mat,36,3,54,0.15,0.5,0.25,250,45000,43743,45000,0.00555555555555556,0.972066666666667,0.972066666666667,0.488811111111111,72,0.0799289930856037,100,90000,pilot; adaptive/event-or-cap stopping
exact-threshold,e2,results/noisy_channel_tradeoffs/server_full/exact-threshold/e2/summary_noisy_channel_tradeoff.mat,results/noisy_channel_tradeoffs/server_full/exact-threshold/e2/E2_0p15_Rc_0p5/points/result_n_36_awgn_ebno_p0p5.mat,36,3,54,0.15,0.5,0.5,228,45000,43072,45000,0.00506666666666667,0.957155555555556,0.957155555555556,0.481111111111111,72,0.0799289930856037,100,90000,pilot; adaptive/event-or-cap stopping
exact-threshold,e2,results/noisy_channel_tradeoffs/server_full/exact-threshold/e2/summary_noisy_channel_tradeoff.mat,results/noisy_channel_tradeoffs/server_full/exact-threshold/e2/E2_0p15_Rc_0p5/points/result_n_36_awgn_ebno_p0p75.mat,36,3,54,0.15,0.5,0.75,218,45000,33215,45000,0.00484444444444444,0.738111111111111,0.738111111111111,0.371477777777778,72,0.0799289930856037,100,90000,pilot; adaptive/event-or-cap stopping
exact-threshold,e2,results/noisy_channel_tradeoffs/server_full/exact-threshold/e2/summary_noisy_channel_tradeoff.mat,results/noisy_channel_tradeoffs/server_full/exact-threshold/e2/E2_0p15_Rc_0p5/points/result_n_36_awgn_ebno_p1p0.mat,36,3,54,0.15,0.5,1,302,55800,208,55800,0.00541218637992832,0.00372759856630824,0.00541218637992832,0.00456989247311828,72,0.0799289930856037,124,111600,pilot; adaptive/event-or-cap stopping
exact-threshold,e2,results/noisy_channel_tradeoffs/server_full/exact-threshold/e2/summary_noisy_channel_tradeoff.mat,results/noisy_channel_tradeoffs/server_full/exact-threshold/e2/E2_0p15_Rc_0p5/points/result_n_36_awgn_ebno_p1p25.mat,36,3,54,0.15,0.5,1.25,1408,262800,200,262800,0.00535768645357686,0.00076103500761035,0.00535768645357686,0.00305936073059361,72,0.0799289930856037,584,525600,pilot; adaptive/event-or-cap stopping
exact-threshold,e2,results/noisy_channel_tradeoffs/server_full/exact-threshold/e2/summary_noisy_channel_tradeoff.mat,results/noisy_channel_tradeoffs/server_full/exact-threshold/e2/E2_0p15_Rc_0p5/points/result_n_36_awgn_ebno_p1p5.mat,36,3,54,0.15,0.5,1.5,5317,1000800,164,1000800,0.00531274980015987,0.000163868904876099,0.00531274980015987,0.00273830935251799,72,0.0799289930856037,2224,2001600,pilot; adaptive/event-or-cap stopping
exact-threshold,e2,results/noisy_channel_tradeoffs/server_full/exact-threshold/e2/summary_noisy_channel_tradeoff.mat,results/noisy_channel_tradeoffs/server_full/exact-threshold/e2/E2_0p15_Rc_0p5/points/result_n_36_awgn_ebno_p1p75.mat,36,3,54,0.15,0.5,1.75,5316,1000800,29,1000800,0.00531175059952038,2.89768185451639e-05,0.00531175059952038,0.00267036370903277,72,0.0799289930856037,2224,2001600,pilot; adaptive/event-or-cap stopping
exact-threshold,e2,results/noisy_channel_tradeoffs/server_full/exact-threshold/e2/summary_noisy_channel_tradeoff.mat,results/noisy_channel_tradeoffs/server_full/exact-threshold/e2/E2_0p15_Rc_0p5/points/result_n_36_awgn_ebno_p2p0.mat,36,3,54,0.15,0.5,2,5318,1000800,4,1000800,0.00531374900079936,3.99680255795364e-06,0.00531374900079936,0.00265887290167866,72,0.0799289930856037,2224,2001600,pilot; adaptive/event-or-cap stopping
exact-threshold,e2,results/noisy_channel_tradeoffs/server_full/exact-threshold/e2/summary_noisy_channel_tradeoff.mat,results/noisy_channel_tradeoffs/server_full/exact-threshold/e2/E2_0p15_Rc_0p5/points/result_n_36_awgn_ebno_p2p25.mat,36,3,54,0.15,0.5,2.25,5318,1000800,2,1000800,0.00531374900079936,1.99840127897682e-06,0.00531374900079936,0.00265787370103917,72,0.0799289930856037,2224,2001600,pilot; adaptive/event-or-cap stopping
exact-threshold,e2,results/noisy_channel_tradeoffs/server_full/exact-threshold/e2/summary_noisy_channel_tradeoff.mat,results/noisy_channel_tradeoffs/server_full/exact-threshold/e2/E2_0p15_Rc_0p5/points/result_n_36_awgn_ebno_p2p5.mat,36,3,54,0.15,0.5,2.5,5318,1000800,1,1000800,0.00531374900079936,9.99200639488409e-07,0.00531374900079936,0.00265737410071942,72,0.0799289930856037,2224,2001600,pilot; adaptive/event-or-cap stopping
exact-threshold,e2,results/noisy_channel_tradeoffs/server_full/exact-threshold/e2/summary_noisy_channel_tradeoff.mat,results/noisy_channel_tradeoffs/server_full/exact-threshold/e2/E2_0p15_Rc_0p5/points/result_n_36_awgn_ebno_p2p75.mat,36,3,54,0.15,0.5,2.75,5318,1000800,0,1000800,0.00531374900079936,0,0.00531374900079936,0.00265687450039968,72,0.0799289930856037,2224,2001600,pilot; adaptive/event-or-cap stopping
exact-threshold,e2,results/noisy_channel_tradeoffs/server_full/exact-threshold/e2/summary_noisy_channel_tradeoff.mat,results/noisy_channel_tradeoffs/server_full/exact-threshold/e2/E2_0p15_Rc_0p5/points/result_n_36_awgn_ebno_p3p0.mat,36,3,54,0.15,0.5,3,5318,1000800,1,1000800,0.00531374900079936,9.99200639488409e-07,0.00531374900079936,0.00265737410071942,72,0.0799289930856037,2224,2001600,pilot; adaptive/event-or-cap stopping
exact-threshold,e2,results/noisy_channel_tradeoffs/server_full/exact-threshold/e2/summary_noisy_channel_tradeoff.mat,results/noisy_channel_tradeoffs/server_full/exact-threshold/e2/E2_0p2_Rc_0p5/points/result_n_36_awgn_ebno_p0p0.mat,36,2,36,0.2,0.5,0,201,75600,73064,75600,0.00265873015873016,0.966455026455026,0.966455026455026,0.484556878306878,72,0.071804513908921,168,151200,pilot; adaptive/event-or-cap stopping
exact-threshold,e2,results/noisy_channel_tradeoffs/server_full/exact-threshold/e2/summary_noisy_channel_tradeoff.mat,results/noisy_channel_tradeoffs/server_full/exact-threshold/e2/E2_0p2_Rc_0p5/points/result_n_36_awgn_ebno_p0p25.mat,36,2,36,0.2,0.5,0.25,200,81000,77438,81000,0.00246913580246914,0.956024691358025,0.956024691358025,0.479246913580247,72,0.071804513908921,180,162000,pilot; adaptive/event-or-cap stopping
exact-threshold,e2,results/noisy_channel_tradeoffs/server_full/exact-threshold/e2/summary_noisy_channel_tradeoff.mat,results/noisy_channel_tradeoffs/server_full/exact-threshold/e2/E2_0p2_Rc_0p5/points/result_n_36_awgn_ebno_p0p5.mat,36,2,36,0.2,0.5,0.5,201,73800,69339,73800,0.00272357723577236,0.939552845528455,0.939552845528455,0.471138211382114,72,0.071804513908921,164,147600,pilot; adaptive/event-or-cap stopping
exact-threshold,e2,results/noisy_channel_tradeoffs/server_full/exact-threshold/e2/summary_noisy_channel_tradeoff.mat,results/noisy_channel_tradeoffs/server_full/exact-threshold/e2/E2_0p2_Rc_0p5/points/result_n_36_awgn_ebno_p0p75.mat,36,2,36,0.2,0.5,0.75,203,88200,57947,88200,0.0023015873015873,0.656995464852608,0.656995464852608,0.329648526077097,72,0.071804513908921,196,176400,pilot; adaptive/event-or-cap stopping
exact-threshold,e2,results/noisy_channel_tradeoffs/server_full/exact-threshold/e2/summary_noisy_channel_tradeoff.mat,results/noisy_channel_tradeoffs/server_full/exact-threshold/e2/E2_0p2_Rc_0p5/points/result_n_36_awgn_ebno_p1p0.mat,36,2,36,0.2,0.5,1,200,93600,362,93600,0.00213675213675214,0.00386752136752137,0.00386752136752137,0.00300213675213675,72,0.071804513908921,208,187200,pilot; adaptive/event-or-cap stopping
exact-threshold,e2,results/noisy_channel_tradeoffs/server_full/exact-threshold/e2/summary_noisy_channel_tradeoff.mat,results/noisy_channel_tradeoffs/server_full/exact-threshold/e2/E2_0p2_Rc_0p5/points/result_n_36_awgn_ebno_p1p25.mat,36,2,36,0.2,0.5,1.25,797,340200,203,340200,0.00234273956496179,0.000596707818930041,0.00234273956496179,0.00146972369194591,72,0.071804513908921,756,680400,pilot; adaptive/event-or-cap stopping
exact-threshold,e2,results/noisy_channel_tradeoffs/server_full/exact-threshold/e2/summary_noisy_channel_tradeoff.mat,results/noisy_channel_tradeoffs/server_full/exact-threshold/e2/E2_0p2_Rc_0p5/points/result_n_36_awgn_ebno_p1p5.mat,36,2,36,0.2,0.5,1.5,2427,1000800,155,1000800,0.00242505995203837,0.000154876099120703,0.00242505995203837,0.00128996802557954,72,0.071804513908921,2224,2001600,pilot; adaptive/event-or-cap stopping
exact-threshold,e2,results/noisy_channel_tradeoffs/server_full/exact-threshold/e2/summary_noisy_channel_tradeoff.mat,results/noisy_channel_tradeoffs/server_full/exact-threshold/e2/E2_0p2_Rc_0p5/points/result_n_36_awgn_ebno_p1p75.mat,36,2,36,0.2,0.5,1.75,2427,1000800,36,1000800,0.00242505995203837,3.59712230215827e-05,0.00242505995203837,0.00123051558752998,72,0.071804513908921,2224,2001600,pilot; adaptive/event-or-cap stopping
exact-threshold,e2,results/noisy_channel_tradeoffs/server_full/exact-threshold/e2/summary_noisy_channel_tradeoff.mat,results/noisy_channel_tradeoffs/server_full/exact-threshold/e2/E2_0p2_Rc_0p5/points/result_n_36_awgn_ebno_p2p0.mat,36,2,36,0.2,0.5,2,2427,1000800,4,1000800,0.00242505995203837,3.99680255795364e-06,0.00242505995203837,0.00121452837729816,72,0.071804513908921,2224,2001600,pilot; adaptive/event-or-cap stopping
exact-threshold,e2,results/noisy_channel_tradeoffs/server_full/exact-threshold/e2/summary_noisy_channel_tradeoff.mat,results/noisy_channel_tradeoffs/server_full/exact-threshold/e2/E2_0p2_Rc_0p5/points/result_n_36_awgn_ebno_p2p25.mat,36,2,36,0.2,0.5,2.25,2427,1000800,1,1000800,0.00242505995203837,9.99200639488409e-07,0.00242505995203837,0.00121302957633893,72,0.071804513908921,2224,2001600,pilot; adaptive/event-or-cap stopping
exact-threshold,e2,results/noisy_channel_tradeoffs/server_full/exact-threshold/e2/summary_noisy_channel_tradeoff.mat,results/noisy_channel_tradeoffs/server_full/exact-threshold/e2/E2_0p2_Rc_0p5/points/result_n_36_awgn_ebno_p2p5.mat,36,2,36,0.2,0.5,2.5,2427,1000800,2,1000800,0.00242505995203837,1.99840127897682e-06,0.00242505995203837,0.00121352917665867,72,0.071804513908921,2224,2001600,pilot; adaptive/event-or-cap stopping
exact-threshold,e2,results/noisy_channel_tradeoffs/server_full/exact-threshold/e2/summary_noisy_channel_tradeoff.mat,results/noisy_channel_tradeoffs/server_full/exact-threshold/e2/E2_0p2_Rc_0p5/points/result_n_36_awgn_ebno_p2p75.mat,36,2,36,0.2,0.5,2.75,2427,1000800,0,1000800,0.00242505995203837,0,0.00242505995203837,0.00121252997601918,72,0.071804513908921,2224,2001600,pilot; adaptive/event-or-cap stopping
exact-threshold,e2,results/noisy_channel_tradeoffs/server_full/exact-threshold/e2/summary_noisy_channel_tradeoff.mat,results/noisy_channel_tradeoffs/server_full/exact-threshold/e2/E2_0p2_Rc_0p5/points/result_n_36_awgn_ebno_p3p0.mat,36,2,36,0.2,0.5,3,2427,1000800,0,1000800,0.00242505995203837,0,0.00242505995203837,0.00121252997601918,72,0.071804513908921,2224,2001600,pilot; adaptive/event-or-cap stopping
exact-threshold,e2,results/noisy_channel_tradeoffs/server_full/exact-threshold/e2/summary_noisy_channel_tradeoff.mat,results/noisy_channel_tradeoffs/server_full/exact-threshold/e2/E2_0p05_Rc_0p5/points/result_n_42_awgn_ebno_p0p0.mat,42,13,273,0.05,0.5,0,720,38550,37805,38550,0.0186770428015564,0.980674448767834,0.980674448767834,0.499675745784695,84.0466926070039,0.0962888233896482,100,77100,pilot; adaptive/event-or-cap stopping
exact-threshold,e2,results/noisy_channel_tradeoffs/server_full/exact-threshold/e2/summary_noisy_channel_tradeoff.mat,results/noisy_channel_tradeoffs/server_full/exact-threshold/e2/E2_0p05_Rc_0p5/points/result_n_42_awgn_ebno_p0p25.mat,42,13,273,0.05,0.5,0.25,681,38550,37726,38550,0.0176653696498054,0.978625162127108,0.978625162127108,0.498145265888457,84.0466926070039,0.0962888233896482,100,77100,pilot; adaptive/event-or-cap stopping
exact-threshold,e2,results/noisy_channel_tradeoffs/server_full/exact-threshold/e2/summary_noisy_channel_tradeoff.mat,results/noisy_channel_tradeoffs/server_full/exact-threshold/e2/E2_0p05_Rc_0p5/points/result_n_42_awgn_ebno_p0p5.mat,42,13,273,0.05,0.5,0.5,674,38550,37613,38550,0.0174837872892348,0.975693904020752,0.975693904020752,0.496588845654994,84.0466926070039,0.0962888233896482,100,77100,pilot; adaptive/event-or-cap stopping
exact-threshold,e2,results/noisy_channel_tradeoffs/server_full/exact-threshold/e2/summary_noisy_channel_tradeoff.mat,results/noisy_channel_tradeoffs/server_full/exact-threshold/e2/E2_0p05_Rc_0p5/points/result_n_42_awgn_ebno_p0p75.mat,42,13,273,0.05,0.5,0.75,665,38550,29310,38550,0.0172503242542153,0.760311284046693,0.760311284046693,0.388780804150454,84.0466926070039,0.0962888233896482,100,77100,pilot; adaptive/event-or-cap stopping
exact-threshold,e2,results/noisy_channel_tradeoffs/server_full/exact-threshold/e2/summary_noisy_channel_tradeoff.mat,results/noisy_channel_tradeoffs/server_full/exact-threshold/e2/E2_0p05_Rc_0p5/points/result_n_42_awgn_ebno_p1p0.mat,42,13,273,0.05,0.5,1,701,40092,202,40092,0.0174847849945126,0.00503841165319765,0.0174847849945126,0.0112615983238551,84.0466926070039,0.0962888233896482,104,80184,pilot; adaptive/event-or-cap stopping
exact-threshold,e2,results/noisy_channel_tradeoffs/server_full/exact-threshold/e2/summary_noisy_channel_tradeoff.mat,results/noisy_channel_tradeoffs/server_full/exact-threshold/e2/E2_0p05_Rc_0p5/points/result_n_42_awgn_ebno_p1p25.mat,42,13,273,0.05,0.5,1.25,4213,243636,200,243636,0.0172921899883433,0.000820896747607086,0.0172921899883433,0.00905654336797518,84.0466926070039,0.0962888233896482,632,487272,pilot; adaptive/event-or-cap stopping
exact-threshold,e2,results/noisy_channel_tradeoffs/server_full/exact-threshold/e2/summary_noisy_channel_tradeoff.mat,results/noisy_channel_tradeoffs/server_full/exact-threshold/e2/E2_0p05_Rc_0p5/points/result_n_42_awgn_ebno_p1p5.mat,42,13,273,0.05,0.5,1.5,17555,1000758,196,1000758,0.0175417033888313,0.000195851544529247,0.0175417033888313,0.00886877746668026,84.0466926070039,0.0962888233896482,2596,2001516,pilot; adaptive/event-or-cap stopping
exact-threshold,e2,results/noisy_channel_tradeoffs/server_full/exact-threshold/e2/summary_noisy_channel_tradeoff.mat,results/noisy_channel_tradeoffs/server_full/exact-threshold/e2/E2_0p05_Rc_0p5/points/result_n_42_awgn_ebno_p1p75.mat,42,13,273,0.05,0.5,1.75,17548,1000758,60,1000758,0.0175347086908124,5.99545544477286e-05,0.0175347086908124,0.00879733162263005,84.0466926070039,0.0962888233896482,2596,2001516,pilot; adaptive/event-or-cap stopping
exact-threshold,e2,results/noisy_channel_tradeoffs/server_full/exact-threshold/e2/summary_noisy_channel_tradeoff.mat,results/noisy_channel_tradeoffs/server_full/exact-threshold/e2/E2_0p05_Rc_0p5/points/result_n_42_awgn_ebno_p2p0.mat,42,13,273,0.05,0.5,2,17549,1000758,14,1000758,0.0175357079333865,1.39893960378033e-05,0.0175357079333865,0.00877484866471215,84.0466926070039,0.0962888233896482,2596,2001516,pilot; adaptive/event-or-cap stopping
exact-threshold,e2,results/noisy_channel_tradeoffs/server_full/exact-threshold/e2/summary_noisy_channel_tradeoff.mat,results/noisy_channel_tradeoffs/server_full/exact-threshold/e2/E2_0p05_Rc_0p5/points/result_n_42_awgn_ebno_p2p25.mat,42,13,273,0.05,0.5,2.25,17549,1000758,5,1000758,0.0175357079333865,4.99621287064405e-06,0.0175357079333865,0.00877035207312857,84.0466926070039,0.0962888233896482,2596,2001516,pilot; adaptive/event-or-cap stopping
exact-threshold,e2,results/noisy_channel_tradeoffs/server_full/exact-threshold/e2/summary_noisy_channel_tradeoff.mat,results/noisy_channel_tradeoffs/server_full/exact-threshold/e2/E2_0p05_Rc_0p5/points/result_n_42_awgn_ebno_p2p5.mat,42,13,273,0.05,0.5,2.5,17549,1000758,0,1000758,0.0175357079333865,0,0.0175357079333865,0.00876785396669325,84.0466926070039,0.0962888233896482,2596,2001516,pilot; adaptive/event-or-cap stopping
exact-threshold,e2,results/noisy_channel_tradeoffs/server_full/exact-threshold/e2/summary_noisy_channel_tradeoff.mat,results/noisy_channel_tradeoffs/server_full/exact-threshold/e2/E2_0p05_Rc_0p5/points/result_n_42_awgn_ebno_p2p75.mat,42,13,273,0.05,0.5,2.75,17549,1000758,0,1000758,0.0175357079333865,0,0.0175357079333865,0.00876785396669325,84.0466926070039,0.0962888233896482,2596,2001516,pilot; adaptive/event-or-cap stopping
exact-threshold,e2,results/noisy_channel_tradeoffs/server_full/exact-threshold/e2/summary_noisy_channel_tradeoff.mat,results/noisy_channel_tradeoffs/server_full/exact-threshold/e2/E2_0p05_Rc_0p5/points/result_n_42_awgn_ebno_p3p0.mat,42,13,273,0.05,0.5,3,17549,1000758,0,1000758,0.0175357079333865,0,0.0175357079333865,0.00876785396669325,84.0466926070039,0.0962888233896482,2596,2001516,pilot; adaptive/event-or-cap stopping
exact-threshold,e2,results/noisy_channel_tradeoffs/server_full/exact-threshold/e2/summary_noisy_channel_tradeoff.mat,results/noisy_channel_tradeoffs/server_full/exact-threshold/e2/E2_0p1_Rc_0p5/points/result_n_42_awgn_ebno_p0p0.mat,42,8,168,0.1,0.5,0,269,38550,38196,38550,0.00697795071335927,0.990817120622568,0.990817120622568,0.498897535667964,84.0466926070039,0.0879548878543584,100,77100,pilot; adaptive/event-or-cap stopping
exact-threshold,e2,results/noisy_channel_tradeoffs/server_full/exact-threshold/e2/summary_noisy_channel_tradeoff.mat,results/noisy_channel_tradeoffs/server_full/exact-threshold/e2/E2_0p1_Rc_0p5/points/result_n_42_awgn_ebno_p0p25.mat,42,8,168,0.1,0.5,0.25,236,38550,38108,38550,0.0061219195849546,0.988534370946822,0.988534370946822,0.497328145265888,84.0466926070039,0.0879548878543584,100,77100,pilot; adaptive/event-or-cap stopping
exact-threshold,e2,results/noisy_channel_tradeoffs/server_full/exact-threshold/e2/summary_noisy_channel_tradeoff.mat,results/noisy_channel_tradeoffs/server_full/exact-threshold/e2/E2_0p1_Rc_0p5/points/result_n_42_awgn_ebno_p0p5.mat,42,8,168,0.1,0.5,0.5,248,38550,37877,38550,0.00643320363164721,0.98254215304799,0.98254215304799,0.494487678339818,84.0466926070039,0.0879548878543584,100,77100,pilot; adaptive/event-or-cap stopping
exact-threshold,e2,results/noisy_channel_tradeoffs/server_full/exact-threshold/e2/summary_noisy_channel_tradeoff.mat,results/noisy_channel_tradeoffs/server_full/exact-threshold/e2/E2_0p1_Rc_0p5/points/result_n_42_awgn_ebno_p0p75.mat,42,8,168,0.1,0.5,0.75,257,38550,29448,38550,0.00666666666666667,0.763891050583658,0.763891050583658,0.385278858625162,84.0466926070039,0.0879548878543584,100,77100,pilot; adaptive/event-or-cap stopping
exact-threshold,e2,results/noisy_channel_tradeoffs/server_full/exact-threshold/e2/summary_noisy_channel_tradeoff.mat,results/noisy_channel_tradeoffs/server_full/exact-threshold/e2/E2_0p1_Rc_0p5/points/result_n_42_awgn_ebno_p1p0.mat,42,8,168,0.1,0.5,1,309,43176,202,43176,0.00715675375208449,0.00467852510654067,0.00715675375208449,0.00591763942931258,84.0466926070039,0.0879548878543584,112,86352,pilot; adaptive/event-or-cap stopping
exact-threshold,e2,results/noisy_channel_tradeoffs/server_full/exact-threshold/e2/summary_noisy_channel_tradeoff.mat,results/noisy_channel_tradeoffs/server_full/exact-threshold/e2/E2_0p1_Rc_0p5/points/result_n_42_awgn_ebno_p1p25.mat,42,8,168,0.1,0.5,1.25,1536,225132,200,225132,0.00682266403709824,0.000888367713163833,0.00682266403709824,0.00385551587513103,84.0466926070039,0.0879548878543584,584,450264,pilot; adaptive/event-or-cap stopping
exact-threshold,e2,results/noisy_channel_tradeoffs/server_full/exact-threshold/e2/summary_noisy_channel_tradeoff.mat,results/noisy_channel_tradeoffs/server_full/exact-threshold/e2/E2_0p1_Rc_0p5/points/result_n_42_awgn_ebno_p1p5.mat,42,8,168,0.1,0.5,1.5,6693,1000758,198,1000758,0.00668793054864413,0.000197850029677504,0.00668793054864413,0.00344289028916082,84.0466926070039,0.0879548878543584,2596,2001516,pilot; adaptive/event-or-cap stopping
exact-threshold,e2,results/noisy_channel_tradeoffs/server_full/exact-threshold/e2/summary_noisy_channel_tradeoff.mat,results/noisy_channel_tradeoffs/server_full/exact-threshold/e2/E2_0p1_Rc_0p5/points/result_n_42_awgn_ebno_p1p75.mat,42,8,168,0.1,0.5,1.75,6693,1000758,48,1000758,0.00668793054864413,4.79636435581829e-05,0.00668793054864413,0.00336794709610116,84.0466926070039,0.0879548878543584,2596,2001516,pilot; adaptive/event-or-cap stopping
exact-threshold,e2,results/noisy_channel_tradeoffs/server_full/exact-threshold/e2/summary_noisy_channel_tradeoff.mat,results/noisy_channel_tradeoffs/server_full/exact-threshold/e2/E2_0p1_Rc_0p5/points/result_n_42_awgn_ebno_p2p0.mat,42,8,168,0.1,0.5,2,6693,1000758,13,1000758,0.00668793054864413,1.29901534636745e-05,0.00668793054864413,0.0033504603510539,84.0466926070039,0.0879548878543584,2596,2001516,pilot; adaptive/event-or-cap stopping
exact-threshold,e2,results/noisy_channel_tradeoffs/server_full/exact-threshold/e2/summary_noisy_channel_tradeoff.mat,results/noisy_channel_tradeoffs/server_full/exact-threshold/e2/E2_0p1_Rc_0p5/points/result_n_42_awgn_ebno_p2p25.mat,42,8,168,0.1,0.5,2.25,6693,1000758,5,1000758,0.00668793054864413,4.99621287064405e-06,0.00668793054864413,0.00334646338075739,84.0466926070039,0.0879548878543584,2596,2001516,pilot; adaptive/event-or-cap stopping
exact-threshold,e2,results/noisy_channel_tradeoffs/server_full/exact-threshold/e2/summary_noisy_channel_tradeoff.mat,results/noisy_channel_tradeoffs/server_full/exact-threshold/e2/E2_0p1_Rc_0p5/points/result_n_42_awgn_ebno_p2p5.mat,42,8,168,0.1,0.5,2.5,6693,1000758,4,1000758,0.00668793054864413,3.99697029651524e-06,0.00668793054864413,0.00334596375947032,84.0466926070039,0.0879548878543584,2596,2001516,pilot; adaptive/event-or-cap stopping
exact-threshold,e2,results/noisy_channel_tradeoffs/server_full/exact-threshold/e2/summary_noisy_channel_tradeoff.mat,results/noisy_channel_tradeoffs/server_full/exact-threshold/e2/E2_0p1_Rc_0p5/points/result_n_42_awgn_ebno_p2p75.mat,42,8,168,0.1,0.5,2.75,6693,1000758,1,1000758,0.00668793054864413,9.9924257412881e-07,0.00668793054864413,0.00334446489560913,84.0466926070039,0.0879548878543584,2596,2001516,pilot; adaptive/event-or-cap stopping
exact-threshold,e2,results/noisy_channel_tradeoffs/server_full/exact-threshold/e2/summary_noisy_channel_tradeoff.mat,results/noisy_channel_tradeoffs/server_full/exact-threshold/e2/E2_0p1_Rc_0p5/points/result_n_42_awgn_ebno_p3p0.mat,42,8,168,0.1,0.5,3,6693,1000758,0,1000758,0.00668793054864413,0,0.00668793054864413,0.00334396527432206,84.0466926070039,0.0879548878543584,2596,2001516,pilot; adaptive/event-or-cap stopping
exact-threshold,e2,results/noisy_channel_tradeoffs/server_full/exact-threshold/e2/summary_noisy_channel_tradeoff.mat,results/noisy_channel_tradeoffs/server_full/exact-threshold/e2/E2_0p15_Rc_0p5/points/result_n_42_awgn_ebno_p0p0.mat,42,4,84,0.15,0.5,0,201,112566,111650,112566,0.0017856191034593,0.991862551747419,0.991862551747419,0.496824085425439,84.0466926070039,0.0760567397062102,292,225132,pilot; adaptive/event-or-cap stopping
exact-threshold,e2,results/noisy_channel_tradeoffs/server_full/exact-threshold/e2/summary_noisy_channel_tradeoff.mat,results/noisy_channel_tradeoffs/server_full/exact-threshold/e2/E2_0p15_Rc_0p5/points/result_n_42_awgn_ebno_p0p25.mat,42,4,84,0.15,0.5,0.25,200,123360,121993,123360,0.00162127107652399,0.988918612191959,0.988918612191959,0.495269941634241,84.0466926070039,0.0760567397062102,320,246720,pilot; adaptive/event-or-cap stopping
exact-threshold,e2,results/noisy_channel_tradeoffs/server_full/exact-threshold/e2/summary_noisy_channel_tradeoff.mat,results/noisy_channel_tradeoffs/server_full/exact-threshold/e2/E2_0p15_Rc_0p5/points/result_n_42_awgn_ebno_p0p5.mat,42,4,84,0.15,0.5,0.5,206,129528,127061,129528,0.00159038972268544,0.980953925020073,0.980953925020073,0.491272157371379,84.0466926070039,0.0760567397062102,336,259056,pilot; adaptive/event-or-cap stopping
exact-threshold,e2,results/noisy_channel_tradeoffs/server_full/exact-threshold/e2/summary_noisy_channel_tradeoff.mat,results/noisy_channel_tradeoffs/server_full/exact-threshold/e2/E2_0p15_Rc_0p5/points/result_n_42_awgn_ebno_p0p75.mat,42,4,84,0.15,0.5,0.75,202,120276,88850,120276,0.00167947055106588,0.738717616149523,0.738717616149523,0.370198543350294,84.0466926070039,0.0760567397062102,312,240552,pilot; adaptive/event-or-cap stopping
exact-threshold,e2,results/noisy_channel_tradeoffs/server_full/exact-threshold/e2/summary_noisy_channel_tradeoff.mat,results/noisy_channel_tradeoffs/server_full/exact-threshold/e2/E2_0p15_Rc_0p5/points/result_n_42_awgn_ebno_p1p0.mat,42,4,84,0.15,0.5,1,202,111024,490,111024,0.00181942643032137,0.00441346015275976,0.00441346015275976,0.00311644329154057,84.0466926070039,0.0760567397062102,288,222048,pilot; adaptive/event-or-cap stopping
exact-threshold,e2,results/noisy_channel_tradeoffs/server_full/exact-threshold/e2/summary_noisy_channel_tradeoff.mat,results/noisy_channel_tradeoffs/server_full/exact-threshold/e2/E2_0p15_Rc_0p5/points/result_n_42_awgn_ebno_p1p25.mat,42,4,84,0.15,0.5,1.25,450,260598,200,260598,0.00172679759629775,0.000767465598354554,0.00172679759629775,0.00124713159732615,84.0466926070039,0.0760567397062102,676,521196,pilot; adaptive/event-or-cap stopping
exact-threshold,e2,results/noisy_channel_tradeoffs/server_full/exact-threshold/e2/summary_noisy_channel_tradeoff.mat,results/noisy_channel_tradeoffs/server_full/exact-threshold/e2/E2_0p15_Rc_0p5/points/result_n_42_awgn_ebno_p1p5.mat,42,4,84,0.15,0.5,1.5,1692,1000758,175,1000758,0.00169071843542595,0.000174867450472542,0.00169071843542595,0.000932792942949245,84.0466926070039,0.0760567397062102,2596,2001516,pilot; adaptive/event-or-cap stopping
exact-threshold,e2,results/noisy_channel_tradeoffs/server_full/exact-threshold/e2/summary_noisy_channel_tradeoff.mat,results/noisy_channel_tradeoffs/server_full/exact-threshold/e2/E2_0p15_Rc_0p5/points/result_n_42_awgn_ebno_p1p75.mat,42,4,84,0.15,0.5,1.75,1692,1000758,51,1000758,0.00169071843542595,5.09613712805693e-05,0.00169071843542595,0.000870839903353258,84.0466926070039,0.0760567397062102,2596,2001516,pilot; adaptive/event-or-cap stopping
exact-threshold,e2,results/noisy_channel_tradeoffs/server_full/exact-threshold/e2/summary_noisy_channel_tradeoff.mat,results/noisy_channel_tradeoffs/server_full/exact-threshold/e2/E2_0p15_Rc_0p5/points/result_n_42_awgn_ebno_p2p0.mat,42,4,84,0.15,0.5,2,1692,1000758,22,1000758,0.00169071843542595,2.19833366308338e-05,0.00169071843542595,0.00085635088602839,84.0466926070039,0.0760567397062102,2596,2001516,pilot; adaptive/event-or-cap stopping
exact-threshold,e2,results/noisy_channel_tradeoffs/server_full/exact-threshold/e2/summary_noisy_channel_tradeoff.mat,results/noisy_channel_tradeoffs/server_full/exact-threshold/e2/E2_0p15_Rc_0p5/points/result_n_42_awgn_ebno_p2p25.mat,42,4,84,0.15,0.5,2.25,1692,1000758,0,1000758,0.00169071843542595,0,0.00169071843542595,0.000845359217712974,84.0466926070039,0.0760567397062102,2596,2001516,pilot; adaptive/event-or-cap stopping
exact-threshold,e2,results/noisy_channel_tradeoffs/server_full/exact-threshold/e2/summary_noisy_channel_tradeoff.mat,results/noisy_channel_tradeoffs/server_full/exact-threshold/e2/E2_0p15_Rc_0p5/points/result_n_42_awgn_ebno_p2p5.mat,42,4,84,0.15,0.5,2.5,1692,1000758,1,1000758,0.00169071843542595,9.9924257412881e-07,0.00169071843542595,0.000845858839000038,84.0466926070039,0.0760567397062102,2596,2001516,pilot; adaptive/event-or-cap stopping
exact-threshold,e2,results/noisy_channel_tradeoffs/server_full/exact-threshold/e2/summary_noisy_channel_tradeoff.mat,results/noisy_channel_tradeoffs/server_full/exact-threshold/e2/E2_0p15_Rc_0p5/points/result_n_42_awgn_ebno_p2p75.mat,42,4,84,0.15,0.5,2.75,1692,1000758,0,1000758,0.00169071843542595,0,0.00169071843542595,0.000845359217712974,84.0466926070039,0.0760567397062102,2596,2001516,pilot; adaptive/event-or-cap stopping
exact-threshold,e2,results/noisy_channel_tradeoffs/server_full/exact-threshold/e2/summary_noisy_channel_tradeoff.mat,results/noisy_channel_tradeoffs/server_full/exact-threshold/e2/E2_0p15_Rc_0p5/points/result_n_42_awgn_ebno_p3p0.mat,42,4,84,0.15,0.5,3,1692,1000758,0,1000758,0.00169071843542595,0,0.00169071843542595,0.000845359217712974,84.0466926070039,0.0760567397062102,2596,2001516,pilot; adaptive/event-or-cap stopping
exact-threshold,e2,results/noisy_channel_tradeoffs/server_full/exact-threshold/e2/summary_noisy_channel_tradeoff.mat,results/noisy_channel_tradeoffs/server_full/exact-threshold/e2/E2_0p2_Rc_0p5/points/result_n_42_awgn_ebno_p0p0.mat,42,3,63,0.2,0.5,0,200,205086,202798,205086,0.00097520064753323,0.98884370459222,0.98884370459222,0.494909452619877,84.0466926070039,0.0711185620527536,532,410172,pilot; adaptive/event-or-cap stopping
exact-threshold,e2,results/noisy_channel_tradeoffs/server_full/exact-threshold/e2/summary_noisy_channel_tradeoff.mat,results/noisy_channel_tradeoffs/server_full/exact-threshold/e2/E2_0p2_Rc_0p5/points/result_n_42_awgn_ebno_p0p25.mat,42,3,63,0.2,0.5,0.25,202,209712,206417,209712,0.000963225757228962,0.984287975890745,0.984287975890745,0.492625600823987,84.0466926070039,0.0711185620527536,544,419424,pilot; adaptive/event-or-cap stopping
exact-threshold,e2,results/noisy_channel_tradeoffs/server_full/exact-threshold/e2/summary_noisy_channel_tradeoff.mat,results/noisy_channel_tradeoffs/server_full/exact-threshold/e2/E2_0p2_Rc_0p5/points/result_n_42_awgn_ebno_p0p5.mat,42,3,63,0.2,0.5,0.5,202,192750,188074,192750,0.00104798962386511,0.975740596627756,0.975740596627756,0.488394293125811,84.0466926070039,0.0711185620527536,500,385500,pilot; adaptive/event-or-cap stopping
exact-threshold,e2,results/noisy_channel_tradeoffs/server_full/exact-threshold/e2/summary_noisy_channel_tradeoff.mat,results/noisy_channel_tradeoffs/server_full/exact-threshold/e2/E2_0p2_Rc_0p5/points/result_n_42_awgn_ebno_p0p75.mat,42,3,63,0.2,0.5,0.75,200,200460,155811,200460,0.00099770527786092,0.777267285243939,0.777267285243939,0.3891324952609,84.0466926070039,0.0711185620527536,520,400920,pilot; adaptive/event-or-cap stopping
exact-threshold,e2,results/noisy_channel_tradeoffs/server_full/exact-threshold/e2/summary_noisy_channel_tradeoff.mat,results/noisy_channel_tradeoffs/server_full/exact-threshold/e2/E2_0p2_Rc_0p5/points/result_n_42_awgn_ebno_p1p0.mat,42,3,63,0.2,0.5,1,201,211254,947,211254,0.000951461274106052,0.0044827553561116,0.0044827553561116,0.00271710831510883,84.0466926070039,0.0711185620527536,548,422508,pilot; adaptive/event-or-cap stopping
exact-threshold,e2,results/noisy_channel_tradeoffs/server_full/exact-threshold/e2/summary_noisy_channel_tradeoff.mat,results/noisy_channel_tradeoffs/server_full/exact-threshold/e2/E2_0p2_Rc_0p5/points/result_n_42_awgn_ebno_p1p25.mat,42,3,63,0.2,0.5,1.25,288,283728,200,283728,0.00101505667399763,0.000704900468053911,0.00101505667399763,0.000859978571025771,84.0466926070039,0.0711185620527536,736,567456,pilot; adaptive/event-or-cap stopping
exact-threshold,e2,results/noisy_channel_tradeoffs/server_full/exact-threshold/e2/summary_noisy_channel_tradeoff.mat,results/noisy_channel_tradeoffs/server_full/exact-threshold/e2/E2_0p2_Rc_0p5/points/result_n_42_awgn_ebno_p1p5.mat,42,3,63,0.2,0.5,1.5,945,1000758,188,1000758,0.000944284232551726,0.000187857603936216,0.000944284232551726,0.000566070918243971,84.0466926070039,0.0711185620527536,2596,2001516,pilot; adaptive/event-or-cap stopping
exact-threshold,e2,results/noisy_channel_tradeoffs/server_full/exact-threshold/e2/summary_noisy_channel_tradeoff.mat,results/noisy_channel_tradeoffs/server_full/exact-threshold/e2/E2_0p2_Rc_0p5/points/result_n_42_awgn_ebno_p1p75.mat,42,3,63,0.2,0.5,1.75,945,1000758,46,1000758,0.000944284232551726,4.59651584099253e-05,0.000944284232551726,0.000495124695480825,84.0466926070039,0.0711185620527536,2596,2001516,pilot; adaptive/event-or-cap stopping
exact-threshold,e2,results/noisy_channel_tradeoffs/server_full/exact-threshold/e2/summary_noisy_channel_tradeoff.mat,results/noisy_channel_tradeoffs/server_full/exact-threshold/e2/E2_0p2_Rc_0p5/points/result_n_42_awgn_ebno_p2p0.mat,42,3,63,0.2,0.5,2,945,1000758,12,1000758,0.000944284232551726,1.19909108895457e-05,0.000944284232551726,0.000478137571720636,84.0466926070039,0.0711185620527536,2596,2001516,pilot; adaptive/event-or-cap stopping
exact-threshold,e2,results/noisy_channel_tradeoffs/server_full/exact-threshold/e2/summary_noisy_channel_tradeoff.mat,results/noisy_channel_tradeoffs/server_full/exact-threshold/e2/E2_0p2_Rc_0p5/points/result_n_42_awgn_ebno_p2p25.mat,42,3,63,0.2,0.5,2.25,945,1000758,6,1000758,0.000944284232551726,5.99545544477286e-06,0.000944284232551726,0.000475139843998249,84.0466926070039,0.0711185620527536,2596,2001516,pilot; adaptive/event-or-cap stopping
exact-threshold,e2,results/noisy_channel_tradeoffs/server_full/exact-threshold/e2/summary_noisy_channel_tradeoff.mat,results/noisy_channel_tradeoffs/server_full/exact-threshold/e2/E2_0p2_Rc_0p5/points/result_n_42_awgn_ebno_p2p5.mat,42,3,63,0.2,0.5,2.5,945,1000758,0,1000758,0.000944284232551726,0,0.000944284232551726,0.000472142116275863,84.0466926070039,0.0711185620527536,2596,2001516,pilot; adaptive/event-or-cap stopping
exact-threshold,e2,results/noisy_channel_tradeoffs/server_full/exact-threshold/e2/summary_noisy_channel_tradeoff.mat,results/noisy_channel_tradeoffs/server_full/exact-threshold/e2/E2_0p2_Rc_0p5/points/result_n_42_awgn_ebno_p2p75.mat,42,3,63,0.2,0.5,2.75,945,1000758,0,1000758,0.000944284232551726,0,0.000944284232551726,0.000472142116275863,84.0466926070039,0.0711185620527536,2596,2001516,pilot; adaptive/event-or-cap stopping
exact-threshold,e2,results/noisy_channel_tradeoffs/server_full/exact-threshold/e2/summary_noisy_channel_tradeoff.mat,results/noisy_channel_tradeoffs/server_full/exact-threshold/e2/E2_0p2_Rc_0p5/points/result_n_42_awgn_ebno_p3p0.mat,42,3,63,0.2,0.5,3,945,1000758,1,1000758,0.000944284232551726,9.9924257412881e-07,0.000944284232551726,0.000472641737562927,84.0466926070039,0.0711185620527536,2596,2001516,pilot; adaptive/event-or-cap stopping
exact-threshold,ldpc_rate,results/noisy_channel_tradeoffs/server_full/exact-threshold/ldpc_rate/summary_noisy_channel_tradeoff.mat,results/noisy_channel_tradeoffs/server_full/exact-threshold/ldpc_rate/E2_0p1_Rc_0p3333/points/result_n_36_awgn_ebno_p0p0.mat,36,5,90,0.1,0.333333333333333,0,440,30000,23016,30000,0.0146666666666667,0.7672,0.7672,0.390933333333333,108,0.0601097508919414,100,60000,pilot; adaptive/event-or-cap stopping
exact-threshold,ldpc_rate,results/noisy_channel_tradeoffs/server_full/exact-threshold/ldpc_rate/summary_noisy_channel_tradeoff.mat,results/noisy_channel_tradeoffs/server_full/exact-threshold/ldpc_rate/E2_0p1_Rc_0p3333/points/result_n_36_awgn_ebno_p0p25.mat,36,5,90,0.1,0.333333333333333,0.25,472,30000,16212,30000,0.0157333333333333,0.5404,0.5404,0.278066666666667,108,0.0601097508919414,100,60000,pilot; adaptive/event-or-cap stopping
exact-threshold,ldpc_rate,results/noisy_channel_tradeoffs/server_full/exact-threshold/ldpc_rate/summary_noisy_channel_tradeoff.mat,results/noisy_channel_tradeoffs/server_full/exact-threshold/ldpc_rate/E2_0p1_Rc_0p3333/points/result_n_36_awgn_ebno_p0p5.mat,36,5,90,0.1,0.333333333333333,0.5,469,30000,12544,30000,0.0156333333333333,0.418133333333333,0.418133333333333,0.216883333333333,108,0.0601097508919414,100,60000,pilot; adaptive/event-or-cap stopping
exact-threshold,ldpc_rate,results/noisy_channel_tradeoffs/server_full/exact-threshold/ldpc_rate/summary_noisy_channel_tradeoff.mat,results/noisy_channel_tradeoffs/server_full/exact-threshold/ldpc_rate/E2_0p1_Rc_0p3333/points/result_n_36_awgn_ebno_p0p75.mat,36,5,90,0.1,0.333333333333333,0.75,478,30000,8310,30000,0.0159333333333333,0.277,0.277,0.146466666666667,108,0.0601097508919414,100,60000,pilot; adaptive/event-or-cap stopping
exact-threshold,ldpc_rate,results/noisy_channel_tradeoffs/server_full/exact-threshold/ldpc_rate/summary_noisy_channel_tradeoff.mat,results/noisy_channel_tradeoffs/server_full/exact-threshold/ldpc_rate/E2_0p1_Rc_0p3333/points/result_n_36_awgn_ebno_p1p0.mat,36,5,90,0.1,0.333333333333333,1,491,30000,4934,30000,0.0163666666666667,0.164466666666667,0.164466666666667,0.0904166666666667,108,0.0601097508919414,100,60000,pilot; adaptive/event-or-cap stopping
exact-threshold,ldpc_rate,results/noisy_channel_tradeoffs/server_full/exact-threshold/ldpc_rate/summary_noisy_channel_tradeoff.mat,results/noisy_channel_tradeoffs/server_full/exact-threshold/ldpc_rate/E2_0p1_Rc_0p3333/points/result_n_36_awgn_ebno_p1p25.mat,36,5,90,0.1,0.333333333333333,1.25,489,30000,2247,30000,0.0163,0.0749,0.0749,0.0456,108,0.0601097508919414,100,60000,pilot; adaptive/event-or-cap stopping
exact-threshold,ldpc_rate,results/noisy_channel_tradeoffs/server_full/exact-threshold/ldpc_rate/summary_noisy_channel_tradeoff.mat,results/noisy_channel_tradeoffs/server_full/exact-threshold/ldpc_rate/E2_0p1_Rc_0p3333/points/result_n_36_awgn_ebno_p1p5.mat,36,5,90,0.1,0.333333333333333,1.5,491,30000,950,30000,0.0163666666666667,0.0316666666666667,0.0316666666666667,0.0240166666666667,108,0.0601097508919414,100,60000,pilot; adaptive/event-or-cap stopping
exact-threshold,ldpc_rate,results/noisy_channel_tradeoffs/server_full/exact-threshold/ldpc_rate/summary_noisy_channel_tradeoff.mat,results/noisy_channel_tradeoffs/server_full/exact-threshold/ldpc_rate/E2_0p1_Rc_0p3333/points/result_n_36_awgn_ebno_p1p75.mat,36,5,90,0.1,0.333333333333333,1.75,492,30000,293,30000,0.0164,0.00976666666666667,0.0164,0.0130833333333333,108,0.0601097508919414,100,60000,pilot; adaptive/event-or-cap stopping
exact-threshold,ldpc_rate,results/noisy_channel_tradeoffs/server_full/exact-threshold/ldpc_rate/summary_noisy_channel_tradeoff.mat,results/noisy_channel_tradeoffs/server_full/exact-threshold/ldpc_rate/E2_0p1_Rc_0p3333/points/result_n_36_awgn_ebno_p2p0.mat,36,5,90,0.1,0.333333333333333,2,740,45600,203,45600,0.0162280701754386,0.00445175438596491,0.0162280701754386,0.0103399122807018,108,0.0601097508919414,152,91200,pilot; adaptive/event-or-cap stopping
exact-threshold,ldpc_rate,results/noisy_channel_tradeoffs/server_full/exact-threshold/ldpc_rate/summary_noisy_channel_tradeoff.mat,results/noisy_channel_tradeoffs/server_full/exact-threshold/ldpc_rate/E2_0p1_Rc_0p3333/points/result_n_36_awgn_ebno_p2p25.mat,36,5,90,0.1,0.333333333333333,2.25,1963,126000,203,126000,0.0155793650793651,0.00161111111111111,0.0155793650793651,0.0085952380952381,108,0.0601097508919414,420,252000,pilot; adaptive/event-or-cap stopping
exact-threshold,ldpc_rate,results/noisy_channel_tradeoffs/server_full/exact-threshold/ldpc_rate/summary_noisy_channel_tradeoff.mat,results/noisy_channel_tradeoffs/server_full/exact-threshold/ldpc_rate/E2_0p1_Rc_0p3333/points/result_n_36_awgn_ebno_p2p5.mat,36,5,90,0.1,0.333333333333333,2.5,4979,320400,200,320400,0.015539950062422,0.000624219725343321,0.015539950062422,0.00808208489388265,108,0.0601097508919414,1068,640800,pilot; adaptive/event-or-cap stopping
exact-threshold,ldpc_rate,results/noisy_channel_tradeoffs/server_full/exact-threshold/ldpc_rate/summary_noisy_channel_tradeoff.mat,results/noisy_channel_tradeoffs/server_full/exact-threshold/ldpc_rate/E2_0p1_Rc_0p3333/points/result_n_36_awgn_ebno_p2p75.mat,36,5,90,0.1,0.333333333333333,2.75,14204,922800,200,922800,0.0153922843519723,0.000216731686172518,0.0153922843519723,0.00780450801907239,108,0.0601097508919414,3076,1845600,pilot; adaptive/event-or-cap stopping
exact-threshold,ldpc_rate,results/noisy_channel_tradeoffs/server_full/exact-threshold/ldpc_rate/summary_noisy_channel_tradeoff.mat,results/noisy_channel_tradeoffs/server_full/exact-threshold/ldpc_rate/E2_0p1_Rc_0p3333/points/result_n_36_awgn_ebno_p3p0.mat,36,5,90,0.1,0.333333333333333,3,15348,1000800,83,1000800,0.0153357314148681,8.2933653077538e-05,0.0153357314148681,0.00770933253397282,108,0.0601097508919414,3336,2001600,pilot; adaptive/event-or-cap stopping
exact-threshold,ldpc_rate,results/noisy_channel_tradeoffs/server_full/exact-threshold/ldpc_rate/summary_noisy_channel_tradeoff.mat,results/noisy_channel_tradeoffs/server_full/exact-threshold/ldpc_rate/E2_0p1_Rc_0p3333/points/result_n_36_awgn_ebno_p3p25.mat,36,5,90,0.1,0.333333333333333,3.25,15346,1000800,31,1000800,0.0153337330135891,3.09752198241407e-05,0.0153337330135891,0.00768235411670663,108,0.0601097508919414,3336,2001600,pilot; adaptive/event-or-cap stopping
exact-threshold,ldpc_rate,results/noisy_channel_tradeoffs/server_full/exact-threshold/ldpc_rate/summary_noisy_channel_tradeoff.mat,results/noisy_channel_tradeoffs/server_full/exact-threshold/ldpc_rate/E2_0p1_Rc_0p3333/points/result_n_36_awgn_ebno_p3p5.mat,36,5,90,0.1,0.333333333333333,3.5,15346,1000800,11,1000800,0.0153337330135891,1.09912070343725e-05,0.0153337330135891,0.00767236211031175,108,0.0601097508919414,3336,2001600,pilot; adaptive/event-or-cap stopping
exact-threshold,ldpc_rate,results/noisy_channel_tradeoffs/server_full/exact-threshold/ldpc_rate/summary_noisy_channel_tradeoff.mat,results/noisy_channel_tradeoffs/server_full/exact-threshold/ldpc_rate/E2_0p1_Rc_0p3333/points/result_n_36_awgn_ebno_p3p75.mat,36,5,90,0.1,0.333333333333333,3.75,15346,1000800,2,1000800,0.0153337330135891,1.99840127897682e-06,0.0153337330135891,0.00766786570743405,108,0.0601097508919414,3336,2001600,pilot; adaptive/event-or-cap stopping
exact-threshold,ldpc_rate,results/noisy_channel_tradeoffs/server_full/exact-threshold/ldpc_rate/summary_noisy_channel_tradeoff.mat,results/noisy_channel_tradeoffs/server_full/exact-threshold/ldpc_rate/E2_0p1_Rc_0p3333/points/result_n_36_awgn_ebno_p4p0.mat,36,5,90,0.1,0.333333333333333,4,15346,1000800,1,1000800,0.0153337330135891,9.99200639488409e-07,0.0153337330135891,0.00766736610711431,108,0.0601097508919414,3336,2001600,pilot; adaptive/event-or-cap stopping
exact-threshold,ldpc_rate,results/noisy_channel_tradeoffs/server_full/exact-threshold/ldpc_rate/summary_noisy_channel_tradeoff.mat,results/noisy_channel_tradeoffs/server_full/exact-threshold/ldpc_rate/E2_0p1_Rc_0p3333/points/result_n_36_awgn_ebno_p4p25.mat,36,5,90,0.1,0.333333333333333,4.25,15346,1000800,0,1000800,0.0153337330135891,0,0.0153337330135891,0.00766686650679456,108,0.0601097508919414,3336,2001600,pilot; adaptive/event-or-cap stopping
exact-threshold,ldpc_rate,results/noisy_channel_tradeoffs/server_full/exact-threshold/ldpc_rate/summary_noisy_channel_tradeoff.mat,results/noisy_channel_tradeoffs/server_full/exact-threshold/ldpc_rate/E2_0p1_Rc_0p3333/points/result_n_36_awgn_ebno_p4p5.mat,36,5,90,0.1,0.333333333333333,4.5,15346,1000800,0,1000800,0.0153337330135891,0,0.0153337330135891,0.00766686650679456,108,0.0601097508919414,3336,2001600,pilot; adaptive/event-or-cap stopping
exact-threshold,ldpc_rate,results/noisy_channel_tradeoffs/server_full/exact-threshold/ldpc_rate/summary_noisy_channel_tradeoff.mat,results/noisy_channel_tradeoffs/server_full/exact-threshold/ldpc_rate/E2_0p1_Rc_0p3333/points/result_n_36_awgn_ebno_p4p75.mat,36,5,90,0.1,0.333333333333333,4.75,15346,1000800,0,1000800,0.0153337330135891,0,0.0153337330135891,0.00766686650679456,108,0.0601097508919414,3336,2001600,pilot; adaptive/event-or-cap stopping
exact-threshold,ldpc_rate,results/noisy_channel_tradeoffs/server_full/exact-threshold/ldpc_rate/summary_noisy_channel_tradeoff.mat,results/noisy_channel_tradeoffs/server_full/exact-threshold/ldpc_rate/E2_0p1_Rc_0p3333/points/result_n_36_awgn_ebno_p5p0.mat,36,5,90,0.1,0.333333333333333,5,15346,1000800,0,1000800,0.0153337330135891,0,0.0153337330135891,0.00766686650679456,108,0.0601097508919414,3336,2001600,pilot; adaptive/event-or-cap stopping
exact-threshold,ldpc_rate,results/noisy_channel_tradeoffs/server_full/exact-threshold/ldpc_rate/summary_noisy_channel_tradeoff.mat,results/noisy_channel_tradeoffs/server_full/exact-threshold/ldpc_rate/E2_0p1_Rc_0p4/points/result_n_36_awgn_ebno_p0p0.mat,36,5,90,0.1,0.4,0,567,36000,35211,36000,0.01575,0.978083333333333,0.978083333333333,0.496916666666667,90,0.0721317010703297,100,72000,pilot; adaptive/event-or-cap stopping
exact-threshold,ldpc_rate,results/noisy_channel_tradeoffs/server_full/exact-threshold/ldpc_rate/summary_noisy_channel_tradeoff.mat,results/noisy_channel_tradeoffs/server_full/exact-threshold/ldpc_rate/E2_0p1_Rc_0p4/points/result_n_36_awgn_ebno_p0p25.mat,36,5,90,0.1,0.4,0.25,557,36000,34643,36000,0.0154722222222222,0.962305555555556,0.962305555555556,0.488888888888889,90,0.0721317010703297,100,72000,pilot; adaptive/event-or-cap stopping
exact-threshold,ldpc_rate,results/noisy_channel_tradeoffs/server_full/exact-threshold/ldpc_rate/summary_noisy_channel_tradeoff.mat,results/noisy_channel_tradeoffs/server_full/exact-threshold/ldpc_rate/E2_0p1_Rc_0p4/points/result_n_36_awgn_ebno_p0p5.mat,36,5,90,0.1,0.4,0.5,543,36000,8452,36000,0.0150833333333333,0.234777777777778,0.234777777777778,0.124930555555556,90,0.0721317010703297,100,72000,pilot; adaptive/event-or-cap stopping
exact-threshold,ldpc_rate,results/noisy_channel_tradeoffs/server_full/exact-threshold/ldpc_rate/summary_noisy_channel_tradeoff.mat,results/noisy_channel_tradeoffs/server_full/exact-threshold/ldpc_rate/E2_0p1_Rc_0p4/points/result_n_36_awgn_ebno_p0p75.mat,36,5,90,0.1,0.4,0.75,564,36000,3975,36000,0.0156666666666667,0.110416666666667,0.110416666666667,0.0630416666666667,90,0.0721317010703297,100,72000,pilot; adaptive/event-or-cap stopping
exact-threshold,ldpc_rate,results/noisy_channel_tradeoffs/server_full/exact-threshold/ldpc_rate/summary_noisy_channel_tradeoff.mat,results/noisy_channel_tradeoffs/server_full/exact-threshold/ldpc_rate/E2_0p1_Rc_0p4/points/result_n_36_awgn_ebno_p1p0.mat,36,5,90,0.1,0.4,1,589,36000,1405,36000,0.0163611111111111,0.0390277777777778,0.0390277777777778,0.0276944444444444,90,0.0721317010703297,100,72000,pilot; adaptive/event-or-cap stopping
exact-threshold,ldpc_rate,results/noisy_channel_tradeoffs/server_full/exact-threshold/ldpc_rate/summary_noisy_channel_tradeoff.mat,results/noisy_channel_tradeoffs/server_full/exact-threshold/ldpc_rate/E2_0p1_Rc_0p4/points/result_n_36_awgn_ebno_p1p25.mat,36,5,90,0.1,0.4,1.25,591,36000,474,36000,0.0164166666666667,0.0131666666666667,0.0164166666666667,0.0147916666666667,90,0.0721317010703297,100,72000,pilot; adaptive/event-or-cap stopping
exact-threshold,ldpc_rate,results/noisy_channel_tradeoffs/server_full/exact-threshold/ldpc_rate/summary_noisy_channel_tradeoff.mat,results/noisy_channel_tradeoffs/server_full/exact-threshold/ldpc_rate/E2_0p1_Rc_0p4/points/result_n_36_awgn_ebno_p1p5.mat,36,5,90,0.1,0.4,1.5,816,50400,205,50400,0.0161904761904762,0.00406746031746032,0.0161904761904762,0.0101289682539683,90,0.0721317010703297,140,100800,pilot; adaptive/event-or-cap stopping
exact-threshold,ldpc_rate,results/noisy_channel_tradeoffs/server_full/exact-threshold/ldpc_rate/summary_noisy_channel_tradeoff.mat,results/noisy_channel_tradeoffs/server_full/exact-threshold/ldpc_rate/E2_0p1_Rc_0p4/points/result_n_36_awgn_ebno_p1p75.mat,36,5,90,0.1,0.4,1.75,2197,141120,200,141120,0.0155683106575964,0.0014172335600907,0.0155683106575964,0.00849277210884354,90,0.0721317010703297,392,282240,pilot; adaptive/event-or-cap stopping
exact-threshold,ldpc_rate,results/noisy_channel_tradeoffs/server_full/exact-threshold/ldpc_rate/summary_noisy_channel_tradeoff.mat,results/noisy_channel_tradeoffs/server_full/exact-threshold/ldpc_rate/E2_0p1_Rc_0p4/points/result_n_36_awgn_ebno_p2p0.mat,36,5,90,0.1,0.4,2,7679,498240,200,498240,0.0154122511239563,0.000401412973667309,0.0154122511239563,0.00790683204881182,90,0.0721317010703297,1384,996480,pilot; adaptive/event-or-cap stopping
exact-threshold,ldpc_rate,results/noisy_channel_tradeoffs/server_full/exact-threshold/ldpc_rate/summary_noisy_channel_tradeoff.mat,results/noisy_channel_tradeoffs/server_full/exact-threshold/ldpc_rate/E2_0p1_Rc_0p4/points/result_n_36_awgn_ebno_p2p25.mat,36,5,90,0.1,0.4,2.25,15346,1000800,111,1000800,0.0153337330135891,0.000110911270983213,0.0153337330135891,0.00772232214228617,90,0.0721317010703297,2780,2001600,pilot; adaptive/event-or-cap stopping
exact-threshold,ldpc_rate,results/noisy_channel_tradeoffs/server_full/exact-threshold/ldpc_rate/summary_noisy_channel_tradeoff.mat,results/noisy_channel_tradeoffs/server_full/exact-threshold/ldpc_rate/E2_0p1_Rc_0p4/points/result_n_36_awgn_ebno_p2p5.mat,36,5,90,0.1,0.4,2.5,15349,1000800,40,1000800,0.0153367306155076,3.99680255795364e-05,0.0153367306155076,0.00768834932054357,90,0.0721317010703297,2780,2001600,pilot; adaptive/event-or-cap stopping
exact-threshold,ldpc_rate,results/noisy_channel_tradeoffs/server_full/exact-threshold/ldpc_rate/summary_noisy_channel_tradeoff.mat,results/noisy_channel_tradeoffs/server_full/exact-threshold/ldpc_rate/E2_0p1_Rc_0p4/points/result_n_36_awgn_ebno_p2p75.mat,36,5,90,0.1,0.4,2.75,15346,1000800,15,1000800,0.0153337330135891,1.49880095923261e-05,0.0153337330135891,0.00767436051159073,90,0.0721317010703297,2780,2001600,pilot; adaptive/event-or-cap stopping
exact-threshold,ldpc_rate,results/noisy_channel_tradeoffs/server_full/exact-threshold/ldpc_rate/summary_noisy_channel_tradeoff.mat,results/noisy_channel_tradeoffs/server_full/exact-threshold/ldpc_rate/E2_0p1_Rc_0p4/points/result_n_36_awgn_ebno_p3p0.mat,36,5,90,0.1,0.4,3,15346,1000800,3,1000800,0.0153337330135891,2.99760191846523e-06,0.0153337330135891,0.0076683653077538,90,0.0721317010703297,2780,2001600,pilot; adaptive/event-or-cap stopping
exact-threshold,ldpc_rate,results/noisy_channel_tradeoffs/server_full/exact-threshold/ldpc_rate/summary_noisy_channel_tradeoff.mat,results/noisy_channel_tradeoffs/server_full/exact-threshold/ldpc_rate/E2_0p1_Rc_0p4/points/result_n_36_awgn_ebno_p3p25.mat,36,5,90,0.1,0.4,3.25,15346,1000800,2,1000800,0.0153337330135891,1.99840127897682e-06,0.0153337330135891,0.00766786570743405,90,0.0721317010703297,2780,2001600,pilot; adaptive/event-or-cap stopping
exact-threshold,ldpc_rate,results/noisy_channel_tradeoffs/server_full/exact-threshold/ldpc_rate/summary_noisy_channel_tradeoff.mat,results/noisy_channel_tradeoffs/server_full/exact-threshold/ldpc_rate/E2_0p1_Rc_0p4/points/result_n_36_awgn_ebno_p3p5.mat,36,5,90,0.1,0.4,3.5,15346,1000800,0,1000800,0.0153337330135891,0,0.0153337330135891,0.00766686650679456,90,0.0721317010703297,2780,2001600,pilot; adaptive/event-or-cap stopping
exact-threshold,ldpc_rate,results/noisy_channel_tradeoffs/server_full/exact-threshold/ldpc_rate/summary_noisy_channel_tradeoff.mat,results/noisy_channel_tradeoffs/server_full/exact-threshold/ldpc_rate/E2_0p1_Rc_0p4/points/result_n_36_awgn_ebno_p3p75.mat,36,5,90,0.1,0.4,3.75,15346,1000800,0,1000800,0.0153337330135891,0,0.0153337330135891,0.00766686650679456,90,0.0721317010703297,2780,2001600,pilot; adaptive/event-or-cap stopping
exact-threshold,ldpc_rate,results/noisy_channel_tradeoffs/server_full/exact-threshold/ldpc_rate/summary_noisy_channel_tradeoff.mat,results/noisy_channel_tradeoffs/server_full/exact-threshold/ldpc_rate/E2_0p1_Rc_0p4/points/result_n_36_awgn_ebno_p4p0.mat,36,5,90,0.1,0.4,4,15346,1000800,0,1000800,0.0153337330135891,0,0.0153337330135891,0.00766686650679456,90,0.0721317010703297,2780,2001600,pilot; adaptive/event-or-cap stopping
exact-threshold,ldpc_rate,results/noisy_channel_tradeoffs/server_full/exact-threshold/ldpc_rate/summary_noisy_channel_tradeoff.mat,results/noisy_channel_tradeoffs/server_full/exact-threshold/ldpc_rate/E2_0p1_Rc_0p4/points/result_n_36_awgn_ebno_p4p25.mat,36,5,90,0.1,0.4,4.25,15346,1000800,0,1000800,0.0153337330135891,0,0.0153337330135891,0.00766686650679456,90,0.0721317010703297,2780,2001600,pilot; adaptive/event-or-cap stopping
exact-threshold,ldpc_rate,results/noisy_channel_tradeoffs/server_full/exact-threshold/ldpc_rate/summary_noisy_channel_tradeoff.mat,results/noisy_channel_tradeoffs/server_full/exact-threshold/ldpc_rate/E2_0p1_Rc_0p4/points/result_n_36_awgn_ebno_p4p5.mat,36,5,90,0.1,0.4,4.5,15346,1000800,0,1000800,0.0153337330135891,0,0.0153337330135891,0.00766686650679456,90,0.0721317010703297,2780,2001600,pilot; adaptive/event-or-cap stopping
exact-threshold,ldpc_rate,results/noisy_channel_tradeoffs/server_full/exact-threshold/ldpc_rate/summary_noisy_channel_tradeoff.mat,results/noisy_channel_tradeoffs/server_full/exact-threshold/ldpc_rate/E2_0p1_Rc_0p4/points/result_n_36_awgn_ebno_p4p75.mat,36,5,90,0.1,0.4,4.75,15346,1000800,0,1000800,0.0153337330135891,0,0.0153337330135891,0.00766686650679456,90,0.0721317010703297,2780,2001600,pilot; adaptive/event-or-cap stopping
exact-threshold,ldpc_rate,results/noisy_channel_tradeoffs/server_full/exact-threshold/ldpc_rate/summary_noisy_channel_tradeoff.mat,results/noisy_channel_tradeoffs/server_full/exact-threshold/ldpc_rate/E2_0p1_Rc_0p4/points/result_n_36_awgn_ebno_p5p0.mat,36,5,90,0.1,0.4,5,15346,1000800,0,1000800,0.0153337330135891,0,0.0153337330135891,0.00766686650679456,90,0.0721317010703297,2780,2001600,pilot; adaptive/event-or-cap stopping
exact-threshold,ldpc_rate,results/noisy_channel_tradeoffs/server_full/exact-threshold/ldpc_rate/summary_noisy_channel_tradeoff.mat,results/noisy_channel_tradeoffs/server_full/exact-threshold/ldpc_rate/E2_0p1_Rc_0p5/points/result_n_36_awgn_ebno_p0p0.mat,36,5,90,0.1,0.5,0,687,45000,43930,45000,0.0152666666666667,0.976222222222222,0.976222222222222,0.495744444444444,72,0.0901646263379121,100,90000,pilot; adaptive/event-or-cap stopping
exact-threshold,ldpc_rate,results/noisy_channel_tradeoffs/server_full/exact-threshold/ldpc_rate/summary_noisy_channel_tradeoff.mat,results/noisy_channel_tradeoffs/server_full/exact-threshold/ldpc_rate/E2_0p1_Rc_0p5/points/result_n_36_awgn_ebno_p0p25.mat,36,5,90,0.1,0.5,0.25,682,45000,43741,45000,0.0151555555555556,0.972022222222222,0.972022222222222,0.493588888888889,72,0.0901646263379121,100,90000,pilot; adaptive/event-or-cap stopping
exact-threshold,ldpc_rate,results/noisy_channel_tradeoffs/server_full/exact-threshold/ldpc_rate/summary_noisy_channel_tradeoff.mat,results/noisy_channel_tradeoffs/server_full/exact-threshold/ldpc_rate/E2_0p1_Rc_0p5/points/result_n_36_awgn_ebno_p0p5.mat,36,5,90,0.1,0.5,0.5,669,45000,43213,45000,0.0148666666666667,0.960288888888889,0.960288888888889,0.487577777777778,72,0.0901646263379121,100,90000,pilot; adaptive/event-or-cap stopping
exact-threshold,ldpc_rate,results/noisy_channel_tradeoffs/server_full/exact-threshold/ldpc_rate/summary_noisy_channel_tradeoff.mat,results/noisy_channel_tradeoffs/server_full/exact-threshold/ldpc_rate/E2_0p1_Rc_0p5/points/result_n_36_awgn_ebno_p0p75.mat,36,5,90,0.1,0.5,0.75,667,45000,35044,45000,0.0148222222222222,0.778755555555556,0.778755555555556,0.396788888888889,72,0.0901646263379121,100,90000,pilot; adaptive/event-or-cap stopping
exact-threshold,ldpc_rate,results/noisy_channel_tradeoffs/server_full/exact-threshold/ldpc_rate/summary_noisy_channel_tradeoff.mat,results/noisy_channel_tradeoffs/server_full/exact-threshold/ldpc_rate/E2_0p1_Rc_0p5/points/result_n_36_awgn_ebno_p1p0.mat,36,5,90,0.1,0.5,1,855,54000,204,54000,0.0158333333333333,0.00377777777777778,0.0158333333333333,0.00980555555555556,72,0.0901646263379121,120,108000,pilot; adaptive/event-or-cap stopping
exact-threshold,ldpc_rate,results/noisy_channel_tradeoffs/server_full/exact-threshold/ldpc_rate/summary_noisy_channel_tradeoff.mat,results/noisy_channel_tradeoffs/server_full/exact-threshold/ldpc_rate/E2_0p1_Rc_0p5/points/result_n_36_awgn_ebno_p1p25.mat,36,5,90,0.1,0.5,1.25,4189,270000,201,270000,0.0155148148148148,0.000744444444444444,0.0155148148148148,0.00812962962962963,72,0.0901646263379121,600,540000,pilot; adaptive/event-or-cap stopping
exact-threshold,ldpc_rate,results/noisy_channel_tradeoffs/server_full/exact-threshold/ldpc_rate/summary_noisy_channel_tradeoff.mat,results/noisy_channel_tradeoffs/server_full/exact-threshold/ldpc_rate/E2_0p1_Rc_0p5/points/result_n_36_awgn_ebno_p1p5.mat,36,5,90,0.1,0.5,1.5,15346,1000800,158,1000800,0.0153337330135891,0.000157873701039169,0.0153337330135891,0.00774580335731415,72,0.0901646263379121,2224,2001600,pilot; adaptive/event-or-cap stopping
exact-threshold,ldpc_rate,results/noisy_channel_tradeoffs/server_full/exact-threshold/ldpc_rate/summary_noisy_channel_tradeoff.mat,results/noisy_channel_tradeoffs/server_full/exact-threshold/ldpc_rate/E2_0p1_Rc_0p5/points/result_n_36_awgn_ebno_p1p75.mat,36,5,90,0.1,0.5,1.75,15347,1000800,29,1000800,0.0153347322142286,2.89768185451639e-05,0.0153347322142286,0.00768185451638689,72,0.0901646263379121,2224,2001600,pilot; adaptive/event-or-cap stopping
exact-threshold,ldpc_rate,results/noisy_channel_tradeoffs/server_full/exact-threshold/ldpc_rate/summary_noisy_channel_tradeoff.mat,results/noisy_channel_tradeoffs/server_full/exact-threshold/ldpc_rate/E2_0p1_Rc_0p5/points/result_n_36_awgn_ebno_p2p0.mat,36,5,90,0.1,0.5,2,15346,1000800,10,1000800,0.0153337330135891,9.99200639488409e-06,0.0153337330135891,0.00767186250999201,72,0.0901646263379121,2224,2001600,pilot; adaptive/event-or-cap stopping
exact-threshold,ldpc_rate,results/noisy_channel_tradeoffs/server_full/exact-threshold/ldpc_rate/summary_noisy_channel_tradeoff.mat,results/noisy_channel_tradeoffs/server_full/exact-threshold/ldpc_rate/E2_0p1_Rc_0p5/points/result_n_36_awgn_ebno_p2p25.mat,36,5,90,0.1,0.5,2.25,15346,1000800,5,1000800,0.0153337330135891,4.99600319744205e-06,0.0153337330135891,0.00766936450839329,72,0.0901646263379121,2224,2001600,pilot; adaptive/event-or-cap stopping
exact-threshold,ldpc_rate,results/noisy_channel_tradeoffs/server_full/exact-threshold/ldpc_rate/summary_noisy_channel_tradeoff.mat,results/noisy_channel_tradeoffs/server_full/exact-threshold/ldpc_rate/E2_0p1_Rc_0p5/points/result_n_36_awgn_ebno_p2p5.mat,36,5,90,0.1,0.5,2.5,15346,1000800,0,1000800,0.0153337330135891,0,0.0153337330135891,0.00766686650679456,72,0.0901646263379121,2224,2001600,pilot; adaptive/event-or-cap stopping
exact-threshold,ldpc_rate,results/noisy_channel_tradeoffs/server_full/exact-threshold/ldpc_rate/summary_noisy_channel_tradeoff.mat,results/noisy_channel_tradeoffs/server_full/exact-threshold/ldpc_rate/E2_0p1_Rc_0p5/points/result_n_36_awgn_ebno_p2p75.mat,36,5,90,0.1,0.5,2.75,15346,1000800,0,1000800,0.0153337330135891,0,0.0153337330135891,0.00766686650679456,72,0.0901646263379121,2224,2001600,pilot; adaptive/event-or-cap stopping
exact-threshold,ldpc_rate,results/noisy_channel_tradeoffs/server_full/exact-threshold/ldpc_rate/summary_noisy_channel_tradeoff.mat,results/noisy_channel_tradeoffs/server_full/exact-threshold/ldpc_rate/E2_0p1_Rc_0p5/points/result_n_36_awgn_ebno_p3p0.mat,36,5,90,0.1,0.5,3,15346,1000800,0,1000800,0.0153337330135891,0,0.0153337330135891,0.00766686650679456,72,0.0901646263379121,2224,2001600,pilot; adaptive/event-or-cap stopping
exact-threshold,ldpc_rate,results/noisy_channel_tradeoffs/server_full/exact-threshold/ldpc_rate/summary_noisy_channel_tradeoff.mat,results/noisy_channel_tradeoffs/server_full/exact-threshold/ldpc_rate/E2_0p1_Rc_0p5/points/result_n_36_awgn_ebno_p3p25.mat,36,5,90,0.1,0.5,3.25,15346,1000800,0,1000800,0.0153337330135891,0,0.0153337330135891,0.00766686650679456,72,0.0901646263379121,2224,2001600,pilot; adaptive/event-or-cap stopping
exact-threshold,ldpc_rate,results/noisy_channel_tradeoffs/server_full/exact-threshold/ldpc_rate/summary_noisy_channel_tradeoff.mat,results/noisy_channel_tradeoffs/server_full/exact-threshold/ldpc_rate/E2_0p1_Rc_0p5/points/result_n_36_awgn_ebno_p3p5.mat,36,5,90,0.1,0.5,3.5,15346,1000800,0,1000800,0.0153337330135891,0,0.0153337330135891,0.00766686650679456,72,0.0901646263379121,2224,2001600,pilot; adaptive/event-or-cap stopping
exact-threshold,ldpc_rate,results/noisy_channel_tradeoffs/server_full/exact-threshold/ldpc_rate/summary_noisy_channel_tradeoff.mat,results/noisy_channel_tradeoffs/server_full/exact-threshold/ldpc_rate/E2_0p1_Rc_0p5/points/result_n_36_awgn_ebno_p3p75.mat,36,5,90,0.1,0.5,3.75,15346,1000800,0,1000800,0.0153337330135891,0,0.0153337330135891,0.00766686650679456,72,0.0901646263379121,2224,2001600,pilot; adaptive/event-or-cap stopping
exact-threshold,ldpc_rate,results/noisy_channel_tradeoffs/server_full/exact-threshold/ldpc_rate/summary_noisy_channel_tradeoff.mat,results/noisy_channel_tradeoffs/server_full/exact-threshold/ldpc_rate/E2_0p1_Rc_0p5/points/result_n_36_awgn_ebno_p4p0.mat,36,5,90,0.1,0.5,4,15346,1000800,0,1000800,0.0153337330135891,0,0.0153337330135891,0.00766686650679456,72,0.0901646263379121,2224,2001600,pilot; adaptive/event-or-cap stopping
exact-threshold,ldpc_rate,results/noisy_channel_tradeoffs/server_full/exact-threshold/ldpc_rate/summary_noisy_channel_tradeoff.mat,results/noisy_channel_tradeoffs/server_full/exact-threshold/ldpc_rate/E2_0p1_Rc_0p5/points/result_n_36_awgn_ebno_p4p25.mat,36,5,90,0.1,0.5,4.25,15346,1000800,0,1000800,0.0153337330135891,0,0.0153337330135891,0.00766686650679456,72,0.0901646263379121,2224,2001600,pilot; adaptive/event-or-cap stopping
exact-threshold,ldpc_rate,results/noisy_channel_tradeoffs/server_full/exact-threshold/ldpc_rate/summary_noisy_channel_tradeoff.mat,results/noisy_channel_tradeoffs/server_full/exact-threshold/ldpc_rate/E2_0p1_Rc_0p5/points/result_n_36_awgn_ebno_p4p5.mat,36,5,90,0.1,0.5,4.5,15346,1000800,0,1000800,0.0153337330135891,0,0.0153337330135891,0.00766686650679456,72,0.0901646263379121,2224,2001600,pilot; adaptive/event-or-cap stopping
exact-threshold,ldpc_rate,results/noisy_channel_tradeoffs/server_full/exact-threshold/ldpc_rate/summary_noisy_channel_tradeoff.mat,results/noisy_channel_tradeoffs/server_full/exact-threshold/ldpc_rate/E2_0p1_Rc_0p5/points/result_n_36_awgn_ebno_p4p75.mat,36,5,90,0.1,0.5,4.75,15346,1000800,0,1000800,0.0153337330135891,0,0.0153337330135891,0.00766686650679456,72,0.0901646263379121,2224,2001600,pilot; adaptive/event-or-cap stopping
exact-threshold,ldpc_rate,results/noisy_channel_tradeoffs/server_full/exact-threshold/ldpc_rate/summary_noisy_channel_tradeoff.mat,results/noisy_channel_tradeoffs/server_full/exact-threshold/ldpc_rate/E2_0p1_Rc_0p5/points/result_n_36_awgn_ebno_p5p0.mat,36,5,90,0.1,0.5,5,15346,1000800,0,1000800,0.0153337330135891,0,0.0153337330135891,0.00766686650679456,72,0.0901646263379121,2224,2001600,pilot; adaptive/event-or-cap stopping
exact-threshold,ldpc_rate,results/noisy_channel_tradeoffs/server_full/exact-threshold/ldpc_rate/summary_noisy_channel_tradeoff.mat,results/noisy_channel_tradeoffs/server_full/exact-threshold/ldpc_rate/E2_0p1_Rc_0p6/points/result_n_36_awgn_ebno_p0p0.mat,36,5,90,0.1,0.6,0,816,54000,52636,54000,0.0151111111111111,0.974740740740741,0.974740740740741,0.494925925925926,60,0.108197551605495,100,108000,pilot; adaptive/event-or-cap stopping
exact-threshold,ldpc_rate,results/noisy_channel_tradeoffs/server_full/exact-threshold/ldpc_rate/summary_noisy_channel_tradeoff.mat,results/noisy_channel_tradeoffs/server_full/exact-threshold/ldpc_rate/E2_0p1_Rc_0p6/points/result_n_36_awgn_ebno_p0p25.mat,36,5,90,0.1,0.6,0.25,816,54000,52579,54000,0.0151111111111111,0.973685185185185,0.973685185185185,0.494398148148148,60,0.108197551605495,100,108000,pilot; adaptive/event-or-cap stopping
exact-threshold,ldpc_rate,results/noisy_channel_tradeoffs/server_full/exact-threshold/ldpc_rate/summary_noisy_channel_tradeoff.mat,results/noisy_channel_tradeoffs/server_full/exact-threshold/ldpc_rate/E2_0p1_Rc_0p6/points/result_n_36_awgn_ebno_p0p5.mat,36,5,90,0.1,0.6,0.5,838,54000,52510,54000,0.0155185185185185,0.972407407407407,0.972407407407407,0.493962962962963,60,0.108197551605495,100,108000,pilot; adaptive/event-or-cap stopping
exact-threshold,ldpc_rate,results/noisy_channel_tradeoffs/server_full/exact-threshold/ldpc_rate/summary_noisy_channel_tradeoff.mat,results/noisy_channel_tradeoffs/server_full/exact-threshold/ldpc_rate/E2_0p1_Rc_0p6/points/result_n_36_awgn_ebno_p0p75.mat,36,5,90,0.1,0.6,0.75,772,54000,52277,54000,0.0142962962962963,0.968092592592593,0.968092592592593,0.491194444444444,60,0.108197551605495,100,108000,pilot; adaptive/event-or-cap stopping
exact-threshold,ldpc_rate,results/noisy_channel_tradeoffs/server_full/exact-threshold/ldpc_rate/summary_noisy_channel_tradeoff.mat,results/noisy_channel_tradeoffs/server_full/exact-threshold/ldpc_rate/E2_0p1_Rc_0p6/points/result_n_36_awgn_ebno_p1p0.mat,36,5,90,0.1,0.6,1,832,54000,51922,54000,0.0154074074074074,0.961518518518519,0.961518518518519,0.488462962962963,60,0.108197551605495,100,108000,pilot; adaptive/event-or-cap stopping
exact-threshold,ldpc_rate,results/noisy_channel_tradeoffs/server_full/exact-threshold/ldpc_rate/summary_noisy_channel_tradeoff.mat,results/noisy_channel_tradeoffs/server_full/exact-threshold/ldpc_rate/E2_0p1_Rc_0p6/points/result_n_36_awgn_ebno_p1p25.mat,36,5,90,0.1,0.6,1.25,877,54000,51303,54000,0.0162407407407407,0.950055555555556,0.950055555555556,0.483148148148148,60,0.108197551605495,100,108000,pilot; adaptive/event-or-cap stopping
exact-threshold,ldpc_rate,results/noisy_channel_tradeoffs/server_full/exact-threshold/ldpc_rate/summary_noisy_channel_tradeoff.mat,results/noisy_channel_tradeoffs/server_full/exact-threshold/ldpc_rate/E2_0p1_Rc_0p6/points/result_n_36_awgn_ebno_p1p5.mat,36,5,90,0.1,0.6,1.5,846,54000,4297,54000,0.0156666666666667,0.0795740740740741,0.0795740740740741,0.0476203703703704,60,0.108197551605495,100,108000,pilot; adaptive/event-or-cap stopping
exact-threshold,ldpc_rate,results/noisy_channel_tradeoffs/server_full/exact-threshold/ldpc_rate/summary_noisy_channel_tradeoff.mat,results/noisy_channel_tradeoffs/server_full/exact-threshold/ldpc_rate/E2_0p1_Rc_0p6/points/result_n_36_awgn_ebno_p1p75.mat,36,5,90,0.1,0.6,1.75,15332,1000080,1,1000080,0.015330773538117,9.99920006399488e-07,0.015330773538117,0.00766588672906167,60,0.108197551605495,1852,2000160,pilot; adaptive/event-or-cap stopping
exact-threshold,ldpc_rate,results/noisy_channel_tradeoffs/server_full/exact-threshold/ldpc_rate/summary_noisy_channel_tradeoff.mat,results/noisy_channel_tradeoffs/server_full/exact-threshold/ldpc_rate/E2_0p1_Rc_0p6/points/result_n_36_awgn_ebno_p2p0.mat,36,5,90,0.1,0.6,2,15332,1000080,0,1000080,0.015330773538117,0,0.015330773538117,0.00766538676905848,60,0.108197551605495,1852,2000160,pilot; adaptive/event-or-cap stopping
exact-threshold,ldpc_rate,results/noisy_channel_tradeoffs/server_full/exact-threshold/ldpc_rate/summary_noisy_channel_tradeoff.mat,results/noisy_channel_tradeoffs/server_full/exact-threshold/ldpc_rate/E2_0p1_Rc_0p6/points/result_n_36_awgn_ebno_p2p25.mat,36,5,90,0.1,0.6,2.25,15332,1000080,0,1000080,0.015330773538117,0,0.015330773538117,0.00766538676905848,60,0.108197551605495,1852,2000160,pilot; adaptive/event-or-cap stopping
exact-threshold,ldpc_rate,results/noisy_channel_tradeoffs/server_full/exact-threshold/ldpc_rate/summary_noisy_channel_tradeoff.mat,results/noisy_channel_tradeoffs/server_full/exact-threshold/ldpc_rate/E2_0p1_Rc_0p6/points/result_n_36_awgn_ebno_p2p5.mat,36,5,90,0.1,0.6,2.5,15332,1000080,0,1000080,0.015330773538117,0,0.015330773538117,0.00766538676905848,60,0.108197551605495,1852,2000160,pilot; adaptive/event-or-cap stopping
exact-threshold,ldpc_rate,results/noisy_channel_tradeoffs/server_full/exact-threshold/ldpc_rate/summary_noisy_channel_tradeoff.mat,results/noisy_channel_tradeoffs/server_full/exact-threshold/ldpc_rate/E2_0p1_Rc_0p6/points/result_n_36_awgn_ebno_p2p75.mat,36,5,90,0.1,0.6,2.75,15332,1000080,0,1000080,0.015330773538117,0,0.015330773538117,0.00766538676905848,60,0.108197551605495,1852,2000160,pilot; adaptive/event-or-cap stopping
exact-threshold,ldpc_rate,results/noisy_channel_tradeoffs/server_full/exact-threshold/ldpc_rate/summary_noisy_channel_tradeoff.mat,results/noisy_channel_tradeoffs/server_full/exact-threshold/ldpc_rate/E2_0p1_Rc_0p6/points/result_n_36_awgn_ebno_p3p0.mat,36,5,90,0.1,0.6,3,15332,1000080,0,1000080,0.015330773538117,0,0.015330773538117,0.00766538676905848,60,0.108197551605495,1852,2000160,pilot; adaptive/event-or-cap stopping
exact-threshold,ldpc_rate,results/noisy_channel_tradeoffs/server_full/exact-threshold/ldpc_rate/summary_noisy_channel_tradeoff.mat,results/noisy_channel_tradeoffs/server_full/exact-threshold/ldpc_rate/E2_0p1_Rc_0p6/points/result_n_36_awgn_ebno_p3p25.mat,36,5,90,0.1,0.6,3.25,15332,1000080,0,1000080,0.015330773538117,0,0.015330773538117,0.00766538676905848,60,0.108197551605495,1852,2000160,pilot; adaptive/event-or-cap stopping
exact-threshold,ldpc_rate,results/noisy_channel_tradeoffs/server_full/exact-threshold/ldpc_rate/summary_noisy_channel_tradeoff.mat,results/noisy_channel_tradeoffs/server_full/exact-threshold/ldpc_rate/E2_0p1_Rc_0p6/points/result_n_36_awgn_ebno_p3p5.mat,36,5,90,0.1,0.6,3.5,15332,1000080,0,1000080,0.015330773538117,0,0.015330773538117,0.00766538676905848,60,0.108197551605495,1852,2000160,pilot; adaptive/event-or-cap stopping
exact-threshold,ldpc_rate,results/noisy_channel_tradeoffs/server_full/exact-threshold/ldpc_rate/summary_noisy_channel_tradeoff.mat,results/noisy_channel_tradeoffs/server_full/exact-threshold/ldpc_rate/E2_0p1_Rc_0p6/points/result_n_36_awgn_ebno_p3p75.mat,36,5,90,0.1,0.6,3.75,15332,1000080,0,1000080,0.015330773538117,0,0.015330773538117,0.00766538676905848,60,0.108197551605495,1852,2000160,pilot; adaptive/event-or-cap stopping
exact-threshold,ldpc_rate,results/noisy_channel_tradeoffs/server_full/exact-threshold/ldpc_rate/summary_noisy_channel_tradeoff.mat,results/noisy_channel_tradeoffs/server_full/exact-threshold/ldpc_rate/E2_0p1_Rc_0p6/points/result_n_36_awgn_ebno_p4p0.mat,36,5,90,0.1,0.6,4,15332,1000080,0,1000080,0.015330773538117,0,0.015330773538117,0.00766538676905848,60,0.108197551605495,1852,2000160,pilot; adaptive/event-or-cap stopping
exact-threshold,ldpc_rate,results/noisy_channel_tradeoffs/server_full/exact-threshold/ldpc_rate/summary_noisy_channel_tradeoff.mat,results/noisy_channel_tradeoffs/server_full/exact-threshold/ldpc_rate/E2_0p1_Rc_0p6/points/result_n_36_awgn_ebno_p4p25.mat,36,5,90,0.1,0.6,4.25,15332,1000080,0,1000080,0.015330773538117,0,0.015330773538117,0.00766538676905848,60,0.108197551605495,1852,2000160,pilot; adaptive/event-or-cap stopping
exact-threshold,ldpc_rate,results/noisy_channel_tradeoffs/server_full/exact-threshold/ldpc_rate/summary_noisy_channel_tradeoff.mat,results/noisy_channel_tradeoffs/server_full/exact-threshold/ldpc_rate/E2_0p1_Rc_0p6/points/result_n_36_awgn_ebno_p4p5.mat,36,5,90,0.1,0.6,4.5,15332,1000080,0,1000080,0.015330773538117,0,0.015330773538117,0.00766538676905848,60,0.108197551605495,1852,2000160,pilot; adaptive/event-or-cap stopping
exact-threshold,ldpc_rate,results/noisy_channel_tradeoffs/server_full/exact-threshold/ldpc_rate/summary_noisy_channel_tradeoff.mat,results/noisy_channel_tradeoffs/server_full/exact-threshold/ldpc_rate/E2_0p1_Rc_0p6/points/result_n_36_awgn_ebno_p4p75.mat,36,5,90,0.1,0.6,4.75,15332,1000080,0,1000080,0.015330773538117,0,0.015330773538117,0.00766538676905848,60,0.108197551605495,1852,2000160,pilot; adaptive/event-or-cap stopping
exact-threshold,ldpc_rate,results/noisy_channel_tradeoffs/server_full/exact-threshold/ldpc_rate/summary_noisy_channel_tradeoff.mat,results/noisy_channel_tradeoffs/server_full/exact-threshold/ldpc_rate/E2_0p1_Rc_0p6/points/result_n_36_awgn_ebno_p5p0.mat,36,5,90,0.1,0.6,5,15332,1000080,0,1000080,0.015330773538117,0,0.015330773538117,0.00766538676905848,60,0.108197551605495,1852,2000160,pilot; adaptive/event-or-cap stopping
exact-threshold,ldpc_rate,results/noisy_channel_tradeoffs/server_full/exact-threshold/ldpc_rate/summary_noisy_channel_tradeoff.mat,results/noisy_channel_tradeoffs/server_full/exact-threshold/ldpc_rate/E2_0p1_Rc_0p6667/points/result_n_36_awgn_ebno_p0p0.mat,36,5,90,0.1,0.666666666666667,0,902,60000,58095,60000,0.0150333333333333,0.96825,0.96825,0.491641666666667,54,0.120219501783883,100,120000,pilot; adaptive/event-or-cap stopping
exact-threshold,ldpc_rate,results/noisy_channel_tradeoffs/server_full/exact-threshold/ldpc_rate/summary_noisy_channel_tradeoff.mat,results/noisy_channel_tradeoffs/server_full/exact-threshold/ldpc_rate/E2_0p1_Rc_0p6667/points/result_n_36_awgn_ebno_p0p25.mat,36,5,90,0.1,0.666666666666667,0.25,907,60000,57758,60000,0.0151166666666667,0.962633333333333,0.962633333333333,0.488875,54,0.120219501783883,100,120000,pilot; adaptive/event-or-cap stopping
exact-threshold,ldpc_rate,results/noisy_channel_tradeoffs/server_full/exact-threshold/ldpc_rate/summary_noisy_channel_tradeoff.mat,results/noisy_channel_tradeoffs/server_full/exact-threshold/ldpc_rate/E2_0p1_Rc_0p6667/points/result_n_36_awgn_ebno_p0p5.mat,36,5,90,0.1,0.666666666666667,0.5,887,60000,57367,60000,0.0147833333333333,0.956116666666667,0.956116666666667,0.48545,54,0.120219501783883,100,120000,pilot; adaptive/event-or-cap stopping
exact-threshold,ldpc_rate,results/noisy_channel_tradeoffs/server_full/exact-threshold/ldpc_rate/summary_noisy_channel_tradeoff.mat,results/noisy_channel_tradeoffs/server_full/exact-threshold/ldpc_rate/E2_0p1_Rc_0p6667/points/result_n_36_awgn_ebno_p0p75.mat,36,5,90,0.1,0.666666666666667,0.75,924,60000,56353,60000,0.0154,0.939216666666667,0.939216666666667,0.477308333333333,54,0.120219501783883,100,120000,pilot; adaptive/event-or-cap stopping
exact-threshold,ldpc_rate,results/noisy_channel_tradeoffs/server_full/exact-threshold/ldpc_rate/summary_noisy_channel_tradeoff.mat,results/noisy_channel_tradeoffs/server_full/exact-threshold/ldpc_rate/E2_0p1_Rc_0p6667/points/result_n_36_awgn_ebno_p1p0.mat,36,5,90,0.1,0.666666666666667,1,920,60000,54413,60000,0.0153333333333333,0.906883333333333,0.906883333333333,0.461108333333333,54,0.120219501783883,100,120000,pilot; adaptive/event-or-cap stopping
exact-threshold,ldpc_rate,results/noisy_channel_tradeoffs/server_full/exact-threshold/ldpc_rate/summary_noisy_channel_tradeoff.mat,results/noisy_channel_tradeoffs/server_full/exact-threshold/ldpc_rate/E2_0p1_Rc_0p6667/points/result_n_36_awgn_ebno_p1p25.mat,36,5,90,0.1,0.666666666666667,1.25,906,60000,49320,60000,0.0151,0.822,0.822,0.41855,54,0.120219501783883,100,120000,pilot; adaptive/event-or-cap stopping
exact-threshold,ldpc_rate,results/noisy_channel_tradeoffs/server_full/exact-threshold/ldpc_rate/summary_noisy_channel_tradeoff.mat,results/noisy_channel_tradeoffs/server_full/exact-threshold/ldpc_rate/E2_0p1_Rc_0p6667/points/result_n_36_awgn_ebno_p1p5.mat,36,5,90,0.1,0.666666666666667,1.5,897,60000,36078,60000,0.01495,0.6013,0.6013,0.308125,54,0.120219501783883,100,120000,pilot; adaptive/event-or-cap stopping
exact-threshold,ldpc_rate,results/noisy_channel_tradeoffs/server_full/exact-threshold/ldpc_rate/summary_noisy_channel_tradeoff.mat,results/noisy_channel_tradeoffs/server_full/exact-threshold/ldpc_rate/E2_0p1_Rc_0p6667/points/result_n_36_awgn_ebno_p1p75.mat,36,5,90,0.1,0.666666666666667,1.75,915,60000,6085,60000,0.01525,0.101416666666667,0.101416666666667,0.0583333333333333,54,0.120219501783883,100,120000,pilot; adaptive/event-or-cap stopping
exact-threshold,ldpc_rate,results/noisy_channel_tradeoffs/server_full/exact-threshold/ldpc_rate/summary_noisy_channel_tradeoff.mat,results/noisy_channel_tradeoffs/server_full/exact-threshold/ldpc_rate/E2_0p1_Rc_0p6667/points/result_n_36_awgn_ebno_p2p0.mat,36,5,90,0.1,0.666666666666667,2,15346,1000800,2,1000800,0.0153337330135891,1.99840127897682e-06,0.0153337330135891,0.00766786570743405,54,0.120219501783883,1668,2001600,pilot; adaptive/event-or-cap stopping
exact-threshold,ldpc_rate,results/noisy_channel_tradeoffs/server_full/exact-threshold/ldpc_rate/summary_noisy_channel_tradeoff.mat,results/noisy_channel_tradeoffs/server_full/exact-threshold/ldpc_rate/E2_0p1_Rc_0p6667/points/result_n_36_awgn_ebno_p2p25.mat,36,5,90,0.1,0.666666666666667,2.25,15346,1000800,3,1000800,0.0153337330135891,2.99760191846523e-06,0.0153337330135891,0.0076683653077538,54,0.120219501783883,1668,2001600,pilot; adaptive/event-or-cap stopping
exact-threshold,ldpc_rate,results/noisy_channel_tradeoffs/server_full/exact-threshold/ldpc_rate/summary_noisy_channel_tradeoff.mat,results/noisy_channel_tradeoffs/server_full/exact-threshold/ldpc_rate/E2_0p1_Rc_0p6667/points/result_n_36_awgn_ebno_p2p5.mat,36,5,90,0.1,0.666666666666667,2.5,15346,1000800,0,1000800,0.0153337330135891,0,0.0153337330135891,0.00766686650679456,54,0.120219501783883,1668,2001600,pilot; adaptive/event-or-cap stopping
exact-threshold,ldpc_rate,results/noisy_channel_tradeoffs/server_full/exact-threshold/ldpc_rate/summary_noisy_channel_tradeoff.mat,results/noisy_channel_tradeoffs/server_full/exact-threshold/ldpc_rate/E2_0p1_Rc_0p6667/points/result_n_36_awgn_ebno_p2p75.mat,36,5,90,0.1,0.666666666666667,2.75,15346,1000800,3,1000800,0.0153337330135891,2.99760191846523e-06,0.0153337330135891,0.0076683653077538,54,0.120219501783883,1668,2001600,pilot; adaptive/event-or-cap stopping
exact-threshold,ldpc_rate,results/noisy_channel_tradeoffs/server_full/exact-threshold/ldpc_rate/summary_noisy_channel_tradeoff.mat,results/noisy_channel_tradeoffs/server_full/exact-threshold/ldpc_rate/E2_0p1_Rc_0p6667/points/result_n_36_awgn_ebno_p3p0.mat,36,5,90,0.1,0.666666666666667,3,15346,1000800,0,1000800,0.0153337330135891,0,0.0153337330135891,0.00766686650679456,54,0.120219501783883,1668,2001600,pilot; adaptive/event-or-cap stopping
exact-threshold,ldpc_rate,results/noisy_channel_tradeoffs/server_full/exact-threshold/ldpc_rate/summary_noisy_channel_tradeoff.mat,results/noisy_channel_tradeoffs/server_full/exact-threshold/ldpc_rate/E2_0p1_Rc_0p6667/points/result_n_36_awgn_ebno_p3p25.mat,36,5,90,0.1,0.666666666666667,3.25,15346,1000800,2,1000800,0.0153337330135891,1.99840127897682e-06,0.0153337330135891,0.00766786570743405,54,0.120219501783883,1668,2001600,pilot; adaptive/event-or-cap stopping
exact-threshold,ldpc_rate,results/noisy_channel_tradeoffs/server_full/exact-threshold/ldpc_rate/summary_noisy_channel_tradeoff.mat,results/noisy_channel_tradeoffs/server_full/exact-threshold/ldpc_rate/E2_0p1_Rc_0p6667/points/result_n_36_awgn_ebno_p3p5.mat,36,5,90,0.1,0.666666666666667,3.5,15346,1000800,0,1000800,0.0153337330135891,0,0.0153337330135891,0.00766686650679456,54,0.120219501783883,1668,2001600,pilot; adaptive/event-or-cap stopping
exact-threshold,ldpc_rate,results/noisy_channel_tradeoffs/server_full/exact-threshold/ldpc_rate/summary_noisy_channel_tradeoff.mat,results/noisy_channel_tradeoffs/server_full/exact-threshold/ldpc_rate/E2_0p1_Rc_0p6667/points/result_n_36_awgn_ebno_p3p75.mat,36,5,90,0.1,0.666666666666667,3.75,15346,1000800,0,1000800,0.0153337330135891,0,0.0153337330135891,0.00766686650679456,54,0.120219501783883,1668,2001600,pilot; adaptive/event-or-cap stopping
exact-threshold,ldpc_rate,results/noisy_channel_tradeoffs/server_full/exact-threshold/ldpc_rate/summary_noisy_channel_tradeoff.mat,results/noisy_channel_tradeoffs/server_full/exact-threshold/ldpc_rate/E2_0p1_Rc_0p6667/points/result_n_36_awgn_ebno_p4p0.mat,36,5,90,0.1,0.666666666666667,4,15346,1000800,0,1000800,0.0153337330135891,0,0.0153337330135891,0.00766686650679456,54,0.120219501783883,1668,2001600,pilot; adaptive/event-or-cap stopping
exact-threshold,ldpc_rate,results/noisy_channel_tradeoffs/server_full/exact-threshold/ldpc_rate/summary_noisy_channel_tradeoff.mat,results/noisy_channel_tradeoffs/server_full/exact-threshold/ldpc_rate/E2_0p1_Rc_0p6667/points/result_n_36_awgn_ebno_p4p25.mat,36,5,90,0.1,0.666666666666667,4.25,15346,1000800,0,1000800,0.0153337330135891,0,0.0153337330135891,0.00766686650679456,54,0.120219501783883,1668,2001600,pilot; adaptive/event-or-cap stopping
exact-threshold,ldpc_rate,results/noisy_channel_tradeoffs/server_full/exact-threshold/ldpc_rate/summary_noisy_channel_tradeoff.mat,results/noisy_channel_tradeoffs/server_full/exact-threshold/ldpc_rate/E2_0p1_Rc_0p6667/points/result_n_36_awgn_ebno_p4p5.mat,36,5,90,0.1,0.666666666666667,4.5,15346,1000800,0,1000800,0.0153337330135891,0,0.0153337330135891,0.00766686650679456,54,0.120219501783883,1668,2001600,pilot; adaptive/event-or-cap stopping
exact-threshold,ldpc_rate,results/noisy_channel_tradeoffs/server_full/exact-threshold/ldpc_rate/summary_noisy_channel_tradeoff.mat,results/noisy_channel_tradeoffs/server_full/exact-threshold/ldpc_rate/E2_0p1_Rc_0p6667/points/result_n_36_awgn_ebno_p4p75.mat,36,5,90,0.1,0.666666666666667,4.75,15346,1000800,0,1000800,0.0153337330135891,0,0.0153337330135891,0.00766686650679456,54,0.120219501783883,1668,2001600,pilot; adaptive/event-or-cap stopping
exact-threshold,ldpc_rate,results/noisy_channel_tradeoffs/server_full/exact-threshold/ldpc_rate/summary_noisy_channel_tradeoff.mat,results/noisy_channel_tradeoffs/server_full/exact-threshold/ldpc_rate/E2_0p1_Rc_0p6667/points/result_n_36_awgn_ebno_p5p0.mat,36,5,90,0.1,0.666666666666667,5,15346,1000800,0,1000800,0.0153337330135891,0,0.0153337330135891,0.00766686650679456,54,0.120219501783883,1668,2001600,pilot; adaptive/event-or-cap stopping
exact-threshold,ldpc_rate,results/noisy_channel_tradeoffs/server_full/exact-threshold/ldpc_rate/summary_noisy_channel_tradeoff.mat,results/noisy_channel_tradeoffs/server_full/exact-threshold/ldpc_rate/E2_0p1_Rc_0p3333/points/result_n_42_awgn_ebno_p0p0.mat,42,8,168,0.1,0.333333333333333,0,207,28784,23803,28784,0.00719149527515286,0.826952473596442,0.826952473596442,0.417071984435798,126.070038910506,0.0586365919029056,112,57568,pilot; adaptive/event-or-cap stopping
exact-threshold,ldpc_rate,results/noisy_channel_tradeoffs/server_full/exact-threshold/ldpc_rate/summary_noisy_channel_tradeoff.mat,results/noisy_channel_tradeoffs/server_full/exact-threshold/ldpc_rate/E2_0p1_Rc_0p3333/points/result_n_42_awgn_ebno_p0p25.mat,42,8,168,0.1,0.333333333333333,0.25,206,27756,16532,27756,0.0074218187058654,0.595618965268771,0.595618965268771,0.301520391987318,126.070038910506,0.0586365919029056,108,55512,pilot; adaptive/event-or-cap stopping
exact-threshold,ldpc_rate,results/noisy_channel_tradeoffs/server_full/exact-threshold/ldpc_rate/summary_noisy_channel_tradeoff.mat,results/noisy_channel_tradeoffs/server_full/exact-threshold/ldpc_rate/E2_0p1_Rc_0p3333/points/result_n_42_awgn_ebno_p0p5.mat,42,8,168,0.1,0.333333333333333,0.5,206,26728,12397,26728,0.00770727327147561,0.463820712361568,0.463820712361568,0.235763992816522,126.070038910506,0.0586365919029056,104,53456,pilot; adaptive/event-or-cap stopping
exact-threshold,ldpc_rate,results/noisy_channel_tradeoffs/server_full/exact-threshold/ldpc_rate/summary_noisy_channel_tradeoff.mat,results/noisy_channel_tradeoffs/server_full/exact-threshold/ldpc_rate/E2_0p1_Rc_0p3333/points/result_n_42_awgn_ebno_p0p75.mat,42,8,168,0.1,0.333333333333333,0.75,213,29812,9671,29812,0.00714477391654367,0.324399570642694,0.324399570642694,0.165772172279619,126.070038910506,0.0586365919029056,116,59624,pilot; adaptive/event-or-cap stopping
exact-threshold,ldpc_rate,results/noisy_channel_tradeoffs/server_full/exact-threshold/ldpc_rate/summary_noisy_channel_tradeoff.mat,results/noisy_channel_tradeoffs/server_full/exact-threshold/ldpc_rate/E2_0p1_Rc_0p3333/points/result_n_42_awgn_ebno_p1p0.mat,42,8,168,0.1,0.333333333333333,1,208,26728,5029,26728,0.00778210116731518,0.188154744088596,0.188154744088596,0.0979684226279557,126.070038910506,0.0586365919029056,104,53456,pilot; adaptive/event-or-cap stopping
exact-threshold,ldpc_rate,results/noisy_channel_tradeoffs/server_full/exact-threshold/ldpc_rate/summary_noisy_channel_tradeoff.mat,results/noisy_channel_tradeoffs/server_full/exact-threshold/ldpc_rate/E2_0p1_Rc_0p3333/points/result_n_42_awgn_ebno_p1p25.mat,42,8,168,0.1,0.333333333333333,1.25,206,27756,2346,27756,0.0074218187058654,0.0845222654561176,0.0845222654561176,0.0459720420809915,126.070038910506,0.0586365919029056,108,55512,pilot; adaptive/event-or-cap stopping
exact-threshold,ldpc_rate,results/noisy_channel_tradeoffs/server_full/exact-threshold/ldpc_rate/summary_noisy_channel_tradeoff.mat,results/noisy_channel_tradeoffs/server_full/exact-threshold/ldpc_rate/E2_0p1_Rc_0p3333/points/result_n_42_awgn_ebno_p1p5.mat,42,8,168,0.1,0.333333333333333,1.5,204,27756,1076,27756,0.00734976221357544,0.038766392851996,0.038766392851996,0.0230580775327857,126.070038910506,0.0586365919029056,108,55512,pilot; adaptive/event-or-cap stopping
exact-threshold,ldpc_rate,results/noisy_channel_tradeoffs/server_full/exact-threshold/ldpc_rate/summary_noisy_channel_tradeoff.mat,results/noisy_channel_tradeoffs/server_full/exact-threshold/ldpc_rate/E2_0p1_Rc_0p3333/points/result_n_42_awgn_ebno_p1p75.mat,42,8,168,0.1,0.333333333333333,1.75,205,27756,439,27756,0.00738579045972042,0.0158164000576452,0.0158164000576452,0.0116010952586828,126.070038910506,0.0586365919029056,108,55512,pilot; adaptive/event-or-cap stopping
exact-threshold,ldpc_rate,results/noisy_channel_tradeoffs/server_full/exact-threshold/ldpc_rate/summary_noisy_channel_tradeoff.mat,results/noisy_channel_tradeoffs/server_full/exact-threshold/ldpc_rate/E2_0p1_Rc_0p3333/points/result_n_42_awgn_ebno_p2p0.mat,42,8,168,0.1,0.333333333333333,2,286,41120,204,41120,0.00695525291828794,0.00496108949416342,0.00695525291828794,0.00595817120622568,126.070038910506,0.0586365919029056,160,82240,pilot; adaptive/event-or-cap stopping
exact-threshold,ldpc_rate,results/noisy_channel_tradeoffs/server_full/exact-threshold/ldpc_rate/summary_noisy_channel_tradeoff.mat,results/noisy_channel_tradeoffs/server_full/exact-threshold/ldpc_rate/E2_0p1_Rc_0p3333/points/result_n_42_awgn_ebno_p2p25.mat,42,8,168,0.1,0.333333333333333,2.25,743,109996,200,109996,0.00675479108331212,0.00181824793628859,0.00675479108331212,0.00428651950980036,126.070038910506,0.0586365919029056,428,219992,pilot; adaptive/event-or-cap stopping
exact-threshold,ldpc_rate,results/noisy_channel_tradeoffs/server_full/exact-threshold/ldpc_rate/summary_noisy_channel_tradeoff.mat,results/noisy_channel_tradeoffs/server_full/exact-threshold/ldpc_rate/E2_0p1_Rc_0p3333/points/result_n_42_awgn_ebno_p2p5.mat,42,8,168,0.1,0.333333333333333,2.5,1877,276532,200,276532,0.00678764121331347,0.000723243602910332,0.00678764121331347,0.0037554424081119,126.070038910506,0.0586365919029056,1076,553064,pilot; adaptive/event-or-cap stopping
exact-threshold,ldpc_rate,results/noisy_channel_tradeoffs/server_full/exact-threshold/ldpc_rate/summary_noisy_channel_tradeoff.mat,results/noisy_channel_tradeoffs/server_full/exact-threshold/ldpc_rate/E2_0p1_Rc_0p3333/points/result_n_42_awgn_ebno_p2p75.mat,42,8,168,0.1,0.333333333333333,2.75,5443,818288,200,818288,0.00665169231370862,0.00024441272510412,0.00665169231370862,0.00344805251940637,126.070038910506,0.0586365919029056,3184,1636576,pilot; adaptive/event-or-cap stopping
exact-threshold,ldpc_rate,results/noisy_channel_tradeoffs/server_full/exact-threshold/ldpc_rate/summary_noisy_channel_tradeoff.mat,results/noisy_channel_tradeoffs/server_full/exact-threshold/ldpc_rate/E2_0p1_Rc_0p3333/points/result_n_42_awgn_ebno_p3p0.mat,42,8,168,0.1,0.333333333333333,3,6689,1000244,89,1000244,0.00668736828213916,8.89782892974114e-05,0.00668736828213916,0.00338817328571828,126.070038910506,0.0586365919029056,3892,2000488,pilot; adaptive/event-or-cap stopping
exact-threshold,ldpc_rate,results/noisy_channel_tradeoffs/server_full/exact-threshold/ldpc_rate/summary_noisy_channel_tradeoff.mat,results/noisy_channel_tradeoffs/server_full/exact-threshold/ldpc_rate/E2_0p1_Rc_0p3333/points/result_n_42_awgn_ebno_p3p25.mat,42,8,168,0.1,0.333333333333333,3.25,6689,1000244,30,1000244,0.00668736828213916,2.99926817856443e-05,0.00668736828213916,0.0033586804819624,126.070038910506,0.0586365919029056,3892,2000488,pilot; adaptive/event-or-cap stopping
exact-threshold,ldpc_rate,results/noisy_channel_tradeoffs/server_full/exact-threshold/ldpc_rate/summary_noisy_channel_tradeoff.mat,results/noisy_channel_tradeoffs/server_full/exact-threshold/ldpc_rate/E2_0p1_Rc_0p3333/points/result_n_42_awgn_ebno_p3p5.mat,42,8,168,0.1,0.333333333333333,3.5,6689,1000244,15,1000244,0.00668736828213916,1.49963408928222e-05,0.00668736828213916,0.00335118231151599,126.070038910506,0.0586365919029056,3892,2000488,pilot; adaptive/event-or-cap stopping
exact-threshold,ldpc_rate,results/noisy_channel_tradeoffs/server_full/exact-threshold/ldpc_rate/summary_noisy_channel_tradeoff.mat,results/noisy_channel_tradeoffs/server_full/exact-threshold/ldpc_rate/E2_0p1_Rc_0p3333/points/result_n_42_awgn_ebno_p3p75.mat,42,8,168,0.1,0.333333333333333,3.75,6689,1000244,5,1000244,0.00668736828213916,4.99878029760738e-06,0.00668736828213916,0.00334618353121838,126.070038910506,0.0586365919029056,3892,2000488,pilot; adaptive/event-or-cap stopping
exact-threshold,ldpc_rate,results/noisy_channel_tradeoffs/server_full/exact-threshold/ldpc_rate/summary_noisy_channel_tradeoff.mat,results/noisy_channel_tradeoffs/server_full/exact-threshold/ldpc_rate/E2_0p1_Rc_0p3333/points/result_n_42_awgn_ebno_p4p0.mat,42,8,168,0.1,0.333333333333333,4,6689,1000244,1,1000244,0.00668736828213916,9.99756059521477e-07,0.00668736828213916,0.00334418401909934,126.070038910506,0.0586365919029056,3892,2000488,pilot; adaptive/event-or-cap stopping
exact-threshold,ldpc_rate,results/noisy_channel_tradeoffs/server_full/exact-threshold/ldpc_rate/summary_noisy_channel_tradeoff.mat,results/noisy_channel_tradeoffs/server_full/exact-threshold/ldpc_rate/E2_0p1_Rc_0p3333/points/result_n_42_awgn_ebno_p4p25.mat,42,8,168,0.1,0.333333333333333,4.25,6689,1000244,2,1000244,0.00668736828213916,1.99951211904295e-06,0.00668736828213916,0.0033446838971291,126.070038910506,0.0586365919029056,3892,2000488,pilot; adaptive/event-or-cap stopping
exact-threshold,ldpc_rate,results/noisy_channel_tradeoffs/server_full/exact-threshold/ldpc_rate/summary_noisy_channel_tradeoff.mat,results/noisy_channel_tradeoffs/server_full/exact-threshold/ldpc_rate/E2_0p1_Rc_0p3333/points/result_n_42_awgn_ebno_p4p5.mat,42,8,168,0.1,0.333333333333333,4.5,6689,1000244,0,1000244,0.00668736828213916,0,0.00668736828213916,0.00334368414106958,126.070038910506,0.0586365919029056,3892,2000488,pilot; adaptive/event-or-cap stopping
exact-threshold,ldpc_rate,results/noisy_channel_tradeoffs/server_full/exact-threshold/ldpc_rate/summary_noisy_channel_tradeoff.mat,results/noisy_channel_tradeoffs/server_full/exact-threshold/ldpc_rate/E2_0p1_Rc_0p3333/points/result_n_42_awgn_ebno_p4p75.mat,42,8,168,0.1,0.333333333333333,4.75,6689,1000244,0,1000244,0.00668736828213916,0,0.00668736828213916,0.00334368414106958,126.070038910506,0.0586365919029056,3892,2000488,pilot; adaptive/event-or-cap stopping
exact-threshold,ldpc_rate,results/noisy_channel_tradeoffs/server_full/exact-threshold/ldpc_rate/summary_noisy_channel_tradeoff.mat,results/noisy_channel_tradeoffs/server_full/exact-threshold/ldpc_rate/E2_0p1_Rc_0p3333/points/result_n_42_awgn_ebno_p5p0.mat,42,8,168,0.1,0.333333333333333,5,6689,1000244,0,1000244,0.00668736828213916,0,0.00668736828213916,0.00334368414106958,126.070038910506,0.0586365919029056,3892,2000488,pilot; adaptive/event-or-cap stopping
exact-threshold,ldpc_rate,results/noisy_channel_tradeoffs/server_full/exact-threshold/ldpc_rate/summary_noisy_channel_tradeoff.mat,results/noisy_channel_tradeoffs/server_full/exact-threshold/ldpc_rate/E2_0p1_Rc_0p4/points/result_n_42_awgn_ebno_p0p0.mat,42,8,168,0.1,0.4,0,203,32084,31813,32084,0.0063271412542077,0.99155342226655,0.99155342226655,0.498940281760379,105.024311183144,0.0703867260780015,104,64168,pilot; adaptive/event-or-cap stopping
exact-threshold,ldpc_rate,results/noisy_channel_tradeoffs/server_full/exact-threshold/ldpc_rate/summary_noisy_channel_tradeoff.mat,results/noisy_channel_tradeoffs/server_full/exact-threshold/ldpc_rate/E2_0p1_Rc_0p4/points/result_n_42_awgn_ebno_p0p25.mat,42,8,168,0.1,0.4,0.25,200,34552,34085,34552,0.00578837693910627,0.986484139847187,0.986484139847187,0.496136258393147,105.024311183144,0.0703867260780015,112,69104,pilot; adaptive/event-or-cap stopping
exact-threshold,ldpc_rate,results/noisy_channel_tradeoffs/server_full/exact-threshold/ldpc_rate/summary_noisy_channel_tradeoff.mat,results/noisy_channel_tradeoffs/server_full/exact-threshold/ldpc_rate/E2_0p1_Rc_0p4/points/result_n_42_awgn_ebno_p0p5.mat,42,8,168,0.1,0.4,0.5,227,30850,8631,30850,0.0073581847649919,0.279773095623987,0.279773095623987,0.143565640194489,105.024311183144,0.0703867260780015,100,61700,pilot; adaptive/event-or-cap stopping
exact-threshold,ldpc_rate,results/noisy_channel_tradeoffs/server_full/exact-threshold/ldpc_rate/summary_noisy_channel_tradeoff.mat,results/noisy_channel_tradeoffs/server_full/exact-threshold/ldpc_rate/E2_0p1_Rc_0p4/points/result_n_42_awgn_ebno_p0p75.mat,42,8,168,0.1,0.4,0.75,212,30850,4053,30850,0.00687196110210697,0.131377633711507,0.131377633711507,0.0691247974068071,105.024311183144,0.0703867260780015,100,61700,pilot; adaptive/event-or-cap stopping
exact-threshold,ldpc_rate,results/noisy_channel_tradeoffs/server_full/exact-threshold/ldpc_rate/summary_noisy_channel_tradeoff.mat,results/noisy_channel_tradeoffs/server_full/exact-threshold/ldpc_rate/E2_0p1_Rc_0p4/points/result_n_42_awgn_ebno_p1p0.mat,42,8,168,0.1,0.4,1,224,30850,1480,30850,0.00726094003241491,0.0479740680713128,0.0479740680713128,0.0276175040518639,105.024311183144,0.0703867260780015,100,61700,pilot; adaptive/event-or-cap stopping
exact-threshold,ldpc_rate,results/noisy_channel_tradeoffs/server_full/exact-threshold/ldpc_rate/summary_noisy_channel_tradeoff.mat,results/noisy_channel_tradeoffs/server_full/exact-threshold/ldpc_rate/E2_0p1_Rc_0p4/points/result_n_42_awgn_ebno_p1p25.mat,42,8,168,0.1,0.4,1.25,227,30850,489,30850,0.0073581847649919,0.0158508914100486,0.0158508914100486,0.0116045380875203,105.024311183144,0.0703867260780015,100,61700,pilot; adaptive/event-or-cap stopping
exact-threshold,ldpc_rate,results/noisy_channel_tradeoffs/server_full/exact-threshold/ldpc_rate/summary_noisy_channel_tradeoff.mat,results/noisy_channel_tradeoffs/server_full/exact-threshold/ldpc_rate/E2_0p1_Rc_0p4/points/result_n_42_awgn_ebno_p1p5.mat,42,8,168,0.1,0.4,1.5,308,43190,203,43190,0.00713128038897893,0.00470016207455429,0.00713128038897893,0.00591572123176661,105.024311183144,0.0703867260780015,140,86380,pilot; adaptive/event-or-cap stopping
exact-threshold,ldpc_rate,results/noisy_channel_tradeoffs/server_full/exact-threshold/ldpc_rate/summary_noisy_channel_tradeoff.mat,results/noisy_channel_tradeoffs/server_full/exact-threshold/ldpc_rate/E2_0p1_Rc_0p4/points/result_n_42_awgn_ebno_p1p75.mat,42,8,168,0.1,0.4,1.75,893,133272,200,133272,0.00670058226784321,0.00150069031754607,0.00670058226784321,0.00410063629269464,105.024311183144,0.0703867260780015,432,266544,pilot; adaptive/event-or-cap stopping
exact-threshold,ldpc_rate,results/noisy_channel_tradeoffs/server_full/exact-threshold/ldpc_rate/summary_noisy_channel_tradeoff.mat,results/noisy_channel_tradeoffs/server_full/exact-threshold/ldpc_rate/E2_0p1_Rc_0p4/points/result_n_42_awgn_ebno_p2p0.mat,42,8,168,0.1,0.4,2,2387,356626,200,356626,0.00669328652425791,0.000560811606557009,0.00669328652425791,0.00362704906540746,105.024311183144,0.0703867260780015,1156,713252,pilot; adaptive/event-or-cap stopping
exact-threshold,ldpc_rate,results/noisy_channel_tradeoffs/server_full/exact-threshold/ldpc_rate/summary_noisy_channel_tradeoff.mat,results/noisy_channel_tradeoffs/server_full/exact-threshold/ldpc_rate/E2_0p1_Rc_0p4/points/result_n_42_awgn_ebno_p2p25.mat,42,8,168,0.1,0.4,2.25,6695,1000774,153,1000774,0.00668982207771185,0.000152881669587739,0.00668982207771185,0.00342135187364979,105.024311183144,0.0703867260780015,3244,2001548,pilot; adaptive/event-or-cap stopping
exact-threshold,ldpc_rate,results/noisy_channel_tradeoffs/server_full/exact-threshold/ldpc_rate/summary_noisy_channel_tradeoff.mat,results/noisy_channel_tradeoffs/server_full/exact-threshold/ldpc_rate/E2_0p1_Rc_0p4/points/result_n_42_awgn_ebno_p2p5.mat,42,8,168,0.1,0.4,2.5,6694,1000774,36,1000774,0.00668882285111324,3.59721575500563e-05,0.00668882285111324,0.00336239750433165,105.024311183144,0.0703867260780015,3244,2001548,pilot; adaptive/event-or-cap stopping
exact-threshold,ldpc_rate,results/noisy_channel_tradeoffs/server_full/exact-threshold/ldpc_rate/summary_noisy_channel_tradeoff.mat,results/noisy_channel_tradeoffs/server_full/exact-threshold/ldpc_rate/E2_0p1_Rc_0p4/points/result_n_42_awgn_ebno_p2p75.mat,42,8,168,0.1,0.4,2.75,6693,1000774,18,1000774,0.00668782362451463,1.79860787750281e-05,0.00668782362451463,0.00335290485164483,105.024311183144,0.0703867260780015,3244,2001548,pilot; adaptive/event-or-cap stopping
exact-threshold,ldpc_rate,results/noisy_channel_tradeoffs/server_full/exact-threshold/ldpc_rate/summary_noisy_channel_tradeoff.mat,results/noisy_channel_tradeoffs/server_full/exact-threshold/ldpc_rate/E2_0p1_Rc_0p4/points/result_n_42_awgn_ebno_p3p0.mat,42,8,168,0.1,0.4,3,6693,1000774,3,1000774,0.00668782362451463,2.99767979583802e-06,0.00668782362451463,0.00334541065215523,105.024311183144,0.0703867260780015,3244,2001548,pilot; adaptive/event-or-cap stopping
exact-threshold,ldpc_rate,results/noisy_channel_tradeoffs/server_full/exact-threshold/ldpc_rate/summary_noisy_channel_tradeoff.mat,results/noisy_channel_tradeoffs/server_full/exact-threshold/ldpc_rate/E2_0p1_Rc_0p4/points/result_n_42_awgn_ebno_p3p25.mat,42,8,168,0.1,0.4,3.25,6693,1000774,2,1000774,0.00668782362451463,1.99845319722535e-06,0.00668782362451463,0.00334491103885593,105.024311183144,0.0703867260780015,3244,2001548,pilot; adaptive/event-or-cap stopping
exact-threshold,ldpc_rate,results/noisy_channel_tradeoffs/server_full/exact-threshold/ldpc_rate/summary_noisy_channel_tradeoff.mat,results/noisy_channel_tradeoffs/server_full/exact-threshold/ldpc_rate/E2_0p1_Rc_0p4/points/result_n_42_awgn_ebno_p3p5.mat,42,8,168,0.1,0.4,3.5,6693,1000774,0,1000774,0.00668782362451463,0,0.00668782362451463,0.00334391181225731,105.024311183144,0.0703867260780015,3244,2001548,pilot; adaptive/event-or-cap stopping
exact-threshold,ldpc_rate,results/noisy_channel_tradeoffs/server_full/exact-threshold/ldpc_rate/summary_noisy_channel_tradeoff.mat,results/noisy_channel_tradeoffs/server_full/exact-threshold/ldpc_rate/E2_0p1_Rc_0p4/points/result_n_42_awgn_ebno_p3p75.mat,42,8,168,0.1,0.4,3.75,6693,1000774,0,1000774,0.00668782362451463,0,0.00668782362451463,0.00334391181225731,105.024311183144,0.0703867260780015,3244,2001548,pilot; adaptive/event-or-cap stopping
exact-threshold,ldpc_rate,results/noisy_channel_tradeoffs/server_full/exact-threshold/ldpc_rate/summary_noisy_channel_tradeoff.mat,results/noisy_channel_tradeoffs/server_full/exact-threshold/ldpc_rate/E2_0p1_Rc_0p4/points/result_n_42_awgn_ebno_p4p0.mat,42,8,168,0.1,0.4,4,6693,1000774,0,1000774,0.00668782362451463,0,0.00668782362451463,0.00334391181225731,105.024311183144,0.0703867260780015,3244,2001548,pilot; adaptive/event-or-cap stopping
exact-threshold,ldpc_rate,results/noisy_channel_tradeoffs/server_full/exact-threshold/ldpc_rate/summary_noisy_channel_tradeoff.mat,results/noisy_channel_tradeoffs/server_full/exact-threshold/ldpc_rate/E2_0p1_Rc_0p4/points/result_n_42_awgn_ebno_p4p25.mat,42,8,168,0.1,0.4,4.25,6693,1000774,0,1000774,0.00668782362451463,0,0.00668782362451463,0.00334391181225731,105.024311183144,0.0703867260780015,3244,2001548,pilot; adaptive/event-or-cap stopping
exact-threshold,ldpc_rate,results/noisy_channel_tradeoffs/server_full/exact-threshold/ldpc_rate/summary_noisy_channel_tradeoff.mat,results/noisy_channel_tradeoffs/server_full/exact-threshold/ldpc_rate/E2_0p1_Rc_0p4/points/result_n_42_awgn_ebno_p4p5.mat,42,8,168,0.1,0.4,4.5,6693,1000774,0,1000774,0.00668782362451463,0,0.00668782362451463,0.00334391181225731,105.024311183144,0.0703867260780015,3244,2001548,pilot; adaptive/event-or-cap stopping
exact-threshold,ldpc_rate,results/noisy_channel_tradeoffs/server_full/exact-threshold/ldpc_rate/summary_noisy_channel_tradeoff.mat,results/noisy_channel_tradeoffs/server_full/exact-threshold/ldpc_rate/E2_0p1_Rc_0p4/points/result_n_42_awgn_ebno_p4p75.mat,42,8,168,0.1,0.4,4.75,6693,1000774,0,1000774,0.00668782362451463,0,0.00668782362451463,0.00334391181225731,105.024311183144,0.0703867260780015,3244,2001548,pilot; adaptive/event-or-cap stopping
exact-threshold,ldpc_rate,results/noisy_channel_tradeoffs/server_full/exact-threshold/ldpc_rate/summary_noisy_channel_tradeoff.mat,results/noisy_channel_tradeoffs/server_full/exact-threshold/ldpc_rate/E2_0p1_Rc_0p4/points/result_n_42_awgn_ebno_p5p0.mat,42,8,168,0.1,0.4,5,6693,1000774,0,1000774,0.00668782362451463,0,0.00668782362451463,0.00334391181225731,105.024311183144,0.0703867260780015,3244,2001548,pilot; adaptive/event-or-cap stopping
exact-threshold,ldpc_rate,results/noisy_channel_tradeoffs/server_full/exact-threshold/ldpc_rate/summary_noisy_channel_tradeoff.mat,results/noisy_channel_tradeoffs/server_full/exact-threshold/ldpc_rate/E2_0p1_Rc_0p5/points/result_n_42_awgn_ebno_p0p0.mat,42,8,168,0.1,0.5,0,269,38550,38196,38550,0.00697795071335927,0.990817120622568,0.990817120622568,0.498897535667964,84.0466926070039,0.0879548878543584,100,77100,pilot; adaptive/event-or-cap stopping
exact-threshold,ldpc_rate,results/noisy_channel_tradeoffs/server_full/exact-threshold/ldpc_rate/summary_noisy_channel_tradeoff.mat,results/noisy_channel_tradeoffs/server_full/exact-threshold/ldpc_rate/E2_0p1_Rc_0p5/points/result_n_42_awgn_ebno_p0p25.mat,42,8,168,0.1,0.5,0.25,236,38550,38108,38550,0.0061219195849546,0.988534370946822,0.988534370946822,0.497328145265888,84.0466926070039,0.0879548878543584,100,77100,pilot; adaptive/event-or-cap stopping
exact-threshold,ldpc_rate,results/noisy_channel_tradeoffs/server_full/exact-threshold/ldpc_rate/summary_noisy_channel_tradeoff.mat,results/noisy_channel_tradeoffs/server_full/exact-threshold/ldpc_rate/E2_0p1_Rc_0p5/points/result_n_42_awgn_ebno_p0p5.mat,42,8,168,0.1,0.5,0.5,248,38550,37877,38550,0.00643320363164721,0.98254215304799,0.98254215304799,0.494487678339818,84.0466926070039,0.0879548878543584,100,77100,pilot; adaptive/event-or-cap stopping
exact-threshold,ldpc_rate,results/noisy_channel_tradeoffs/server_full/exact-threshold/ldpc_rate/summary_noisy_channel_tradeoff.mat,results/noisy_channel_tradeoffs/server_full/exact-threshold/ldpc_rate/E2_0p1_Rc_0p5/points/result_n_42_awgn_ebno_p0p75.mat,42,8,168,0.1,0.5,0.75,257,38550,29448,38550,0.00666666666666667,0.763891050583658,0.763891050583658,0.385278858625162,84.0466926070039,0.0879548878543584,100,77100,pilot; adaptive/event-or-cap stopping
exact-threshold,ldpc_rate,results/noisy_channel_tradeoffs/server_full/exact-threshold/ldpc_rate/summary_noisy_channel_tradeoff.mat,results/noisy_channel_tradeoffs/server_full/exact-threshold/ldpc_rate/E2_0p1_Rc_0p5/points/result_n_42_awgn_ebno_p1p0.mat,42,8,168,0.1,0.5,1,309,43176,202,43176,0.00715675375208449,0.00467852510654067,0.00715675375208449,0.00591763942931258,84.0466926070039,0.0879548878543584,112,86352,pilot; adaptive/event-or-cap stopping
exact-threshold,ldpc_rate,results/noisy_channel_tradeoffs/server_full/exact-threshold/ldpc_rate/summary_noisy_channel_tradeoff.mat,results/noisy_channel_tradeoffs/server_full/exact-threshold/ldpc_rate/E2_0p1_Rc_0p5/points/result_n_42_awgn_ebno_p1p25.mat,42,8,168,0.1,0.5,1.25,1536,225132,200,225132,0.00682266403709824,0.000888367713163833,0.00682266403709824,0.00385551587513103,84.0466926070039,0.0879548878543584,584,450264,pilot; adaptive/event-or-cap stopping
exact-threshold,ldpc_rate,results/noisy_channel_tradeoffs/server_full/exact-threshold/ldpc_rate/summary_noisy_channel_tradeoff.mat,results/noisy_channel_tradeoffs/server_full/exact-threshold/ldpc_rate/E2_0p1_Rc_0p5/points/result_n_42_awgn_ebno_p1p5.mat,42,8,168,0.1,0.5,1.5,6693,1000758,198,1000758,0.00668793054864413,0.000197850029677504,0.00668793054864413,0.00344289028916082,84.0466926070039,0.0879548878543584,2596,2001516,pilot; adaptive/event-or-cap stopping
exact-threshold,ldpc_rate,results/noisy_channel_tradeoffs/server_full/exact-threshold/ldpc_rate/summary_noisy_channel_tradeoff.mat,results/noisy_channel_tradeoffs/server_full/exact-threshold/ldpc_rate/E2_0p1_Rc_0p5/points/result_n_42_awgn_ebno_p1p75.mat,42,8,168,0.1,0.5,1.75,6693,1000758,48,1000758,0.00668793054864413,4.79636435581829e-05,0.00668793054864413,0.00336794709610116,84.0466926070039,0.0879548878543584,2596,2001516,pilot; adaptive/event-or-cap stopping
exact-threshold,ldpc_rate,results/noisy_channel_tradeoffs/server_full/exact-threshold/ldpc_rate/summary_noisy_channel_tradeoff.mat,results/noisy_channel_tradeoffs/server_full/exact-threshold/ldpc_rate/E2_0p1_Rc_0p5/points/result_n_42_awgn_ebno_p2p0.mat,42,8,168,0.1,0.5,2,6693,1000758,13,1000758,0.00668793054864413,1.29901534636745e-05,0.00668793054864413,0.0033504603510539,84.0466926070039,0.0879548878543584,2596,2001516,pilot; adaptive/event-or-cap stopping
exact-threshold,ldpc_rate,results/noisy_channel_tradeoffs/server_full/exact-threshold/ldpc_rate/summary_noisy_channel_tradeoff.mat,results/noisy_channel_tradeoffs/server_full/exact-threshold/ldpc_rate/E2_0p1_Rc_0p5/points/result_n_42_awgn_ebno_p2p25.mat,42,8,168,0.1,0.5,2.25,6693,1000758,5,1000758,0.00668793054864413,4.99621287064405e-06,0.00668793054864413,0.00334646338075739,84.0466926070039,0.0879548878543584,2596,2001516,pilot; adaptive/event-or-cap stopping
exact-threshold,ldpc_rate,results/noisy_channel_tradeoffs/server_full/exact-threshold/ldpc_rate/summary_noisy_channel_tradeoff.mat,results/noisy_channel_tradeoffs/server_full/exact-threshold/ldpc_rate/E2_0p1_Rc_0p5/points/result_n_42_awgn_ebno_p2p5.mat,42,8,168,0.1,0.5,2.5,6693,1000758,4,1000758,0.00668793054864413,3.99697029651524e-06,0.00668793054864413,0.00334596375947032,84.0466926070039,0.0879548878543584,2596,2001516,pilot; adaptive/event-or-cap stopping
exact-threshold,ldpc_rate,results/noisy_channel_tradeoffs/server_full/exact-threshold/ldpc_rate/summary_noisy_channel_tradeoff.mat,results/noisy_channel_tradeoffs/server_full/exact-threshold/ldpc_rate/E2_0p1_Rc_0p5/points/result_n_42_awgn_ebno_p2p75.mat,42,8,168,0.1,0.5,2.75,6693,1000758,1,1000758,0.00668793054864413,9.9924257412881e-07,0.00668793054864413,0.00334446489560913,84.0466926070039,0.0879548878543584,2596,2001516,pilot; adaptive/event-or-cap stopping
exact-threshold,ldpc_rate,results/noisy_channel_tradeoffs/server_full/exact-threshold/ldpc_rate/summary_noisy_channel_tradeoff.mat,results/noisy_channel_tradeoffs/server_full/exact-threshold/ldpc_rate/E2_0p1_Rc_0p5/points/result_n_42_awgn_ebno_p3p0.mat,42,8,168,0.1,0.5,3,6693,1000758,0,1000758,0.00668793054864413,0,0.00668793054864413,0.00334396527432206,84.0466926070039,0.0879548878543584,2596,2001516,pilot; adaptive/event-or-cap stopping
exact-threshold,ldpc_rate,results/noisy_channel_tradeoffs/server_full/exact-threshold/ldpc_rate/summary_noisy_channel_tradeoff.mat,results/noisy_channel_tradeoffs/server_full/exact-threshold/ldpc_rate/E2_0p1_Rc_0p5/points/result_n_42_awgn_ebno_p3p25.mat,42,8,168,0.1,0.5,3.25,6693,1000758,0,1000758,0.00668793054864413,0,0.00668793054864413,0.00334396527432206,84.0466926070039,0.0879548878543584,2596,2001516,pilot; adaptive/event-or-cap stopping
exact-threshold,ldpc_rate,results/noisy_channel_tradeoffs/server_full/exact-threshold/ldpc_rate/summary_noisy_channel_tradeoff.mat,results/noisy_channel_tradeoffs/server_full/exact-threshold/ldpc_rate/E2_0p1_Rc_0p5/points/result_n_42_awgn_ebno_p3p5.mat,42,8,168,0.1,0.5,3.5,6693,1000758,0,1000758,0.00668793054864413,0,0.00668793054864413,0.00334396527432206,84.0466926070039,0.0879548878543584,2596,2001516,pilot; adaptive/event-or-cap stopping
exact-threshold,ldpc_rate,results/noisy_channel_tradeoffs/server_full/exact-threshold/ldpc_rate/summary_noisy_channel_tradeoff.mat,results/noisy_channel_tradeoffs/server_full/exact-threshold/ldpc_rate/E2_0p1_Rc_0p5/points/result_n_42_awgn_ebno_p3p75.mat,42,8,168,0.1,0.5,3.75,6693,1000758,0,1000758,0.00668793054864413,0,0.00668793054864413,0.00334396527432206,84.0466926070039,0.0879548878543584,2596,2001516,pilot; adaptive/event-or-cap stopping
exact-threshold,ldpc_rate,results/noisy_channel_tradeoffs/server_full/exact-threshold/ldpc_rate/summary_noisy_channel_tradeoff.mat,results/noisy_channel_tradeoffs/server_full/exact-threshold/ldpc_rate/E2_0p1_Rc_0p5/points/result_n_42_awgn_ebno_p4p0.mat,42,8,168,0.1,0.5,4,6693,1000758,0,1000758,0.00668793054864413,0,0.00668793054864413,0.00334396527432206,84.0466926070039,0.0879548878543584,2596,2001516,pilot; adaptive/event-or-cap stopping
exact-threshold,ldpc_rate,results/noisy_channel_tradeoffs/server_full/exact-threshold/ldpc_rate/summary_noisy_channel_tradeoff.mat,results/noisy_channel_tradeoffs/server_full/exact-threshold/ldpc_rate/E2_0p1_Rc_0p5/points/result_n_42_awgn_ebno_p4p25.mat,42,8,168,0.1,0.5,4.25,6693,1000758,0,1000758,0.00668793054864413,0,0.00668793054864413,0.00334396527432206,84.0466926070039,0.0879548878543584,2596,2001516,pilot; adaptive/event-or-cap stopping
exact-threshold,ldpc_rate,results/noisy_channel_tradeoffs/server_full/exact-threshold/ldpc_rate/summary_noisy_channel_tradeoff.mat,results/noisy_channel_tradeoffs/server_full/exact-threshold/ldpc_rate/E2_0p1_Rc_0p5/points/result_n_42_awgn_ebno_p4p5.mat,42,8,168,0.1,0.5,4.5,6693,1000758,0,1000758,0.00668793054864413,0,0.00668793054864413,0.00334396527432206,84.0466926070039,0.0879548878543584,2596,2001516,pilot; adaptive/event-or-cap stopping
exact-threshold,ldpc_rate,results/noisy_channel_tradeoffs/server_full/exact-threshold/ldpc_rate/summary_noisy_channel_tradeoff.mat,results/noisy_channel_tradeoffs/server_full/exact-threshold/ldpc_rate/E2_0p1_Rc_0p5/points/result_n_42_awgn_ebno_p4p75.mat,42,8,168,0.1,0.5,4.75,6693,1000758,0,1000758,0.00668793054864413,0,0.00668793054864413,0.00334396527432206,84.0466926070039,0.0879548878543584,2596,2001516,pilot; adaptive/event-or-cap stopping
exact-threshold,ldpc_rate,results/noisy_channel_tradeoffs/server_full/exact-threshold/ldpc_rate/summary_noisy_channel_tradeoff.mat,results/noisy_channel_tradeoffs/server_full/exact-threshold/ldpc_rate/E2_0p1_Rc_0p5/points/result_n_42_awgn_ebno_p5p0.mat,42,8,168,0.1,0.5,5,6693,1000758,0,1000758,0.00668793054864413,0,0.00668793054864413,0.00334396527432206,84.0466926070039,0.0879548878543584,2596,2001516,pilot; adaptive/event-or-cap stopping
exact-threshold,ldpc_rate,results/noisy_channel_tradeoffs/server_full/exact-threshold/ldpc_rate/summary_noisy_channel_tradeoff.mat,results/noisy_channel_tradeoffs/server_full/exact-threshold/ldpc_rate/E2_0p1_Rc_0p6/points/result_n_42_awgn_ebno_p0p0.mat,42,8,168,0.1,0.6,0,308,46250,45830,46250,0.00665945945945946,0.990918918918919,0.990918918918919,0.498789189189189,70.054054054054,0.105523049630715,100,92500,pilot; adaptive/event-or-cap stopping
exact-threshold,ldpc_rate,results/noisy_channel_tradeoffs/server_full/exact-threshold/ldpc_rate/summary_noisy_channel_tradeoff.mat,results/noisy_channel_tradeoffs/server_full/exact-threshold/ldpc_rate/E2_0p1_Rc_0p6/points/result_n_42_awgn_ebno_p0p25.mat,42,8,168,0.1,0.6,0.25,296,46250,45765,46250,0.0064,0.989513513513513,0.989513513513513,0.497956756756757,70.054054054054,0.105523049630715,100,92500,pilot; adaptive/event-or-cap stopping
exact-threshold,ldpc_rate,results/noisy_channel_tradeoffs/server_full/exact-threshold/ldpc_rate/summary_noisy_channel_tradeoff.mat,results/noisy_channel_tradeoffs/server_full/exact-threshold/ldpc_rate/E2_0p1_Rc_0p6/points/result_n_42_awgn_ebno_p0p5.mat,42,8,168,0.1,0.6,0.5,346,46250,45731,46250,0.00748108108108108,0.988778378378378,0.988778378378378,0.49812972972973,70.054054054054,0.105523049630715,100,92500,pilot; adaptive/event-or-cap stopping
exact-threshold,ldpc_rate,results/noisy_channel_tradeoffs/server_full/exact-threshold/ldpc_rate/summary_noisy_channel_tradeoff.mat,results/noisy_channel_tradeoffs/server_full/exact-threshold/ldpc_rate/E2_0p1_Rc_0p6/points/result_n_42_awgn_ebno_p0p75.mat,42,8,168,0.1,0.6,0.75,292,46250,45678,46250,0.00631351351351351,0.987632432432432,0.987632432432432,0.496972972972973,70.054054054054,0.105523049630715,100,92500,pilot; adaptive/event-or-cap stopping
exact-threshold,ldpc_rate,results/noisy_channel_tradeoffs/server_full/exact-threshold/ldpc_rate/summary_noisy_channel_tradeoff.mat,results/noisy_channel_tradeoffs/server_full/exact-threshold/ldpc_rate/E2_0p1_Rc_0p6/points/result_n_42_awgn_ebno_p1p0.mat,42,8,168,0.1,0.6,1,312,46250,45522,46250,0.00674594594594595,0.984259459459459,0.984259459459459,0.495502702702703,70.054054054054,0.105523049630715,100,92500,pilot; adaptive/event-or-cap stopping
exact-threshold,ldpc_rate,results/noisy_channel_tradeoffs/server_full/exact-threshold/ldpc_rate/summary_noisy_channel_tradeoff.mat,results/noisy_channel_tradeoffs/server_full/exact-threshold/ldpc_rate/E2_0p1_Rc_0p6/points/result_n_42_awgn_ebno_p1p25.mat,42,8,168,0.1,0.6,1.25,313,46250,45200,46250,0.00676756756756757,0.977297297297297,0.977297297297297,0.492032432432432,70.054054054054,0.105523049630715,100,92500,pilot; adaptive/event-or-cap stopping
exact-threshold,ldpc_rate,results/noisy_channel_tradeoffs/server_full/exact-threshold/ldpc_rate/summary_noisy_channel_tradeoff.mat,results/noisy_channel_tradeoffs/server_full/exact-threshold/ldpc_rate/E2_0p1_Rc_0p6/points/result_n_42_awgn_ebno_p1p5.mat,42,8,168,0.1,0.6,1.5,325,46250,3981,46250,0.00702702702702703,0.0860756756756757,0.0860756756756757,0.0465513513513513,70.054054054054,0.105523049630715,100,92500,pilot; adaptive/event-or-cap stopping
exact-threshold,ldpc_rate,results/noisy_channel_tradeoffs/server_full/exact-threshold/ldpc_rate/summary_noisy_channel_tradeoff.mat,results/noisy_channel_tradeoffs/server_full/exact-threshold/ldpc_rate/E2_0p1_Rc_0p6/points/result_n_42_awgn_ebno_p1p75.mat,42,8,168,0.1,0.6,1.75,6693,1000850,6,1000850,0.00668731578158565,5.99490433131838e-06,0.00668731578158565,0.00334665534295849,70.054054054054,0.105523049630715,2164,2001700,pilot; adaptive/event-or-cap stopping
exact-threshold,ldpc_rate,results/noisy_channel_tradeoffs/server_full/exact-threshold/ldpc_rate/summary_noisy_channel_tradeoff.mat,results/noisy_channel_tradeoffs/server_full/exact-threshold/ldpc_rate/E2_0p1_Rc_0p6/points/result_n_42_awgn_ebno_p2p0.mat,42,8,168,0.1,0.6,2,6693,1000850,0,1000850,0.00668731578158565,0,0.00668731578158565,0.00334365789079283,70.054054054054,0.105523049630715,2164,2001700,pilot; adaptive/event-or-cap stopping
exact-threshold,ldpc_rate,results/noisy_channel_tradeoffs/server_full/exact-threshold/ldpc_rate/summary_noisy_channel_tradeoff.mat,results/noisy_channel_tradeoffs/server_full/exact-threshold/ldpc_rate/E2_0p1_Rc_0p6/points/result_n_42_awgn_ebno_p2p25.mat,42,8,168,0.1,0.6,2.25,6693,1000850,0,1000850,0.00668731578158565,0,0.00668731578158565,0.00334365789079283,70.054054054054,0.105523049630715,2164,2001700,pilot; adaptive/event-or-cap stopping
exact-threshold,ldpc_rate,results/noisy_channel_tradeoffs/server_full/exact-threshold/ldpc_rate/summary_noisy_channel_tradeoff.mat,results/noisy_channel_tradeoffs/server_full/exact-threshold/ldpc_rate/E2_0p1_Rc_0p6/points/result_n_42_awgn_ebno_p2p5.mat,42,8,168,0.1,0.6,2.5,6693,1000850,0,1000850,0.00668731578158565,0,0.00668731578158565,0.00334365789079283,70.054054054054,0.105523049630715,2164,2001700,pilot; adaptive/event-or-cap stopping
exact-threshold,ldpc_rate,results/noisy_channel_tradeoffs/server_full/exact-threshold/ldpc_rate/summary_noisy_channel_tradeoff.mat,results/noisy_channel_tradeoffs/server_full/exact-threshold/ldpc_rate/E2_0p1_Rc_0p6/points/result_n_42_awgn_ebno_p2p75.mat,42,8,168,0.1,0.6,2.75,6693,1000850,0,1000850,0.00668731578158565,0,0.00668731578158565,0.00334365789079283,70.054054054054,0.105523049630715,2164,2001700,pilot; adaptive/event-or-cap stopping
exact-threshold,ldpc_rate,results/noisy_channel_tradeoffs/server_full/exact-threshold/ldpc_rate/summary_noisy_channel_tradeoff.mat,results/noisy_channel_tradeoffs/server_full/exact-threshold/ldpc_rate/E2_0p1_Rc_0p6/points/result_n_42_awgn_ebno_p3p0.mat,42,8,168,0.1,0.6,3,6693,1000850,0,1000850,0.00668731578158565,0,0.00668731578158565,0.00334365789079283,70.054054054054,0.105523049630715,2164,2001700,pilot; adaptive/event-or-cap stopping
exact-threshold,ldpc_rate,results/noisy_channel_tradeoffs/server_full/exact-threshold/ldpc_rate/summary_noisy_channel_tradeoff.mat,results/noisy_channel_tradeoffs/server_full/exact-threshold/ldpc_rate/E2_0p1_Rc_0p6/points/result_n_42_awgn_ebno_p3p25.mat,42,8,168,0.1,0.6,3.25,6693,1000850,0,1000850,0.00668731578158565,0,0.00668731578158565,0.00334365789079283,70.054054054054,0.105523049630715,2164,2001700,pilot; adaptive/event-or-cap stopping
exact-threshold,ldpc_rate,results/noisy_channel_tradeoffs/server_full/exact-threshold/ldpc_rate/summary_noisy_channel_tradeoff.mat,results/noisy_channel_tradeoffs/server_full/exact-threshold/ldpc_rate/E2_0p1_Rc_0p6/points/result_n_42_awgn_ebno_p3p5.mat,42,8,168,0.1,0.6,3.5,6693,1000850,0,1000850,0.00668731578158565,0,0.00668731578158565,0.00334365789079283,70.054054054054,0.105523049630715,2164,2001700,pilot; adaptive/event-or-cap stopping
exact-threshold,ldpc_rate,results/noisy_channel_tradeoffs/server_full/exact-threshold/ldpc_rate/summary_noisy_channel_tradeoff.mat,results/noisy_channel_tradeoffs/server_full/exact-threshold/ldpc_rate/E2_0p1_Rc_0p6/points/result_n_42_awgn_ebno_p3p75.mat,42,8,168,0.1,0.6,3.75,6693,1000850,0,1000850,0.00668731578158565,0,0.00668731578158565,0.00334365789079283,70.054054054054,0.105523049630715,2164,2001700,pilot; adaptive/event-or-cap stopping
exact-threshold,ldpc_rate,results/noisy_channel_tradeoffs/server_full/exact-threshold/ldpc_rate/summary_noisy_channel_tradeoff.mat,results/noisy_channel_tradeoffs/server_full/exact-threshold/ldpc_rate/E2_0p1_Rc_0p6/points/result_n_42_awgn_ebno_p4p0.mat,42,8,168,0.1,0.6,4,6693,1000850,0,1000850,0.00668731578158565,0,0.00668731578158565,0.00334365789079283,70.054054054054,0.105523049630715,2164,2001700,pilot; adaptive/event-or-cap stopping
exact-threshold,ldpc_rate,results/noisy_channel_tradeoffs/server_full/exact-threshold/ldpc_rate/summary_noisy_channel_tradeoff.mat,results/noisy_channel_tradeoffs/server_full/exact-threshold/ldpc_rate/E2_0p1_Rc_0p6/points/result_n_42_awgn_ebno_p4p25.mat,42,8,168,0.1,0.6,4.25,6693,1000850,0,1000850,0.00668731578158565,0,0.00668731578158565,0.00334365789079283,70.054054054054,0.105523049630715,2164,2001700,pilot; adaptive/event-or-cap stopping
exact-threshold,ldpc_rate,results/noisy_channel_tradeoffs/server_full/exact-threshold/ldpc_rate/summary_noisy_channel_tradeoff.mat,results/noisy_channel_tradeoffs/server_full/exact-threshold/ldpc_rate/E2_0p1_Rc_0p6/points/result_n_42_awgn_ebno_p4p5.mat,42,8,168,0.1,0.6,4.5,6693,1000850,0,1000850,0.00668731578158565,0,0.00668731578158565,0.00334365789079283,70.054054054054,0.105523049630715,2164,2001700,pilot; adaptive/event-or-cap stopping
exact-threshold,ldpc_rate,results/noisy_channel_tradeoffs/server_full/exact-threshold/ldpc_rate/summary_noisy_channel_tradeoff.mat,results/noisy_channel_tradeoffs/server_full/exact-threshold/ldpc_rate/E2_0p1_Rc_0p6/points/result_n_42_awgn_ebno_p4p75.mat,42,8,168,0.1,0.6,4.75,6693,1000850,0,1000850,0.00668731578158565,0,0.00668731578158565,0.00334365789079283,70.054054054054,0.105523049630715,2164,2001700,pilot; adaptive/event-or-cap stopping
exact-threshold,ldpc_rate,results/noisy_channel_tradeoffs/server_full/exact-threshold/ldpc_rate/summary_noisy_channel_tradeoff.mat,results/noisy_channel_tradeoffs/server_full/exact-threshold/ldpc_rate/E2_0p1_Rc_0p6/points/result_n_42_awgn_ebno_p5p0.mat,42,8,168,0.1,0.6,5,6693,1000850,0,1000850,0.00668731578158565,0,0.00668731578158565,0.00334365789079283,70.054054054054,0.105523049630715,2164,2001700,pilot; adaptive/event-or-cap stopping
exact-threshold,ldpc_rate,results/noisy_channel_tradeoffs/server_full/exact-threshold/ldpc_rate/summary_noisy_channel_tradeoff.mat,results/noisy_channel_tradeoffs/server_full/exact-threshold/ldpc_rate/E2_0p1_Rc_0p6667/points/result_n_42_awgn_ebno_p0p0.mat,42,8,168,0.1,0.666666666666667,0,338,51400,50779,51400,0.00657587548638132,0.987918287937743,0.987918287937743,0.497247081712062,63.0350194552529,0.117273183805811,100,102800,pilot; adaptive/event-or-cap stopping
exact-threshold,ldpc_rate,results/noisy_channel_tradeoffs/server_full/exact-threshold/ldpc_rate/summary_noisy_channel_tradeoff.mat,results/noisy_channel_tradeoffs/server_full/exact-threshold/ldpc_rate/E2_0p1_Rc_0p6667/points/result_n_42_awgn_ebno_p0p25.mat,42,8,168,0.1,0.666666666666667,0.25,313,51400,50622,51400,0.00608949416342412,0.984863813229572,0.984863813229572,0.495476653696498,63.0350194552529,0.117273183805811,100,102800,pilot; adaptive/event-or-cap stopping
exact-threshold,ldpc_rate,results/noisy_channel_tradeoffs/server_full/exact-threshold/ldpc_rate/summary_noisy_channel_tradeoff.mat,results/noisy_channel_tradeoffs/server_full/exact-threshold/ldpc_rate/E2_0p1_Rc_0p6667/points/result_n_42_awgn_ebno_p0p5.mat,42,8,168,0.1,0.666666666666667,0.5,315,51400,50395,51400,0.0061284046692607,0.980447470817121,0.980447470817121,0.493287937743191,63.0350194552529,0.117273183805811,100,102800,pilot; adaptive/event-or-cap stopping
exact-threshold,ldpc_rate,results/noisy_channel_tradeoffs/server_full/exact-threshold/ldpc_rate/summary_noisy_channel_tradeoff.mat,results/noisy_channel_tradeoffs/server_full/exact-threshold/ldpc_rate/E2_0p1_Rc_0p6667/points/result_n_42_awgn_ebno_p0p75.mat,42,8,168,0.1,0.666666666666667,0.75,350,51400,49888,51400,0.00680933852140078,0.970583657587549,0.970583657587549,0.488696498054475,63.0350194552529,0.117273183805811,100,102800,pilot; adaptive/event-or-cap stopping
exact-threshold,ldpc_rate,results/noisy_channel_tradeoffs/server_full/exact-threshold/ldpc_rate/summary_noisy_channel_tradeoff.mat,results/noisy_channel_tradeoffs/server_full/exact-threshold/ldpc_rate/E2_0p1_Rc_0p6667/points/result_n_42_awgn_ebno_p1p0.mat,42,8,168,0.1,0.666666666666667,1,327,51400,48703,51400,0.00636186770428016,0.947529182879377,0.947529182879377,0.476945525291829,63.0350194552529,0.117273183805811,100,102800,pilot; adaptive/event-or-cap stopping
exact-threshold,ldpc_rate,results/noisy_channel_tradeoffs/server_full/exact-threshold/ldpc_rate/summary_noisy_channel_tradeoff.mat,results/noisy_channel_tradeoffs/server_full/exact-threshold/ldpc_rate/E2_0p1_Rc_0p6667/points/result_n_42_awgn_ebno_p1p25.mat,42,8,168,0.1,0.666666666666667,1.25,328,51400,45076,51400,0.00638132295719844,0.876964980544747,0.876964980544747,0.441673151750973,63.0350194552529,0.117273183805811,100,102800,pilot; adaptive/event-or-cap stopping
exact-threshold,ldpc_rate,results/noisy_channel_tradeoffs/server_full/exact-threshold/ldpc_rate/summary_noisy_channel_tradeoff.mat,results/noisy_channel_tradeoffs/server_full/exact-threshold/ldpc_rate/E2_0p1_Rc_0p6667/points/result_n_42_awgn_ebno_p1p5.mat,42,8,168,0.1,0.666666666666667,1.5,343,51400,34801,51400,0.00667315175097276,0.677062256809339,0.677062256809339,0.341867704280156,63.0350194552529,0.117273183805811,100,102800,pilot; adaptive/event-or-cap stopping
exact-threshold,ldpc_rate,results/noisy_channel_tradeoffs/server_full/exact-threshold/ldpc_rate/summary_noisy_channel_tradeoff.mat,results/noisy_channel_tradeoffs/server_full/exact-threshold/ldpc_rate/E2_0p1_Rc_0p6667/points/result_n_42_awgn_ebno_p1p75.mat,42,8,168,0.1,0.666666666666667,1.75,356,51400,5255,51400,0.00692607003891051,0.102237354085603,0.102237354085603,0.0545817120622568,63.0350194552529,0.117273183805811,100,102800,pilot; adaptive/event-or-cap stopping
exact-threshold,ldpc_rate,results/noisy_channel_tradeoffs/server_full/exact-threshold/ldpc_rate/summary_noisy_channel_tradeoff.mat,results/noisy_channel_tradeoffs/server_full/exact-threshold/ldpc_rate/E2_0p1_Rc_0p6667/points/result_n_42_awgn_ebno_p2p0.mat,42,8,168,0.1,0.666666666666667,2,6697,1001272,10,1001272,0.00668849223787342,9.98729615928539e-06,0.00668849223787342,0.00334923976701636,63.0350194552529,0.117273183805811,1948,2002544,pilot; adaptive/event-or-cap stopping
exact-threshold,ldpc_rate,results/noisy_channel_tradeoffs/server_full/exact-threshold/ldpc_rate/summary_noisy_channel_tradeoff.mat,results/noisy_channel_tradeoffs/server_full/exact-threshold/ldpc_rate/E2_0p1_Rc_0p6667/points/result_n_42_awgn_ebno_p2p25.mat,42,8,168,0.1,0.666666666666667,2.25,6697,1001272,3,1001272,0.00668849223787342,2.99618884778562e-06,0.00668849223787342,0.00334574421336061,63.0350194552529,0.117273183805811,1948,2002544,pilot; adaptive/event-or-cap stopping
exact-threshold,ldpc_rate,results/noisy_channel_tradeoffs/server_full/exact-threshold/ldpc_rate/summary_noisy_channel_tradeoff.mat,results/noisy_channel_tradeoffs/server_full/exact-threshold/ldpc_rate/E2_0p1_Rc_0p6667/points/result_n_42_awgn_ebno_p2p5.mat,42,8,168,0.1,0.666666666666667,2.5,6697,1001272,0,1001272,0.00668849223787342,0,0.00668849223787342,0.00334424611893671,63.0350194552529,0.117273183805811,1948,2002544,pilot; adaptive/event-or-cap stopping
exact-threshold,ldpc_rate,results/noisy_channel_tradeoffs/server_full/exact-threshold/ldpc_rate/summary_noisy_channel_tradeoff.mat,results/noisy_channel_tradeoffs/server_full/exact-threshold/ldpc_rate/E2_0p1_Rc_0p6667/points/result_n_42_awgn_ebno_p2p75.mat,42,8,168,0.1,0.666666666666667,2.75,6697,1001272,0,1001272,0.00668849223787342,0,0.00668849223787342,0.00334424611893671,63.0350194552529,0.117273183805811,1948,2002544,pilot; adaptive/event-or-cap stopping
exact-threshold,ldpc_rate,results/noisy_channel_tradeoffs/server_full/exact-threshold/ldpc_rate/summary_noisy_channel_tradeoff.mat,results/noisy_channel_tradeoffs/server_full/exact-threshold/ldpc_rate/E2_0p1_Rc_0p6667/points/result_n_42_awgn_ebno_p3p0.mat,42,8,168,0.1,0.666666666666667,3,6697,1001272,0,1001272,0.00668849223787342,0,0.00668849223787342,0.00334424611893671,63.0350194552529,0.117273183805811,1948,2002544,pilot; adaptive/event-or-cap stopping
exact-threshold,ldpc_rate,results/noisy_channel_tradeoffs/server_full/exact-threshold/ldpc_rate/summary_noisy_channel_tradeoff.mat,results/noisy_channel_tradeoffs/server_full/exact-threshold/ldpc_rate/E2_0p1_Rc_0p6667/points/result_n_42_awgn_ebno_p3p25.mat,42,8,168,0.1,0.666666666666667,3.25,6697,1001272,0,1001272,0.00668849223787342,0,0.00668849223787342,0.00334424611893671,63.0350194552529,0.117273183805811,1948,2002544,pilot; adaptive/event-or-cap stopping
exact-threshold,ldpc_rate,results/noisy_channel_tradeoffs/server_full/exact-threshold/ldpc_rate/summary_noisy_channel_tradeoff.mat,results/noisy_channel_tradeoffs/server_full/exact-threshold/ldpc_rate/E2_0p1_Rc_0p6667/points/result_n_42_awgn_ebno_p3p5.mat,42,8,168,0.1,0.666666666666667,3.5,6697,1001272,0,1001272,0.00668849223787342,0,0.00668849223787342,0.00334424611893671,63.0350194552529,0.117273183805811,1948,2002544,pilot; adaptive/event-or-cap stopping
exact-threshold,ldpc_rate,results/noisy_channel_tradeoffs/server_full/exact-threshold/ldpc_rate/summary_noisy_channel_tradeoff.mat,results/noisy_channel_tradeoffs/server_full/exact-threshold/ldpc_rate/E2_0p1_Rc_0p6667/points/result_n_42_awgn_ebno_p3p75.mat,42,8,168,0.1,0.666666666666667,3.75,6697,1001272,0,1001272,0.00668849223787342,0,0.00668849223787342,0.00334424611893671,63.0350194552529,0.117273183805811,1948,2002544,pilot; adaptive/event-or-cap stopping
exact-threshold,ldpc_rate,results/noisy_channel_tradeoffs/server_full/exact-threshold/ldpc_rate/summary_noisy_channel_tradeoff.mat,results/noisy_channel_tradeoffs/server_full/exact-threshold/ldpc_rate/E2_0p1_Rc_0p6667/points/result_n_42_awgn_ebno_p4p0.mat,42,8,168,0.1,0.666666666666667,4,6697,1001272,0,1001272,0.00668849223787342,0,0.00668849223787342,0.00334424611893671,63.0350194552529,0.117273183805811,1948,2002544,pilot; adaptive/event-or-cap stopping
exact-threshold,ldpc_rate,results/noisy_channel_tradeoffs/server_full/exact-threshold/ldpc_rate/summary_noisy_channel_tradeoff.mat,results/noisy_channel_tradeoffs/server_full/exact-threshold/ldpc_rate/E2_0p1_Rc_0p6667/points/result_n_42_awgn_ebno_p4p25.mat,42,8,168,0.1,0.666666666666667,4.25,6697,1001272,0,1001272,0.00668849223787342,0,0.00668849223787342,0.00334424611893671,63.0350194552529,0.117273183805811,1948,2002544,pilot; adaptive/event-or-cap stopping
exact-threshold,ldpc_rate,results/noisy_channel_tradeoffs/server_full/exact-threshold/ldpc_rate/summary_noisy_channel_tradeoff.mat,results/noisy_channel_tradeoffs/server_full/exact-threshold/ldpc_rate/E2_0p1_Rc_0p6667/points/result_n_42_awgn_ebno_p4p5.mat,42,8,168,0.1,0.666666666666667,4.5,6697,1001272,0,1001272,0.00668849223787342,0,0.00668849223787342,0.00334424611893671,63.0350194552529,0.117273183805811,1948,2002544,pilot; adaptive/event-or-cap stopping
exact-threshold,ldpc_rate,results/noisy_channel_tradeoffs/server_full/exact-threshold/ldpc_rate/summary_noisy_channel_tradeoff.mat,results/noisy_channel_tradeoffs/server_full/exact-threshold/ldpc_rate/E2_0p1_Rc_0p6667/points/result_n_42_awgn_ebno_p4p75.mat,42,8,168,0.1,0.666666666666667,4.75,6697,1001272,0,1001272,0.00668849223787342,0,0.00668849223787342,0.00334424611893671,63.0350194552529,0.117273183805811,1948,2002544,pilot; adaptive/event-or-cap stopping
exact-threshold,ldpc_rate,results/noisy_channel_tradeoffs/server_full/exact-threshold/ldpc_rate/summary_noisy_channel_tradeoff.mat,results/noisy_channel_tradeoffs/server_full/exact-threshold/ldpc_rate/E2_0p1_Rc_0p6667/points/result_n_42_awgn_ebno_p5p0.mat,42,8,168,0.1,0.666666666666667,5,6697,1001272,0,1001272,0.00668849223787342,0,0.00668849223787342,0.00334424611893671,63.0350194552529,0.117273183805811,1948,2002544,pilot; adaptive/event-or-cap stopping
id,e2,results/noisy_channel_tradeoffs/server_full/id/e2/summary_noisy_channel_tradeoff.mat,results/noisy_channel_tradeoffs/server_full/id/e2/E2_0p05_Rc_0p5/points/result_n_4_awgn_ebno_p0p0.mat,4,3,6,0.05,0.5,0,98737,405000,150070,405000,0.243795061728395,0.370543209876543,0.370543209876543,0.307169135802469,8,0.323120312590145,100,810000,pilot; adaptive/event-or-cap stopping
id,e2,results/noisy_channel_tradeoffs/server_full/id/e2/summary_noisy_channel_tradeoff.mat,results/noisy_channel_tradeoffs/server_full/id/e2/E2_0p05_Rc_0p5/points/result_n_4_awgn_ebno_p0p25.mat,4,3,6,0.05,0.5,0.25,98504,405000,139025,405000,0.24321975308642,0.343271604938272,0.343271604938272,0.293245679012346,8,0.323120312590145,100,810000,pilot; adaptive/event-or-cap stopping
id,e2,results/noisy_channel_tradeoffs/server_full/id/e2/summary_noisy_channel_tradeoff.mat,results/noisy_channel_tradeoffs/server_full/id/e2/E2_0p05_Rc_0p5/points/result_n_4_awgn_ebno_p0p5.mat,4,3,6,0.05,0.5,0.5,98118,405000,121520,405000,0.242266666666667,0.300049382716049,0.300049382716049,0.271158024691358,8,0.323120312590145,100,810000,pilot; adaptive/event-or-cap stopping
id,e2,results/noisy_channel_tradeoffs/server_full/id/e2/summary_noisy_channel_tradeoff.mat,results/noisy_channel_tradeoffs/server_full/id/e2/E2_0p05_Rc_0p5/points/result_n_4_awgn_ebno_p0p75.mat,4,3,6,0.05,0.5,0.75,97075,405000,67660,405000,0.239691358024691,0.167061728395062,0.239691358024691,0.203376543209877,8,0.323120312590145,100,810000,pilot; adaptive/event-or-cap stopping
id,e2,results/noisy_channel_tradeoffs/server_full/id/e2/summary_noisy_channel_tradeoff.mat,results/noisy_channel_tradeoffs/server_full/id/e2/E2_0p05_Rc_0p5/points/result_n_4_awgn_ebno_p1p0.mat,4,3,6,0.05,0.5,1,123012,518400,203,518400,0.237291666666667,0.00039158950617284,0.237291666666667,0.11884162808642,8,0.323120312590145,128,1036800,pilot; adaptive/event-or-cap stopping
id,e2,results/noisy_channel_tradeoffs/server_full/id/e2/summary_noisy_channel_tradeoff.mat,results/noisy_channel_tradeoffs/server_full/id/e2/E2_0p05_Rc_0p5/points/result_n_4_awgn_ebno_p1p25.mat,4,3,6,0.05,0.5,1.25,238972,1004400,69,1004400,0.237925129430506,6.86977299880526e-05,0.237925129430506,0.118996913580247,8,0.323120312590145,248,2008800,pilot; adaptive/event-or-cap stopping
id,e2,results/noisy_channel_tradeoffs/server_full/id/e2/summary_noisy_channel_tradeoff.mat,results/noisy_channel_tradeoffs/server_full/id/e2/E2_0p05_Rc_0p5/points/result_n_4_awgn_ebno_p1p5.mat,4,3,6,0.05,0.5,1.5,238970,1004400,15,1004400,0.237923138191955,1.49342891278375e-05,0.237923138191955,0.118969036240542,8,0.323120312590145,248,2008800,pilot; adaptive/event-or-cap stopping
id,e2,results/noisy_channel_tradeoffs/server_full/id/e2/summary_noisy_channel_tradeoff.mat,results/noisy_channel_tradeoffs/server_full/id/e2/E2_0p05_Rc_0p5/points/result_n_4_awgn_ebno_p1p75.mat,4,3,6,0.05,0.5,1.75,238968,1004400,6,1004400,0.237921146953405,5.97371565113501e-06,0.237921146953405,0.118963560334528,8,0.323120312590145,248,2008800,pilot; adaptive/event-or-cap stopping
id,e2,results/noisy_channel_tradeoffs/server_full/id/e2/summary_noisy_channel_tradeoff.mat,results/noisy_channel_tradeoffs/server_full/id/e2/E2_0p05_Rc_0p5/points/result_n_4_awgn_ebno_p2p0.mat,4,3,6,0.05,0.5,2,238965,1004400,1,1004400,0.237918160095579,9.95619275189168e-07,0.237918160095579,0.118959577857427,8,0.323120312590145,248,2008800,pilot; adaptive/event-or-cap stopping
id,e2,results/noisy_channel_tradeoffs/server_full/id/e2/summary_noisy_channel_tradeoff.mat,results/noisy_channel_tradeoffs/server_full/id/e2/E2_0p05_Rc_0p5/points/result_n_4_awgn_ebno_p2p25.mat,4,3,6,0.05,0.5,2.25,238967,1004400,1,1004400,0.23792015133413,9.95619275189168e-07,0.23792015133413,0.118960573476703,8,0.323120312590145,248,2008800,pilot; adaptive/event-or-cap stopping
id,e2,results/noisy_channel_tradeoffs/server_full/id/e2/summary_noisy_channel_tradeoff.mat,results/noisy_channel_tradeoffs/server_full/id/e2/E2_0p05_Rc_0p5/points/result_n_4_awgn_ebno_p2p5.mat,4,3,6,0.05,0.5,2.5,238967,1004400,0,1004400,0.23792015133413,0,0.23792015133413,0.118960075667065,8,0.323120312590145,248,2008800,pilot; adaptive/event-or-cap stopping
id,e2,results/noisy_channel_tradeoffs/server_full/id/e2/summary_noisy_channel_tradeoff.mat,results/noisy_channel_tradeoffs/server_full/id/e2/E2_0p05_Rc_0p5/points/result_n_4_awgn_ebno_p2p75.mat,4,3,6,0.05,0.5,2.75,238967,1004400,0,1004400,0.23792015133413,0,0.23792015133413,0.118960075667065,8,0.323120312590145,248,2008800,pilot; adaptive/event-or-cap stopping
id,e2,results/noisy_channel_tradeoffs/server_full/id/e2/summary_noisy_channel_tradeoff.mat,results/noisy_channel_tradeoffs/server_full/id/e2/E2_0p05_Rc_0p5/points/result_n_4_awgn_ebno_p3p0.mat,4,3,6,0.05,0.5,3,238967,1004400,0,1004400,0.23792015133413,0,0.23792015133413,0.118960075667065,8,0.323120312590145,248,2008800,pilot; adaptive/event-or-cap stopping
id,e2,results/noisy_channel_tradeoffs/server_full/id/e2/summary_noisy_channel_tradeoff.mat,results/noisy_channel_tradeoffs/server_full/id/e2/E2_0p1_Rc_0p5/points/result_n_4_awgn_ebno_p0p0.mat,4,3,6,0.1,0.5,0,98737,405000,150070,405000,0.243795061728395,0.370543209876543,0.370543209876543,0.307169135802469,8,0.323120312590145,100,810000,pilot; adaptive/event-or-cap stopping
id,e2,results/noisy_channel_tradeoffs/server_full/id/e2/summary_noisy_channel_tradeoff.mat,results/noisy_channel_tradeoffs/server_full/id/e2/E2_0p1_Rc_0p5/points/result_n_4_awgn_ebno_p0p25.mat,4,3,6,0.1,0.5,0.25,98504,405000,139025,405000,0.24321975308642,0.343271604938272,0.343271604938272,0.293245679012346,8,0.323120312590145,100,810000,pilot; adaptive/event-or-cap stopping
id,e2,results/noisy_channel_tradeoffs/server_full/id/e2/summary_noisy_channel_tradeoff.mat,results/noisy_channel_tradeoffs/server_full/id/e2/E2_0p1_Rc_0p5/points/result_n_4_awgn_ebno_p0p5.mat,4,3,6,0.1,0.5,0.5,98118,405000,121520,405000,0.242266666666667,0.300049382716049,0.300049382716049,0.271158024691358,8,0.323120312590145,100,810000,pilot; adaptive/event-or-cap stopping
id,e2,results/noisy_channel_tradeoffs/server_full/id/e2/summary_noisy_channel_tradeoff.mat,results/noisy_channel_tradeoffs/server_full/id/e2/E2_0p1_Rc_0p5/points/result_n_4_awgn_ebno_p0p75.mat,4,3,6,0.1,0.5,0.75,97075,405000,67660,405000,0.239691358024691,0.167061728395062,0.239691358024691,0.203376543209877,8,0.323120312590145,100,810000,pilot; adaptive/event-or-cap stopping
id,e2,results/noisy_channel_tradeoffs/server_full/id/e2/summary_noisy_channel_tradeoff.mat,results/noisy_channel_tradeoffs/server_full/id/e2/E2_0p1_Rc_0p5/points/result_n_4_awgn_ebno_p1p0.mat,4,3,6,0.1,0.5,1,123012,518400,203,518400,0.237291666666667,0.00039158950617284,0.237291666666667,0.11884162808642,8,0.323120312590145,128,1036800,pilot; adaptive/event-or-cap stopping
id,e2,results/noisy_channel_tradeoffs/server_full/id/e2/summary_noisy_channel_tradeoff.mat,results/noisy_channel_tradeoffs/server_full/id/e2/E2_0p1_Rc_0p5/points/result_n_4_awgn_ebno_p1p25.mat,4,3,6,0.1,0.5,1.25,238972,1004400,69,1004400,0.237925129430506,6.86977299880526e-05,0.237925129430506,0.118996913580247,8,0.323120312590145,248,2008800,pilot; adaptive/event-or-cap stopping
id,e2,results/noisy_channel_tradeoffs/server_full/id/e2/summary_noisy_channel_tradeoff.mat,results/noisy_channel_tradeoffs/server_full/id/e2/E2_0p1_Rc_0p5/points/result_n_4_awgn_ebno_p1p5.mat,4,3,6,0.1,0.5,1.5,238970,1004400,15,1004400,0.237923138191955,1.49342891278375e-05,0.237923138191955,0.118969036240542,8,0.323120312590145,248,2008800,pilot; adaptive/event-or-cap stopping
id,e2,results/noisy_channel_tradeoffs/server_full/id/e2/summary_noisy_channel_tradeoff.mat,results/noisy_channel_tradeoffs/server_full/id/e2/E2_0p1_Rc_0p5/points/result_n_4_awgn_ebno_p1p75.mat,4,3,6,0.1,0.5,1.75,238968,1004400,6,1004400,0.237921146953405,5.97371565113501e-06,0.237921146953405,0.118963560334528,8,0.323120312590145,248,2008800,pilot; adaptive/event-or-cap stopping
id,e2,results/noisy_channel_tradeoffs/server_full/id/e2/summary_noisy_channel_tradeoff.mat,results/noisy_channel_tradeoffs/server_full/id/e2/E2_0p1_Rc_0p5/points/result_n_4_awgn_ebno_p2p0.mat,4,3,6,0.1,0.5,2,238965,1004400,1,1004400,0.237918160095579,9.95619275189168e-07,0.237918160095579,0.118959577857427,8,0.323120312590145,248,2008800,pilot; adaptive/event-or-cap stopping
id,e2,results/noisy_channel_tradeoffs/server_full/id/e2/summary_noisy_channel_tradeoff.mat,results/noisy_channel_tradeoffs/server_full/id/e2/E2_0p1_Rc_0p5/points/result_n_4_awgn_ebno_p2p25.mat,4,3,6,0.1,0.5,2.25,238967,1004400,1,1004400,0.23792015133413,9.95619275189168e-07,0.23792015133413,0.118960573476703,8,0.323120312590145,248,2008800,pilot; adaptive/event-or-cap stopping
id,e2,results/noisy_channel_tradeoffs/server_full/id/e2/summary_noisy_channel_tradeoff.mat,results/noisy_channel_tradeoffs/server_full/id/e2/E2_0p1_Rc_0p5/points/result_n_4_awgn_ebno_p2p5.mat,4,3,6,0.1,0.5,2.5,238967,1004400,0,1004400,0.23792015133413,0,0.23792015133413,0.118960075667065,8,0.323120312590145,248,2008800,pilot; adaptive/event-or-cap stopping
id,e2,results/noisy_channel_tradeoffs/server_full/id/e2/summary_noisy_channel_tradeoff.mat,results/noisy_channel_tradeoffs/server_full/id/e2/E2_0p1_Rc_0p5/points/result_n_4_awgn_ebno_p2p75.mat,4,3,6,0.1,0.5,2.75,238967,1004400,0,1004400,0.23792015133413,0,0.23792015133413,0.118960075667065,8,0.323120312590145,248,2008800,pilot; adaptive/event-or-cap stopping
id,e2,results/noisy_channel_tradeoffs/server_full/id/e2/summary_noisy_channel_tradeoff.mat,results/noisy_channel_tradeoffs/server_full/id/e2/E2_0p1_Rc_0p5/points/result_n_4_awgn_ebno_p3p0.mat,4,3,6,0.1,0.5,3,238967,1004400,0,1004400,0.23792015133413,0,0.23792015133413,0.118960075667065,8,0.323120312590145,248,2008800,pilot; adaptive/event-or-cap stopping
id,e2,results/noisy_channel_tradeoffs/server_full/id/e2/summary_noisy_channel_tradeoff.mat,results/noisy_channel_tradeoffs/server_full/id/e2/E2_0p15_Rc_0p5/points/result_n_4_awgn_ebno_p0p0.mat,4,2,4,0.15,0.5,0,93471,405000,187452,405000,0.230792592592593,0.462844444444444,0.462844444444444,0.346818518518519,8,0.25,100,810000,pilot; adaptive/event-or-cap stopping
id,e2,results/noisy_channel_tradeoffs/server_full/id/e2/summary_noisy_channel_tradeoff.mat,results/noisy_channel_tradeoffs/server_full/id/e2/E2_0p15_Rc_0p5/points/result_n_4_awgn_ebno_p0p25.mat,4,2,4,0.15,0.5,0.25,92502,405000,172970,405000,0.2284,0.427086419753086,0.427086419753086,0.327743209876543,8,0.25,100,810000,pilot; adaptive/event-or-cap stopping
id,e2,results/noisy_channel_tradeoffs/server_full/id/e2/summary_noisy_channel_tradeoff.mat,results/noisy_channel_tradeoffs/server_full/id/e2/E2_0p15_Rc_0p5/points/result_n_4_awgn_ebno_p0p5.mat,4,2,4,0.15,0.5,0.5,91506,405000,155077,405000,0.225940740740741,0.382906172839506,0.382906172839506,0.304423456790123,8,0.25,100,810000,pilot; adaptive/event-or-cap stopping
id,e2,results/noisy_channel_tradeoffs/server_full/id/e2/summary_noisy_channel_tradeoff.mat,results/noisy_channel_tradeoffs/server_full/id/e2/E2_0p15_Rc_0p5/points/result_n_4_awgn_ebno_p0p75.mat,4,2,4,0.15,0.5,0.75,87407,405000,96133,405000,0.21581975308642,0.237365432098765,0.237365432098765,0.226592592592593,8,0.25,100,810000,pilot; adaptive/event-or-cap stopping
id,e2,results/noisy_channel_tradeoffs/server_full/id/e2/summary_noisy_channel_tradeoff.mat,results/noisy_channel_tradeoffs/server_full/id/e2/E2_0p15_Rc_0p5/points/result_n_4_awgn_ebno_p1p0.mat,4,2,4,0.15,0.5,1,84102,421200,205,421200,0.199672364672365,0.00048670465337132,0.199672364672365,0.100079534662868,8,0.25,104,842400,pilot; adaptive/event-or-cap stopping
id,e2,results/noisy_channel_tradeoffs/server_full/id/e2/summary_noisy_channel_tradeoff.mat,results/noisy_channel_tradeoffs/server_full/id/e2/E2_0p15_Rc_0p5/points/result_n_4_awgn_ebno_p1p25.mat,4,2,4,0.15,0.5,1.25,200358,1004400,73,1004400,0.199480286738351,7.26802070888092e-05,0.199480286738351,0.09977648347272,8,0.25,248,2008800,pilot; adaptive/event-or-cap stopping
id,e2,results/noisy_channel_tradeoffs/server_full/id/e2/summary_noisy_channel_tradeoff.mat,results/noisy_channel_tradeoffs/server_full/id/e2/E2_0p15_Rc_0p5/points/result_n_4_awgn_ebno_p1p5.mat,4,2,4,0.15,0.5,1.5,200353,1004400,21,1004400,0.199475308641975,2.09080047789725e-05,0.199475308641975,0.0997481083233771,8,0.25,248,2008800,pilot; adaptive/event-or-cap stopping
id,e2,results/noisy_channel_tradeoffs/server_full/id/e2/summary_noisy_channel_tradeoff.mat,results/noisy_channel_tradeoffs/server_full/id/e2/E2_0p15_Rc_0p5/points/result_n_4_awgn_ebno_p1p75.mat,4,2,4,0.15,0.5,1.75,200354,1004400,5,1004400,0.19947630426125,4.97809637594584e-06,0.19947630426125,0.0997406411788132,8,0.25,248,2008800,pilot; adaptive/event-or-cap stopping
id,e2,results/noisy_channel_tradeoffs/server_full/id/e2/summary_noisy_channel_tradeoff.mat,results/noisy_channel_tradeoffs/server_full/id/e2/E2_0p15_Rc_0p5/points/result_n_4_awgn_ebno_p2p0.mat,4,2,4,0.15,0.5,2,200354,1004400,2,1004400,0.19947630426125,1.99123855037834e-06,0.19947630426125,0.0997391477499004,8,0.25,248,2008800,pilot; adaptive/event-or-cap stopping
id,e2,results/noisy_channel_tradeoffs/server_full/id/e2/summary_noisy_channel_tradeoff.mat,results/noisy_channel_tradeoffs/server_full/id/e2/E2_0p15_Rc_0p5/points/result_n_4_awgn_ebno_p2p25.mat,4,2,4,0.15,0.5,2.25,200353,1004400,1,1004400,0.199475308641975,9.95619275189168e-07,0.199475308641975,0.0997381521306252,8,0.25,248,2008800,pilot; adaptive/event-or-cap stopping
id,e2,results/noisy_channel_tradeoffs/server_full/id/e2/summary_noisy_channel_tradeoff.mat,results/noisy_channel_tradeoffs/server_full/id/e2/E2_0p15_Rc_0p5/points/result_n_4_awgn_ebno_p2p5.mat,4,2,4,0.15,0.5,2.5,200353,1004400,0,1004400,0.199475308641975,0,0.199475308641975,0.0997376543209876,8,0.25,248,2008800,pilot; adaptive/event-or-cap stopping
id,e2,results/noisy_channel_tradeoffs/server_full/id/e2/summary_noisy_channel_tradeoff.mat,results/noisy_channel_tradeoffs/server_full/id/e2/E2_0p15_Rc_0p5/points/result_n_4_awgn_ebno_p2p75.mat,4,2,4,0.15,0.5,2.75,200353,1004400,0,1004400,0.199475308641975,0,0.199475308641975,0.0997376543209876,8,0.25,248,2008800,pilot; adaptive/event-or-cap stopping
id,e2,results/noisy_channel_tradeoffs/server_full/id/e2/summary_noisy_channel_tradeoff.mat,results/noisy_channel_tradeoffs/server_full/id/e2/E2_0p15_Rc_0p5/points/result_n_4_awgn_ebno_p3p0.mat,4,2,4,0.15,0.5,3,200353,1004400,0,1004400,0.199475308641975,0,0.199475308641975,0.0997376543209876,8,0.25,248,2008800,pilot; adaptive/event-or-cap stopping
id,e2,results/noisy_channel_tradeoffs/server_full/id/e2/summary_noisy_channel_tradeoff.mat,results/noisy_channel_tradeoffs/server_full/id/e2/E2_0p2_Rc_0p5/points/result_n_4_awgn_ebno_p0p0.mat,4,2,4,0.2,0.5,0,93471,405000,187452,405000,0.230792592592593,0.462844444444444,0.462844444444444,0.346818518518519,8,0.25,100,810000,pilot; adaptive/event-or-cap stopping
id,e2,results/noisy_channel_tradeoffs/server_full/id/e2/summary_noisy_channel_tradeoff.mat,results/noisy_channel_tradeoffs/server_full/id/e2/E2_0p2_Rc_0p5/points/result_n_4_awgn_ebno_p0p25.mat,4,2,4,0.2,0.5,0.25,92502,405000,172970,405000,0.2284,0.427086419753086,0.427086419753086,0.327743209876543,8,0.25,100,810000,pilot; adaptive/event-or-cap stopping
id,e2,results/noisy_channel_tradeoffs/server_full/id/e2/summary_noisy_channel_tradeoff.mat,results/noisy_channel_tradeoffs/server_full/id/e2/E2_0p2_Rc_0p5/points/result_n_4_awgn_ebno_p0p5.mat,4,2,4,0.2,0.5,0.5,91506,405000,155077,405000,0.225940740740741,0.382906172839506,0.382906172839506,0.304423456790123,8,0.25,100,810000,pilot; adaptive/event-or-cap stopping
id,e2,results/noisy_channel_tradeoffs/server_full/id/e2/summary_noisy_channel_tradeoff.mat,results/noisy_channel_tradeoffs/server_full/id/e2/E2_0p2_Rc_0p5/points/result_n_4_awgn_ebno_p0p75.mat,4,2,4,0.2,0.5,0.75,87407,405000,96133,405000,0.21581975308642,0.237365432098765,0.237365432098765,0.226592592592593,8,0.25,100,810000,pilot; adaptive/event-or-cap stopping
id,e2,results/noisy_channel_tradeoffs/server_full/id/e2/summary_noisy_channel_tradeoff.mat,results/noisy_channel_tradeoffs/server_full/id/e2/E2_0p2_Rc_0p5/points/result_n_4_awgn_ebno_p1p0.mat,4,2,4,0.2,0.5,1,84102,421200,205,421200,0.199672364672365,0.00048670465337132,0.199672364672365,0.100079534662868,8,0.25,104,842400,pilot; adaptive/event-or-cap stopping
id,e2,results/noisy_channel_tradeoffs/server_full/id/e2/summary_noisy_channel_tradeoff.mat,results/noisy_channel_tradeoffs/server_full/id/e2/E2_0p2_Rc_0p5/points/result_n_4_awgn_ebno_p1p25.mat,4,2,4,0.2,0.5,1.25,200358,1004400,73,1004400,0.199480286738351,7.26802070888092e-05,0.199480286738351,0.09977648347272,8,0.25,248,2008800,pilot; adaptive/event-or-cap stopping
id,e2,results/noisy_channel_tradeoffs/server_full/id/e2/summary_noisy_channel_tradeoff.mat,results/noisy_channel_tradeoffs/server_full/id/e2/E2_0p2_Rc_0p5/points/result_n_4_awgn_ebno_p1p5.mat,4,2,4,0.2,0.5,1.5,200353,1004400,21,1004400,0.199475308641975,2.09080047789725e-05,0.199475308641975,0.0997481083233771,8,0.25,248,2008800,pilot; adaptive/event-or-cap stopping
id,e2,results/noisy_channel_tradeoffs/server_full/id/e2/summary_noisy_channel_tradeoff.mat,results/noisy_channel_tradeoffs/server_full/id/e2/E2_0p2_Rc_0p5/points/result_n_4_awgn_ebno_p1p75.mat,4,2,4,0.2,0.5,1.75,200354,1004400,5,1004400,0.19947630426125,4.97809637594584e-06,0.19947630426125,0.0997406411788132,8,0.25,248,2008800,pilot; adaptive/event-or-cap stopping
id,e2,results/noisy_channel_tradeoffs/server_full/id/e2/summary_noisy_channel_tradeoff.mat,results/noisy_channel_tradeoffs/server_full/id/e2/E2_0p2_Rc_0p5/points/result_n_4_awgn_ebno_p2p0.mat,4,2,4,0.2,0.5,2,200354,1004400,2,1004400,0.19947630426125,1.99123855037834e-06,0.19947630426125,0.0997391477499004,8,0.25,248,2008800,pilot; adaptive/event-or-cap stopping
id,e2,results/noisy_channel_tradeoffs/server_full/id/e2/summary_noisy_channel_tradeoff.mat,results/noisy_channel_tradeoffs/server_full/id/e2/E2_0p2_Rc_0p5/points/result_n_4_awgn_ebno_p2p25.mat,4,2,4,0.2,0.5,2.25,200353,1004400,1,1004400,0.199475308641975,9.95619275189168e-07,0.199475308641975,0.0997381521306252,8,0.25,248,2008800,pilot; adaptive/event-or-cap stopping
id,e2,results/noisy_channel_tradeoffs/server_full/id/e2/summary_noisy_channel_tradeoff.mat,results/noisy_channel_tradeoffs/server_full/id/e2/E2_0p2_Rc_0p5/points/result_n_4_awgn_ebno_p2p5.mat,4,2,4,0.2,0.5,2.5,200353,1004400,0,1004400,0.199475308641975,0,0.199475308641975,0.0997376543209876,8,0.25,248,2008800,pilot; adaptive/event-or-cap stopping
id,e2,results/noisy_channel_tradeoffs/server_full/id/e2/summary_noisy_channel_tradeoff.mat,results/noisy_channel_tradeoffs/server_full/id/e2/E2_0p2_Rc_0p5/points/result_n_4_awgn_ebno_p2p75.mat,4,2,4,0.2,0.5,2.75,200353,1004400,0,1004400,0.199475308641975,0,0.199475308641975,0.0997376543209876,8,0.25,248,2008800,pilot; adaptive/event-or-cap stopping
id,e2,results/noisy_channel_tradeoffs/server_full/id/e2/summary_noisy_channel_tradeoff.mat,results/noisy_channel_tradeoffs/server_full/id/e2/E2_0p2_Rc_0p5/points/result_n_4_awgn_ebno_p3p0.mat,4,2,4,0.2,0.5,3,200353,1004400,0,1004400,0.199475308641975,0,0.199475308641975,0.0997376543209876,8,0.25,248,2008800,pilot; adaptive/event-or-cap stopping
id,e2,results/noisy_channel_tradeoffs/server_full/id/e2/summary_noisy_channel_tradeoff.mat,results/noisy_channel_tradeoffs/server_full/id/e2/E2_0p05_Rc_0p5/points/result_n_16_awgn_ebno_p0p0.mat,16,147,1176,0.05,0.5,0,402,101250,93815,101250,0.00397037037037037,0.926567901234568,0.926567901234568,0.465269135802469,32,0.318739760776136,100,202500,pilot; adaptive/event-or-cap stopping
id,e2,results/noisy_channel_tradeoffs/server_full/id/e2/summary_noisy_channel_tradeoff.mat,results/noisy_channel_tradeoffs/server_full/id/e2/E2_0p05_Rc_0p5/points/result_n_16_awgn_ebno_p0p25.mat,16,147,1176,0.05,0.5,0.25,393,101250,91502,101250,0.00388148148148148,0.903723456790123,0.903723456790123,0.453802469135802,32,0.318739760776136,100,202500,pilot; adaptive/event-or-cap stopping
id,e2,results/noisy_channel_tradeoffs/server_full/id/e2/summary_noisy_channel_tradeoff.mat,results/noisy_channel_tradeoffs/server_full/id/e2/E2_0p05_Rc_0p5/points/result_n_16_awgn_ebno_p0p5.mat,16,147,1176,0.05,0.5,0.5,364,101250,86796,101250,0.00359506172839506,0.857244444444444,0.857244444444444,0.43041975308642,32,0.318739760776136,100,202500,pilot; adaptive/event-or-cap stopping
id,e2,results/noisy_channel_tradeoffs/server_full/id/e2/summary_noisy_channel_tradeoff.mat,results/noisy_channel_tradeoffs/server_full/id/e2/E2_0p05_Rc_0p5/points/result_n_16_awgn_ebno_p0p75.mat,16,147,1176,0.05,0.5,0.75,417,101250,58505,101250,0.00411851851851852,0.577827160493827,0.577827160493827,0.290972839506173,32,0.318739760776136,100,202500,pilot; adaptive/event-or-cap stopping
id,e2,results/noisy_channel_tradeoffs/server_full/id/e2/summary_noisy_channel_tradeoff.mat,results/noisy_channel_tradeoffs/server_full/id/e2/E2_0p05_Rc_0p5/points/result_n_16_awgn_ebno_p1p0.mat,16,147,1176,0.05,0.5,1,393,101250,210,101250,0.00388148148148148,0.00207407407407407,0.00388148148148148,0.00297777777777778,32,0.318739760776136,100,202500,pilot; adaptive/event-or-cap stopping
id,e2,results/noisy_channel_tradeoffs/server_full/id/e2/summary_noisy_channel_tradeoff.mat,results/noisy_channel_tradeoffs/server_full/id/e2/E2_0p05_Rc_0p5/points/result_n_16_awgn_ebno_p1p25.mat,16,147,1176,0.05,0.5,1.25,2582,664200,200,664200,0.00388738331827763,0.000301114122252334,0.00388738331827763,0.00209424872026498,32,0.318739760776136,656,1328400,pilot; adaptive/event-or-cap stopping
id,e2,results/noisy_channel_tradeoffs/server_full/id/e2/summary_noisy_channel_tradeoff.mat,results/noisy_channel_tradeoffs/server_full/id/e2/E2_0p05_Rc_0p5/points/result_n_16_awgn_ebno_p1p5.mat,16,147,1176,0.05,0.5,1.5,3945,1000350,73,1000350,0.00394361973309342,7.29744589393712e-05,0.00394361973309342,0.00200829709601639,32,0.318739760776136,988,2000700,pilot; adaptive/event-or-cap stopping
id,e2,results/noisy_channel_tradeoffs/server_full/id/e2/summary_noisy_channel_tradeoff.mat,results/noisy_channel_tradeoffs/server_full/id/e2/E2_0p05_Rc_0p5/points/result_n_16_awgn_ebno_p1p75.mat,16,147,1176,0.05,0.5,1.75,3944,1000350,16,1000350,0.00394262008297096,1.59944019593142e-05,0.00394262008297096,0.00197930724246514,32,0.318739760776136,988,2000700,pilot; adaptive/event-or-cap stopping
id,e2,results/noisy_channel_tradeoffs/server_full/id/e2/summary_noisy_channel_tradeoff.mat,results/noisy_channel_tradeoffs/server_full/id/e2/E2_0p05_Rc_0p5/points/result_n_16_awgn_ebno_p2p0.mat,16,147,1176,0.05,0.5,2,3943,1000350,4,1000350,0.0039416204328485,3.99860048982856e-06,0.0039416204328485,0.00197280951666917,32,0.318739760776136,988,2000700,pilot; adaptive/event-or-cap stopping
id,e2,results/noisy_channel_tradeoffs/server_full/id/e2/summary_noisy_channel_tradeoff.mat,results/noisy_channel_tradeoffs/server_full/id/e2/E2_0p05_Rc_0p5/points/result_n_16_awgn_ebno_p2p25.mat,16,147,1176,0.05,0.5,2.25,3944,1000350,0,1000350,0.00394262008297096,0,0.00394262008297096,0.00197131004148548,32,0.318739760776136,988,2000700,pilot; adaptive/event-or-cap stopping
id,e2,results/noisy_channel_tradeoffs/server_full/id/e2/summary_noisy_channel_tradeoff.mat,results/noisy_channel_tradeoffs/server_full/id/e2/E2_0p05_Rc_0p5/points/result_n_16_awgn_ebno_p2p5.mat,16,147,1176,0.05,0.5,2.5,3944,1000350,0,1000350,0.00394262008297096,0,0.00394262008297096,0.00197131004148548,32,0.318739760776136,988,2000700,pilot; adaptive/event-or-cap stopping
id,e2,results/noisy_channel_tradeoffs/server_full/id/e2/summary_noisy_channel_tradeoff.mat,results/noisy_channel_tradeoffs/server_full/id/e2/E2_0p05_Rc_0p5/points/result_n_16_awgn_ebno_p2p75.mat,16,147,1176,0.05,0.5,2.75,3944,1000350,1,1000350,0.00394262008297096,9.9965012245714e-07,0.00394262008297096,0.00197180986654671,32,0.318739760776136,988,2000700,pilot; adaptive/event-or-cap stopping
id,e2,results/noisy_channel_tradeoffs/server_full/id/e2/summary_noisy_channel_tradeoff.mat,results/noisy_channel_tradeoffs/server_full/id/e2/E2_0p05_Rc_0p5/points/result_n_16_awgn_ebno_p3p0.mat,16,147,1176,0.05,0.5,3,3944,1000350,0,1000350,0.00394262008297096,0,0.00394262008297096,0.00197131004148548,32,0.318739760776136,988,2000700,pilot; adaptive/event-or-cap stopping
id,e2,results/noisy_channel_tradeoffs/server_full/id/e2/summary_noisy_channel_tradeoff.mat,results/noisy_channel_tradeoffs/server_full/id/e2/E2_0p1_Rc_0p5/points/result_n_16_awgn_ebno_p0p0.mat,16,84,672,0.1,0.5,0,385,101250,93722,101250,0.00380246913580247,0.925649382716049,0.925649382716049,0.464725925925926,32,0.293509919461836,100,202500,pilot; adaptive/event-or-cap stopping
id,e2,results/noisy_channel_tradeoffs/server_full/id/e2/summary_noisy_channel_tradeoff.mat,results/noisy_channel_tradeoffs/server_full/id/e2/E2_0p1_Rc_0p5/points/result_n_16_awgn_ebno_p0p25.mat,16,84,672,0.1,0.5,0.25,396,101250,91432,101250,0.00391111111111111,0.903032098765432,0.903032098765432,0.453471604938272,32,0.293509919461836,100,202500,pilot; adaptive/event-or-cap stopping
id,e2,results/noisy_channel_tradeoffs/server_full/id/e2/summary_noisy_channel_tradeoff.mat,results/noisy_channel_tradeoffs/server_full/id/e2/E2_0p1_Rc_0p5/points/result_n_16_awgn_ebno_p0p5.mat,16,84,672,0.1,0.5,0.5,383,101250,86978,101250,0.00378271604938272,0.859041975308642,0.859041975308642,0.431412345679012,32,0.293509919461836,100,202500,pilot; adaptive/event-or-cap stopping
id,e2,results/noisy_channel_tradeoffs/server_full/id/e2/summary_noisy_channel_tradeoff.mat,results/noisy_channel_tradeoffs/server_full/id/e2/E2_0p1_Rc_0p5/points/result_n_16_awgn_ebno_p0p75.mat,16,84,672,0.1,0.5,0.75,402,101250,60490,101250,0.00397037037037037,0.597432098765432,0.597432098765432,0.300701234567901,32,0.293509919461836,100,202500,pilot; adaptive/event-or-cap stopping
id,e2,results/noisy_channel_tradeoffs/server_full/id/e2/summary_noisy_channel_tradeoff.mat,results/noisy_channel_tradeoffs/server_full/id/e2/E2_0p1_Rc_0p5/points/result_n_16_awgn_ebno_p1p0.mat,16,84,672,0.1,0.5,1,389,101250,204,101250,0.00384197530864198,0.00201481481481481,0.00384197530864198,0.0029283950617284,32,0.293509919461836,100,202500,pilot; adaptive/event-or-cap stopping
id,e2,results/noisy_channel_tradeoffs/server_full/id/e2/summary_noisy_channel_tradeoff.mat,results/noisy_channel_tradeoffs/server_full/id/e2/E2_0p1_Rc_0p5/points/result_n_16_awgn_ebno_p1p25.mat,16,84,672,0.1,0.5,1.25,2310,615600,201,615600,0.00375243664717349,0.000326510721247563,0.00375243664717349,0.00203947368421053,32,0.293509919461836,608,1231200,pilot; adaptive/event-or-cap stopping
id,e2,results/noisy_channel_tradeoffs/server_full/id/e2/summary_noisy_channel_tradeoff.mat,results/noisy_channel_tradeoffs/server_full/id/e2/E2_0p1_Rc_0p5/points/result_n_16_awgn_ebno_p1p5.mat,16,84,672,0.1,0.5,1.5,3795,1000350,78,1000350,0.00379367221472485,7.79727095516569e-05,0.00379367221472485,0.00193582246213825,32,0.293509919461836,988,2000700,pilot; adaptive/event-or-cap stopping
id,e2,results/noisy_channel_tradeoffs/server_full/id/e2/summary_noisy_channel_tradeoff.mat,results/noisy_channel_tradeoffs/server_full/id/e2/E2_0p1_Rc_0p5/points/result_n_16_awgn_ebno_p1p75.mat,16,84,672,0.1,0.5,1.75,3795,1000350,16,1000350,0.00379367221472485,1.59944019593142e-05,0.00379367221472485,0.00190483330834208,32,0.293509919461836,988,2000700,pilot; adaptive/event-or-cap stopping
id,e2,results/noisy_channel_tradeoffs/server_full/id/e2/summary_noisy_channel_tradeoff.mat,results/noisy_channel_tradeoffs/server_full/id/e2/E2_0p1_Rc_0p5/points/result_n_16_awgn_ebno_p2p0.mat,16,84,672,0.1,0.5,2,3795,1000350,5,1000350,0.00379367221472485,4.9982506122857e-06,0.00379367221472485,0.00189933523266857,32,0.293509919461836,988,2000700,pilot; adaptive/event-or-cap stopping
id,e2,results/noisy_channel_tradeoffs/server_full/id/e2/summary_noisy_channel_tradeoff.mat,results/noisy_channel_tradeoffs/server_full/id/e2/E2_0p1_Rc_0p5/points/result_n_16_awgn_ebno_p2p25.mat,16,84,672,0.1,0.5,2.25,3795,1000350,2,1000350,0.00379367221472485,1.99930024491428e-06,0.00379367221472485,0.00189783575748488,32,0.293509919461836,988,2000700,pilot; adaptive/event-or-cap stopping
id,e2,results/noisy_channel_tradeoffs/server_full/id/e2/summary_noisy_channel_tradeoff.mat,results/noisy_channel_tradeoffs/server_full/id/e2/E2_0p1_Rc_0p5/points/result_n_16_awgn_ebno_p2p5.mat,16,84,672,0.1,0.5,2.5,3795,1000350,0,1000350,0.00379367221472485,0,0.00379367221472485,0.00189683610736242,32,0.293509919461836,988,2000700,pilot; adaptive/event-or-cap stopping
id,e2,results/noisy_channel_tradeoffs/server_full/id/e2/summary_noisy_channel_tradeoff.mat,results/noisy_channel_tradeoffs/server_full/id/e2/E2_0p1_Rc_0p5/points/result_n_16_awgn_ebno_p2p75.mat,16,84,672,0.1,0.5,2.75,3795,1000350,0,1000350,0.00379367221472485,0,0.00379367221472485,0.00189683610736242,32,0.293509919461836,988,2000700,pilot; adaptive/event-or-cap stopping
id,e2,results/noisy_channel_tradeoffs/server_full/id/e2/summary_noisy_channel_tradeoff.mat,results/noisy_channel_tradeoffs/server_full/id/e2/E2_0p1_Rc_0p5/points/result_n_16_awgn_ebno_p3p0.mat,16,84,672,0.1,0.5,3,3795,1000350,0,1000350,0.00379367221472485,0,0.00379367221472485,0.00189683610736242,32,0.293509919461836,988,2000700,pilot; adaptive/event-or-cap stopping
id,e2,results/noisy_channel_tradeoffs/server_full/id/e2/summary_noisy_channel_tradeoff.mat,results/noisy_channel_tradeoffs/server_full/id/e2/E2_0p15_Rc_0p5/points/result_n_16_awgn_ebno_p0p0.mat,16,48,384,0.15,0.5,0,414,101250,93864,101250,0.00408888888888889,0.927051851851852,0.927051851851852,0.46557037037037,32,0.268280078147536,100,202500,pilot; adaptive/event-or-cap stopping
id,e2,results/noisy_channel_tradeoffs/server_full/id/e2/summary_noisy_channel_tradeoff.mat,results/noisy_channel_tradeoffs/server_full/id/e2/E2_0p15_Rc_0p5/points/result_n_16_awgn_ebno_p0p25.mat,16,48,384,0.15,0.5,0.25,419,101250,91601,101250,0.00413827160493827,0.904701234567901,0.904701234567901,0.45441975308642,32,0.268280078147536,100,202500,pilot; adaptive/event-or-cap stopping
id,e2,results/noisy_channel_tradeoffs/server_full/id/e2/summary_noisy_channel_tradeoff.mat,results/noisy_channel_tradeoffs/server_full/id/e2/E2_0p15_Rc_0p5/points/result_n_16_awgn_ebno_p0p5.mat,16,48,384,0.15,0.5,0.5,349,101250,87002,101250,0.00344691358024691,0.859279012345679,0.859279012345679,0.431362962962963,32,0.268280078147536,100,202500,pilot; adaptive/event-or-cap stopping
id,e2,results/noisy_channel_tradeoffs/server_full/id/e2/summary_noisy_channel_tradeoff.mat,results/noisy_channel_tradeoffs/server_full/id/e2/E2_0p15_Rc_0p5/points/result_n_16_awgn_ebno_p0p75.mat,16,48,384,0.15,0.5,0.75,382,101250,59777,101250,0.00377283950617284,0.59039012345679,0.59039012345679,0.297081481481482,32,0.268280078147536,100,202500,pilot; adaptive/event-or-cap stopping
id,e2,results/noisy_channel_tradeoffs/server_full/id/e2/summary_noisy_channel_tradeoff.mat,results/noisy_channel_tradeoffs/server_full/id/e2/E2_0p15_Rc_0p5/points/result_n_16_awgn_ebno_p1p0.mat,16,48,384,0.15,0.5,1,366,101250,241,101250,0.00361481481481481,0.00238024691358025,0.00361481481481481,0.00299753086419753,32,0.268280078147536,100,202500,pilot; adaptive/event-or-cap stopping
id,e2,results/noisy_channel_tradeoffs/server_full/id/e2/summary_noisy_channel_tradeoff.mat,results/noisy_channel_tradeoffs/server_full/id/e2/E2_0p15_Rc_0p5/points/result_n_16_awgn_ebno_p1p25.mat,16,48,384,0.15,0.5,1.25,2511,643950,200,643950,0.00389937106918239,0.000310583119807438,0.00389937106918239,0.00210497709449491,32,0.268280078147536,636,1287900,pilot; adaptive/event-or-cap stopping
id,e2,results/noisy_channel_tradeoffs/server_full/id/e2/summary_noisy_channel_tradeoff.mat,results/noisy_channel_tradeoffs/server_full/id/e2/E2_0p15_Rc_0p5/points/result_n_16_awgn_ebno_p1p5.mat,16,48,384,0.15,0.5,1.5,3873,1000350,87,1000350,0.0038716449242765,8.69695606537712e-05,0.0038716449242765,0.00197930724246514,32,0.268280078147536,988,2000700,pilot; adaptive/event-or-cap stopping
id,e2,results/noisy_channel_tradeoffs/server_full/id/e2/summary_noisy_channel_tradeoff.mat,results/noisy_channel_tradeoffs/server_full/id/e2/E2_0p15_Rc_0p5/points/result_n_16_awgn_ebno_p1p75.mat,16,48,384,0.15,0.5,1.75,3873,1000350,23,1000350,0.0038716449242765,2.29919528165142e-05,0.0038716449242765,0.00194731843854651,32,0.268280078147536,988,2000700,pilot; adaptive/event-or-cap stopping
id,e2,results/noisy_channel_tradeoffs/server_full/id/e2/summary_noisy_channel_tradeoff.mat,results/noisy_channel_tradeoffs/server_full/id/e2/E2_0p15_Rc_0p5/points/result_n_16_awgn_ebno_p2p0.mat,16,48,384,0.15,0.5,2,3873,1000350,4,1000350,0.0038716449242765,3.99860048982856e-06,0.0038716449242765,0.00193782176238317,32,0.268280078147536,988,2000700,pilot; adaptive/event-or-cap stopping
id,e2,results/noisy_channel_tradeoffs/server_full/id/e2/summary_noisy_channel_tradeoff.mat,results/noisy_channel_tradeoffs/server_full/id/e2/E2_0p15_Rc_0p5/points/result_n_16_awgn_ebno_p2p25.mat,16,48,384,0.15,0.5,2.25,3873,1000350,1,1000350,0.0038716449242765,9.9965012245714e-07,0.0038716449242765,0.00193632228719948,32,0.268280078147536,988,2000700,pilot; adaptive/event-or-cap stopping
id,e2,results/noisy_channel_tradeoffs/server_full/id/e2/summary_noisy_channel_tradeoff.mat,results/noisy_channel_tradeoffs/server_full/id/e2/E2_0p15_Rc_0p5/points/result_n_16_awgn_ebno_p2p5.mat,16,48,384,0.15,0.5,2.5,3873,1000350,1,1000350,0.0038716449242765,9.9965012245714e-07,0.0038716449242765,0.00193632228719948,32,0.268280078147536,988,2000700,pilot; adaptive/event-or-cap stopping
id,e2,results/noisy_channel_tradeoffs/server_full/id/e2/summary_noisy_channel_tradeoff.mat,results/noisy_channel_tradeoffs/server_full/id/e2/E2_0p15_Rc_0p5/points/result_n_16_awgn_ebno_p2p75.mat,16,48,384,0.15,0.5,2.75,3873,1000350,0,1000350,0.0038716449242765,0,0.0038716449242765,0.00193582246213825,32,0.268280078147536,988,2000700,pilot; adaptive/event-or-cap stopping
id,e2,results/noisy_channel_tradeoffs/server_full/id/e2/summary_noisy_channel_tradeoff.mat,results/noisy_channel_tradeoffs/server_full/id/e2/E2_0p15_Rc_0p5/points/result_n_16_awgn_ebno_p3p0.mat,16,48,384,0.15,0.5,3,3873,1000350,0,1000350,0.0038716449242765,0,0.0038716449242765,0.00193582246213825,32,0.268280078147536,988,2000700,pilot; adaptive/event-or-cap stopping
id,e2,results/noisy_channel_tradeoffs/server_full/id/e2/summary_noisy_channel_tradeoff.mat,results/noisy_channel_tradeoffs/server_full/id/e2/E2_0p2_Rc_0p5/points/result_n_16_awgn_ebno_p0p0.mat,16,27,216,0.2,0.5,0,372,101250,93748,101250,0.00367407407407407,0.925906172839506,0.925906172839506,0.46479012345679,32,0.242340234442608,100,202500,pilot; adaptive/event-or-cap stopping
id,e2,results/noisy_channel_tradeoffs/server_full/id/e2/summary_noisy_channel_tradeoff.mat,results/noisy_channel_tradeoffs/server_full/id/e2/E2_0p2_Rc_0p5/points/result_n_16_awgn_ebno_p0p25.mat,16,27,216,0.2,0.5,0.25,422,101250,91392,101250,0.0041679012345679,0.902637037037037,0.902637037037037,0.453402469135802,32,0.242340234442608,100,202500,pilot; adaptive/event-or-cap stopping
id,e2,results/noisy_channel_tradeoffs/server_full/id/e2/summary_noisy_channel_tradeoff.mat,results/noisy_channel_tradeoffs/server_full/id/e2/E2_0p2_Rc_0p5/points/result_n_16_awgn_ebno_p0p5.mat,16,27,216,0.2,0.5,0.5,435,101250,86986,101250,0.0042962962962963,0.859120987654321,0.859120987654321,0.431708641975309,32,0.242340234442608,100,202500,pilot; adaptive/event-or-cap stopping
id,e2,results/noisy_channel_tradeoffs/server_full/id/e2/summary_noisy_channel_tradeoff.mat,results/noisy_channel_tradeoffs/server_full/id/e2/E2_0p2_Rc_0p5/points/result_n_16_awgn_ebno_p0p75.mat,16,27,216,0.2,0.5,0.75,415,101250,62952,101250,0.00409876543209877,0.621748148148148,0.621748148148148,0.312923456790123,32,0.242340234442608,100,202500,pilot; adaptive/event-or-cap stopping
id,e2,results/noisy_channel_tradeoffs/server_full/id/e2/summary_noisy_channel_tradeoff.mat,results/noisy_channel_tradeoffs/server_full/id/e2/E2_0p2_Rc_0p5/points/result_n_16_awgn_ebno_p1p0.mat,16,27,216,0.2,0.5,1,398,101250,222,101250,0.00393086419753086,0.00219259259259259,0.00393086419753086,0.00306172839506173,32,0.242340234442608,100,202500,pilot; adaptive/event-or-cap stopping
id,e2,results/noisy_channel_tradeoffs/server_full/id/e2/summary_noisy_channel_tradeoff.mat,results/noisy_channel_tradeoffs/server_full/id/e2/E2_0p2_Rc_0p5/points/result_n_16_awgn_ebno_p1p25.mat,16,27,216,0.2,0.5,1.25,2069,522450,200,522450,0.00396018757775864,0.000382811752320796,0.00396018757775864,0.00217149966503972,32,0.242340234442608,516,1044900,pilot; adaptive/event-or-cap stopping
id,e2,results/noisy_channel_tradeoffs/server_full/id/e2/summary_noisy_channel_tradeoff.mat,results/noisy_channel_tradeoffs/server_full/id/e2/E2_0p2_Rc_0p5/points/result_n_16_awgn_ebno_p1p5.mat,16,27,216,0.2,0.5,1.5,3928,1000350,87,1000350,0.00392662568101165,8.69695606537712e-05,0.00392662568101165,0.00200679762083271,32,0.242340234442608,988,2000700,pilot; adaptive/event-or-cap stopping
id,e2,results/noisy_channel_tradeoffs/server_full/id/e2/summary_noisy_channel_tradeoff.mat,results/noisy_channel_tradeoffs/server_full/id/e2/E2_0p2_Rc_0p5/points/result_n_16_awgn_ebno_p1p75.mat,16,27,216,0.2,0.5,1.75,3928,1000350,23,1000350,0.00392662568101165,2.29919528165142e-05,0.00392662568101165,0.00197480881691408,32,0.242340234442608,988,2000700,pilot; adaptive/event-or-cap stopping
id,e2,results/noisy_channel_tradeoffs/server_full/id/e2/summary_noisy_channel_tradeoff.mat,results/noisy_channel_tradeoffs/server_full/id/e2/E2_0p2_Rc_0p5/points/result_n_16_awgn_ebno_p2p0.mat,16,27,216,0.2,0.5,2,3928,1000350,4,1000350,0.00392662568101165,3.99860048982856e-06,0.00392662568101165,0.00196531214075074,32,0.242340234442608,988,2000700,pilot; adaptive/event-or-cap stopping
id,e2,results/noisy_channel_tradeoffs/server_full/id/e2/summary_noisy_channel_tradeoff.mat,results/noisy_channel_tradeoffs/server_full/id/e2/E2_0p2_Rc_0p5/points/result_n_16_awgn_ebno_p2p25.mat,16,27,216,0.2,0.5,2.25,3928,1000350,0,1000350,0.00392662568101165,0,0.00392662568101165,0.00196331284050582,32,0.242340234442608,988,2000700,pilot; adaptive/event-or-cap stopping
id,e2,results/noisy_channel_tradeoffs/server_full/id/e2/summary_noisy_channel_tradeoff.mat,results/noisy_channel_tradeoffs/server_full/id/e2/E2_0p2_Rc_0p5/points/result_n_16_awgn_ebno_p2p5.mat,16,27,216,0.2,0.5,2.5,3928,1000350,0,1000350,0.00392662568101165,0,0.00392662568101165,0.00196331284050582,32,0.242340234442608,988,2000700,pilot; adaptive/event-or-cap stopping
id,e2,results/noisy_channel_tradeoffs/server_full/id/e2/summary_noisy_channel_tradeoff.mat,results/noisy_channel_tradeoffs/server_full/id/e2/E2_0p2_Rc_0p5/points/result_n_16_awgn_ebno_p2p75.mat,16,27,216,0.2,0.5,2.75,3928,1000350,0,1000350,0.00392662568101165,0,0.00392662568101165,0.00196331284050582,32,0.242340234442608,988,2000700,pilot; adaptive/event-or-cap stopping
id,e2,results/noisy_channel_tradeoffs/server_full/id/e2/summary_noisy_channel_tradeoff.mat,results/noisy_channel_tradeoffs/server_full/id/e2/E2_0p2_Rc_0p5/points/result_n_16_awgn_ebno_p3p0.mat,16,27,216,0.2,0.5,3,3928,1000350,0,1000350,0.00392662568101165,0,0.00392662568101165,0.00196331284050582,32,0.242340234442608,988,2000700,pilot; adaptive/event-or-cap stopping
id,e2,results/noisy_channel_tradeoffs/server_full/id/e2/summary_noisy_channel_tradeoff.mat,results/noisy_channel_tradeoffs/server_full/id/e2/E2_0p05_Rc_0p5/points/result_n_28_awgn_ebno_p0p0.mat,28,6208,86912,0.05,0.5,0,65,1001962,992044,1001962,6.48727197239017e-05,0.990101421011975,0.990101421011975,0.495083146865849,56.0069144338807,0.292950753136283,1732,2003924,pilot; adaptive/event-or-cap stopping
id,e2,results/noisy_channel_tradeoffs/server_full/id/e2/summary_noisy_channel_tradeoff.mat,results/noisy_channel_tradeoffs/server_full/id/e2/E2_0p05_Rc_0p5/points/result_n_28_awgn_ebno_p0p25.mat,28,6208,86912,0.05,0.5,0.25,56,1001962,985272,1001962,5.58903431467461e-05,0.983342681658586,0.983342681658586,0.491699286000866,56.0069144338807,0.292950753136283,1732,2003924,pilot; adaptive/event-or-cap stopping
id,e2,results/noisy_channel_tradeoffs/server_full/id/e2/summary_noisy_channel_tradeoff.mat,results/noisy_channel_tradeoffs/server_full/id/e2/E2_0p05_Rc_0p5/points/result_n_28_awgn_ebno_p0p5.mat,28,6208,86912,0.05,0.5,0.5,54,1001962,969115,1001962,5.38942594629337e-05,0.967217319618908,0.967217319618908,0.483635606939185,56.0069144338807,0.292950753136283,1732,2003924,pilot; adaptive/event-or-cap stopping
id,e2,results/noisy_channel_tradeoffs/server_full/id/e2/summary_noisy_channel_tradeoff.mat,results/noisy_channel_tradeoffs/server_full/id/e2/E2_0p05_Rc_0p5/points/result_n_28_awgn_ebno_p0p75.mat,28,6208,86912,0.05,0.5,0.75,70,1001962,715103,1001962,6.98629289334326e-05,0.713702715272635,0.713702715272635,0.356886289100784,56.0069144338807,0.292950753136283,1732,2003924,pilot; adaptive/event-or-cap stopping
id,e2,results/noisy_channel_tradeoffs/server_full/id/e2/summary_noisy_channel_tradeoff.mat,results/noisy_channel_tradeoffs/server_full/id/e2/E2_0p05_Rc_0p5/points/result_n_28_awgn_ebno_p1p0.mat,28,6208,86912,0.05,0.5,1,50,1001962,3441,1001962,4.9902092095309e-05,0.00343426197799917,0.00343426197799917,0.00174208203504724,56.0069144338807,0.292950753136283,1732,2003924,pilot; adaptive/event-or-cap stopping
id,e2,results/noisy_channel_tradeoffs/server_full/id/e2/summary_noisy_channel_tradeoff.mat,results/noisy_channel_tradeoffs/server_full/id/e2/E2_0p05_Rc_0p5/points/result_n_28_awgn_ebno_p1p25.mat,28,6208,86912,0.05,0.5,1.25,50,1001962,629,1001962,4.9902092095309e-05,0.000627768318558987,0.000627768318558987,0.000338835205327148,56.0069144338807,0.292950753136283,1732,2003924,pilot; adaptive/event-or-cap stopping
id,e2,results/noisy_channel_tradeoffs/server_full/id/e2/summary_noisy_channel_tradeoff.mat,results/noisy_channel_tradeoffs/server_full/id/e2/E2_0p05_Rc_0p5/points/result_n_28_awgn_ebno_p1p5.mat,28,6208,86912,0.05,0.5,1.5,50,1001962,151,1001962,4.9902092095309e-05,0.000150704318127833,0.000150704318127833,0.000100303205111571,56.0069144338807,0.292950753136283,1732,2003924,pilot; adaptive/event-or-cap stopping
id,e2,results/noisy_channel_tradeoffs/server_full/id/e2/summary_noisy_channel_tradeoff.mat,results/noisy_channel_tradeoffs/server_full/id/e2/E2_0p05_Rc_0p5/points/result_n_28_awgn_ebno_p1p75.mat,28,6208,86912,0.05,0.5,1.75,50,1001962,32,1001962,4.9902092095309e-05,3.19373389409978e-05,4.9902092095309e-05,4.09197155181534e-05,56.0069144338807,0.292950753136283,1732,2003924,pilot; adaptive/event-or-cap stopping
id,e2,results/noisy_channel_tradeoffs/server_full/id/e2/summary_noisy_channel_tradeoff.mat,results/noisy_channel_tradeoffs/server_full/id/e2/E2_0p05_Rc_0p5/points/result_n_28_awgn_ebno_p2p0.mat,28,6208,86912,0.05,0.5,2,50,1001962,10,1001962,4.9902092095309e-05,9.9804184190618e-06,4.9902092095309e-05,2.99412552571854e-05,56.0069144338807,0.292950753136283,1732,2003924,pilot; adaptive/event-or-cap stopping
id,e2,results/noisy_channel_tradeoffs/server_full/id/e2/summary_noisy_channel_tradeoff.mat,results/noisy_channel_tradeoffs/server_full/id/e2/E2_0p05_Rc_0p5/points/result_n_28_awgn_ebno_p2p25.mat,28,6208,86912,0.05,0.5,2.25,50,1001962,3,1001962,4.9902092095309e-05,2.99412552571854e-06,4.9902092095309e-05,2.64481088105138e-05,56.0069144338807,0.292950753136283,1732,2003924,pilot; adaptive/event-or-cap stopping
id,e2,results/noisy_channel_tradeoffs/server_full/id/e2/summary_noisy_channel_tradeoff.mat,results/noisy_channel_tradeoffs/server_full/id/e2/E2_0p05_Rc_0p5/points/result_n_28_awgn_ebno_p2p5.mat,28,6208,86912,0.05,0.5,2.5,50,1001962,1,1001962,4.9902092095309e-05,9.9804184190618e-07,4.9902092095309e-05,2.54500669686076e-05,56.0069144338807,0.292950753136283,1732,2003924,pilot; adaptive/event-or-cap stopping
id,e2,results/noisy_channel_tradeoffs/server_full/id/e2/summary_noisy_channel_tradeoff.mat,results/noisy_channel_tradeoffs/server_full/id/e2/E2_0p05_Rc_0p5/points/result_n_28_awgn_ebno_p2p75.mat,28,6208,86912,0.05,0.5,2.75,50,1001962,0,1001962,4.9902092095309e-05,0,4.9902092095309e-05,2.49510460476545e-05,56.0069144338807,0.292950753136283,1732,2003924,pilot; adaptive/event-or-cap stopping
id,e2,results/noisy_channel_tradeoffs/server_full/id/e2/summary_noisy_channel_tradeoff.mat,results/noisy_channel_tradeoffs/server_full/id/e2/E2_0p05_Rc_0p5/points/result_n_28_awgn_ebno_p3p0.mat,28,6208,86912,0.05,0.5,3,50,1001962,0,1001962,4.9902092095309e-05,0,4.9902092095309e-05,2.49510460476545e-05,56.0069144338807,0.292950753136283,1732,2003924,pilot; adaptive/event-or-cap stopping
id,e2,results/noisy_channel_tradeoffs/server_full/id/e2/summary_noisy_channel_tradeoff.mat,results/noisy_channel_tradeoffs/server_full/id/e2/E2_0p1_Rc_0p5/points/result_n_28_awgn_ebno_p0p0.mat,28,2352,32928,0.1,0.5,0,57,1001962,992046,1001962,5.68883849886523e-05,0.990103417095658,0.990103417095658,0.495080152740323,56.0069144338807,0.267949545490684,1732,2003924,pilot; adaptive/event-or-cap stopping
id,e2,results/noisy_channel_tradeoffs/server_full/id/e2/summary_noisy_channel_tradeoff.mat,results/noisy_channel_tradeoffs/server_full/id/e2/E2_0p1_Rc_0p5/points/result_n_28_awgn_ebno_p0p25.mat,28,2352,32928,0.1,0.5,0.25,67,1001962,985232,1001962,6.68688034077141e-05,0.98330275998491,0.98330275998491,0.491684814394159,56.0069144338807,0.267949545490684,1732,2003924,pilot; adaptive/event-or-cap stopping
id,e2,results/noisy_channel_tradeoffs/server_full/id/e2/summary_noisy_channel_tradeoff.mat,results/noisy_channel_tradeoffs/server_full/id/e2/E2_0p1_Rc_0p5/points/result_n_28_awgn_ebno_p0p5.mat,28,2352,32928,0.1,0.5,0.5,42,1001962,969005,1001962,4.19177573600596e-05,0.967107535016298,0.967107535016298,0.483574726386829,56.0069144338807,0.267949545490684,1732,2003924,pilot; adaptive/event-or-cap stopping
id,e2,results/noisy_channel_tradeoffs/server_full/id/e2/summary_noisy_channel_tradeoff.mat,results/noisy_channel_tradeoffs/server_full/id/e2/E2_0p1_Rc_0p5/points/result_n_28_awgn_ebno_p0p75.mat,28,2352,32928,0.1,0.5,0.75,52,1001962,712570,1001962,5.18981757791214e-05,0.711174675287087,0.711174675287087,0.355613286731433,56.0069144338807,0.267949545490684,1732,2003924,pilot; adaptive/event-or-cap stopping
id,e2,results/noisy_channel_tradeoffs/server_full/id/e2/summary_noisy_channel_tradeoff.mat,results/noisy_channel_tradeoffs/server_full/id/e2/E2_0p1_Rc_0p5/points/result_n_28_awgn_ebno_p1p0.mat,28,2352,32928,0.1,0.5,1,44,1001962,3487,1001962,4.39138410438719e-05,0.00348017190272685,0.00348017190272685,0.00176204287188536,56.0069144338807,0.267949545490684,1732,2003924,pilot; adaptive/event-or-cap stopping
id,e2,results/noisy_channel_tradeoffs/server_full/id/e2/summary_noisy_channel_tradeoff.mat,results/noisy_channel_tradeoffs/server_full/id/e2/E2_0p1_Rc_0p5/points/result_n_28_awgn_ebno_p1p25.mat,28,2352,32928,0.1,0.5,1.25,44,1001962,591,1001962,4.39138410438719e-05,0.000589842728566552,0.000589842728566552,0.000316878284805212,56.0069144338807,0.267949545490684,1732,2003924,pilot; adaptive/event-or-cap stopping
id,e2,results/noisy_channel_tradeoffs/server_full/id/e2/summary_noisy_channel_tradeoff.mat,results/noisy_channel_tradeoffs/server_full/id/e2/E2_0p1_Rc_0p5/points/result_n_28_awgn_ebno_p1p5.mat,28,2352,32928,0.1,0.5,1.5,44,1001962,140,1001962,4.39138410438719e-05,0.000139725857866865,0.000139725857866865,9.18198494553686e-05,56.0069144338807,0.267949545490684,1732,2003924,pilot; adaptive/event-or-cap stopping
id,e2,results/noisy_channel_tradeoffs/server_full/id/e2/summary_noisy_channel_tradeoff.mat,results/noisy_channel_tradeoffs/server_full/id/e2/E2_0p1_Rc_0p5/points/result_n_28_awgn_ebno_p1p75.mat,28,2352,32928,0.1,0.5,1.75,44,1001962,26,1001962,4.39138410438719e-05,2.59490878895607e-05,4.39138410438719e-05,3.49314644667163e-05,56.0069144338807,0.267949545490684,1732,2003924,pilot; adaptive/event-or-cap stopping
id,e2,results/noisy_channel_tradeoffs/server_full/id/e2/summary_noisy_channel_tradeoff.mat,results/noisy_channel_tradeoffs/server_full/id/e2/E2_0p1_Rc_0p5/points/result_n_28_awgn_ebno_p2p0.mat,28,2352,32928,0.1,0.5,2,44,1001962,6,1001962,4.39138410438719e-05,5.98825105143708e-06,4.39138410438719e-05,2.49510460476545e-05,56.0069144338807,0.267949545490684,1732,2003924,pilot; adaptive/event-or-cap stopping
id,e2,results/noisy_channel_tradeoffs/server_full/id/e2/summary_noisy_channel_tradeoff.mat,results/noisy_channel_tradeoffs/server_full/id/e2/E2_0p1_Rc_0p5/points/result_n_28_awgn_ebno_p2p25.mat,28,2352,32928,0.1,0.5,2.25,44,1001962,3,1001962,4.39138410438719e-05,2.99412552571854e-06,4.39138410438719e-05,2.34539832847952e-05,56.0069144338807,0.267949545490684,1732,2003924,pilot; adaptive/event-or-cap stopping
id,e2,results/noisy_channel_tradeoffs/server_full/id/e2/summary_noisy_channel_tradeoff.mat,results/noisy_channel_tradeoffs/server_full/id/e2/E2_0p1_Rc_0p5/points/result_n_28_awgn_ebno_p2p5.mat,28,2352,32928,0.1,0.5,2.5,44,1001962,1,1001962,4.39138410438719e-05,9.9804184190618e-07,4.39138410438719e-05,2.24559414428891e-05,56.0069144338807,0.267949545490684,1732,2003924,pilot; adaptive/event-or-cap stopping
id,e2,results/noisy_channel_tradeoffs/server_full/id/e2/summary_noisy_channel_tradeoff.mat,results/noisy_channel_tradeoffs/server_full/id/e2/E2_0p1_Rc_0p5/points/result_n_28_awgn_ebno_p2p75.mat,28,2352,32928,0.1,0.5,2.75,44,1001962,0,1001962,4.39138410438719e-05,0,4.39138410438719e-05,2.1956920521936e-05,56.0069144338807,0.267949545490684,1732,2003924,pilot; adaptive/event-or-cap stopping
id,e2,results/noisy_channel_tradeoffs/server_full/id/e2/summary_noisy_channel_tradeoff.mat,results/noisy_channel_tradeoffs/server_full/id/e2/E2_0p1_Rc_0p5/points/result_n_28_awgn_ebno_p3p0.mat,28,2352,32928,0.1,0.5,3,44,1001962,0,1001962,4.39138410438719e-05,0,4.39138410438719e-05,2.1956920521936e-05,56.0069144338807,0.267949545490684,1732,2003924,pilot; adaptive/event-or-cap stopping
id,e2,results/noisy_channel_tradeoffs/server_full/id/e2/summary_noisy_channel_tradeoff.mat,results/noisy_channel_tradeoffs/server_full/id/e2/E2_0p15_Rc_0p5/points/result_n_28_awgn_ebno_p0p0.mat,28,891,12474,0.15,0.5,0,71,1001962,992247,1001962,7.08609707753388e-05,0.990304023505881,0.990304023505881,0.495187442238328,56.0069144338807,0.242945655569776,1732,2003924,pilot; adaptive/event-or-cap stopping
id,e2,results/noisy_channel_tradeoffs/server_full/id/e2/summary_noisy_channel_tradeoff.mat,results/noisy_channel_tradeoffs/server_full/id/e2/E2_0p15_Rc_0p5/points/result_n_28_awgn_ebno_p0p25.mat,28,891,12474,0.15,0.5,0.25,55,1001962,985187,1001962,5.48923013048399e-05,0.983257848102024,0.983257848102024,0.491656370201664,56.0069144338807,0.242945655569776,1732,2003924,pilot; adaptive/event-or-cap stopping
id,e2,results/noisy_channel_tradeoffs/server_full/id/e2/summary_noisy_channel_tradeoff.mat,results/noisy_channel_tradeoffs/server_full/id/e2/E2_0p15_Rc_0p5/points/result_n_28_awgn_ebno_p0p5.mat,28,891,12474,0.15,0.5,0.5,59,1001962,969407,1001962,5.88844686724646e-05,0.967508747836744,0.967508747836744,0.483783816152708,56.0069144338807,0.242945655569776,1732,2003924,pilot; adaptive/event-or-cap stopping
id,e2,results/noisy_channel_tradeoffs/server_full/id/e2/summary_noisy_channel_tradeoff.mat,results/noisy_channel_tradeoffs/server_full/id/e2/E2_0p15_Rc_0p5/points/result_n_28_awgn_ebno_p0p75.mat,28,891,12474,0.15,0.5,0.75,63,1001962,730395,1001962,6.28766360400893e-05,0.728964771119064,0.728964771119064,0.364513823877552,56.0069144338807,0.242945655569776,1732,2003924,pilot; adaptive/event-or-cap stopping
id,e2,results/noisy_channel_tradeoffs/server_full/id/e2/summary_noisy_channel_tradeoff.mat,results/noisy_channel_tradeoffs/server_full/id/e2/E2_0p15_Rc_0p5/points/result_n_28_awgn_ebno_p1p0.mat,28,891,12474,0.15,0.5,1,64,1001962,3442,1001962,6.38746778819955e-05,0.00343526001984107,0.00343526001984107,0.00174956734886153,56.0069144338807,0.242945655569776,1732,2003924,pilot; adaptive/event-or-cap stopping
id,e2,results/noisy_channel_tradeoffs/server_full/id/e2/summary_noisy_channel_tradeoff.mat,results/noisy_channel_tradeoffs/server_full/id/e2/E2_0p15_Rc_0p5/points/result_n_28_awgn_ebno_p1p25.mat,28,891,12474,0.15,0.5,1.25,65,1001962,648,1001962,6.48727197239017e-05,0.000646731113555205,0.000646731113555205,0.000355801916639553,56.0069144338807,0.242945655569776,1732,2003924,pilot; adaptive/event-or-cap stopping
id,e2,results/noisy_channel_tradeoffs/server_full/id/e2/summary_noisy_channel_tradeoff.mat,results/noisy_channel_tradeoffs/server_full/id/e2/E2_0p15_Rc_0p5/points/result_n_28_awgn_ebno_p1p5.mat,28,891,12474,0.15,0.5,1.5,65,1001962,120,1001962,6.48727197239017e-05,0.000119765021028742,0.000119765021028742,9.23188703763217e-05,56.0069144338807,0.242945655569776,1732,2003924,pilot; adaptive/event-or-cap stopping
id,e2,results/noisy_channel_tradeoffs/server_full/id/e2/summary_noisy_channel_tradeoff.mat,results/noisy_channel_tradeoffs/server_full/id/e2/E2_0p15_Rc_0p5/points/result_n_28_awgn_ebno_p1p75.mat,28,891,12474,0.15,0.5,1.75,65,1001962,42,1001962,6.48727197239017e-05,4.19177573600596e-05,6.48727197239017e-05,5.33952385419806e-05,56.0069144338807,0.242945655569776,1732,2003924,pilot; adaptive/event-or-cap stopping
id,e2,results/noisy_channel_tradeoffs/server_full/id/e2/summary_noisy_channel_tradeoff.mat,results/noisy_channel_tradeoffs/server_full/id/e2/E2_0p15_Rc_0p5/points/result_n_28_awgn_ebno_p2p0.mat,28,891,12474,0.15,0.5,2,65,1001962,8,1001962,6.48727197239017e-05,7.98433473524944e-06,6.48727197239017e-05,3.64285272295756e-05,56.0069144338807,0.242945655569776,1732,2003924,pilot; adaptive/event-or-cap stopping
id,e2,results/noisy_channel_tradeoffs/server_full/id/e2/summary_noisy_channel_tradeoff.mat,results/noisy_channel_tradeoffs/server_full/id/e2/E2_0p15_Rc_0p5/points/result_n_28_awgn_ebno_p2p25.mat,28,891,12474,0.15,0.5,2.25,65,1001962,1,1001962,6.48727197239017e-05,9.9804184190618e-07,6.48727197239017e-05,3.29353807829039e-05,56.0069144338807,0.242945655569776,1732,2003924,pilot; adaptive/event-or-cap stopping
id,e2,results/noisy_channel_tradeoffs/server_full/id/e2/summary_noisy_channel_tradeoff.mat,results/noisy_channel_tradeoffs/server_full/id/e2/E2_0p15_Rc_0p5/points/result_n_28_awgn_ebno_p2p5.mat,28,891,12474,0.15,0.5,2.5,65,1001962,1,1001962,6.48727197239017e-05,9.9804184190618e-07,6.48727197239017e-05,3.29353807829039e-05,56.0069144338807,0.242945655569776,1732,2003924,pilot; adaptive/event-or-cap stopping
id,e2,results/noisy_channel_tradeoffs/server_full/id/e2/summary_noisy_channel_tradeoff.mat,results/noisy_channel_tradeoffs/server_full/id/e2/E2_0p15_Rc_0p5/points/result_n_28_awgn_ebno_p2p75.mat,28,891,12474,0.15,0.5,2.75,65,1001962,1,1001962,6.48727197239017e-05,9.9804184190618e-07,6.48727197239017e-05,3.29353807829039e-05,56.0069144338807,0.242945655569776,1732,2003924,pilot; adaptive/event-or-cap stopping
id,e2,results/noisy_channel_tradeoffs/server_full/id/e2/summary_noisy_channel_tradeoff.mat,results/noisy_channel_tradeoffs/server_full/id/e2/E2_0p15_Rc_0p5/points/result_n_28_awgn_ebno_p3p0.mat,28,891,12474,0.15,0.5,3,65,1001962,0,1001962,6.48727197239017e-05,0,6.48727197239017e-05,3.24363598619509e-05,56.0069144338807,0.242945655569776,1732,2003924,pilot; adaptive/event-or-cap stopping
id,e2,results/noisy_channel_tradeoffs/server_full/id/e2/summary_noisy_channel_tradeoff.mat,results/noisy_channel_tradeoffs/server_full/id/e2/E2_0p2_Rc_0p5/points/result_n_28_awgn_ebno_p0p0.mat,28,337,4718,0.2,0.5,0,47,1001962,992048,1001962,4.69079665695905e-05,0.990105413179342,0.990105413179342,0.495076160572956,56.0069144338807,0.217900947170495,1732,2003924,pilot; adaptive/event-or-cap stopping
id,e2,results/noisy_channel_tradeoffs/server_full/id/e2/summary_noisy_channel_tradeoff.mat,results/noisy_channel_tradeoffs/server_full/id/e2/E2_0p2_Rc_0p5/points/result_n_28_awgn_ebno_p0p25.mat,28,337,4718,0.2,0.5,0.25,67,1001962,985545,1001962,6.68688034077141e-05,0.983615147081426,0.983615147081426,0.491841007942417,56.0069144338807,0.217900947170495,1732,2003924,pilot; adaptive/event-or-cap stopping
id,e2,results/noisy_channel_tradeoffs/server_full/id/e2/summary_noisy_channel_tradeoff.mat,results/noisy_channel_tradeoffs/server_full/id/e2/E2_0p2_Rc_0p5/points/result_n_28_awgn_ebno_p0p5.mat,28,337,4718,0.2,0.5,0.5,59,1001962,969433,1001962,5.88844686724646e-05,0.967534696924634,0.967534696924634,0.483796790696653,56.0069144338807,0.217900947170495,1732,2003924,pilot; adaptive/event-or-cap stopping
id,e2,results/noisy_channel_tradeoffs/server_full/id/e2/summary_noisy_channel_tradeoff.mat,results/noisy_channel_tradeoffs/server_full/id/e2/E2_0p2_Rc_0p5/points/result_n_28_awgn_ebno_p0p75.mat,28,337,4718,0.2,0.5,0.75,57,1001962,717885,1001962,5.68883849886523e-05,0.716479267676818,0.716479267676818,0.358268078030903,56.0069144338807,0.217900947170495,1732,2003924,pilot; adaptive/event-or-cap stopping
id,e2,results/noisy_channel_tradeoffs/server_full/id/e2/summary_noisy_channel_tradeoff.mat,results/noisy_channel_tradeoffs/server_full/id/e2/E2_0p2_Rc_0p5/points/result_n_28_awgn_ebno_p1p0.mat,28,337,4718,0.2,0.5,1,53,1001962,3427,1001962,5.28962176210275e-05,0.00342028939221248,0.00342028939221248,0.00173659280491675,56.0069144338807,0.217900947170495,1732,2003924,pilot; adaptive/event-or-cap stopping
id,e2,results/noisy_channel_tradeoffs/server_full/id/e2/summary_noisy_channel_tradeoff.mat,results/noisy_channel_tradeoffs/server_full/id/e2/E2_0p2_Rc_0p5/points/result_n_28_awgn_ebno_p1p25.mat,28,337,4718,0.2,0.5,1.25,53,1001962,605,1001962,5.28962176210275e-05,0.000603815314353239,0.000603815314353239,0.000328355765987133,56.0069144338807,0.217900947170495,1732,2003924,pilot; adaptive/event-or-cap stopping
id,e2,results/noisy_channel_tradeoffs/server_full/id/e2/summary_noisy_channel_tradeoff.mat,results/noisy_channel_tradeoffs/server_full/id/e2/E2_0p2_Rc_0p5/points/result_n_28_awgn_ebno_p1p5.mat,28,337,4718,0.2,0.5,1.5,53,1001962,149,1001962,5.28962176210275e-05,0.000148708234444021,0.000148708234444021,0.000100802226032524,56.0069144338807,0.217900947170495,1732,2003924,pilot; adaptive/event-or-cap stopping
id,e2,results/noisy_channel_tradeoffs/server_full/id/e2/summary_noisy_channel_tradeoff.mat,results/noisy_channel_tradeoffs/server_full/id/e2/E2_0p2_Rc_0p5/points/result_n_28_awgn_ebno_p1p75.mat,28,337,4718,0.2,0.5,1.75,53,1001962,35,1001962,5.28962176210275e-05,3.49314644667163e-05,5.28962176210275e-05,4.39138410438719e-05,56.0069144338807,0.217900947170495,1732,2003924,pilot; adaptive/event-or-cap stopping
id,e2,results/noisy_channel_tradeoffs/server_full/id/e2/summary_noisy_channel_tradeoff.mat,results/noisy_channel_tradeoffs/server_full/id/e2/E2_0p2_Rc_0p5/points/result_n_28_awgn_ebno_p2p0.mat,28,337,4718,0.2,0.5,2,53,1001962,6,1001962,5.28962176210275e-05,5.98825105143708e-06,5.28962176210275e-05,2.94422343362323e-05,56.0069144338807,0.217900947170495,1732,2003924,pilot; adaptive/event-or-cap stopping
id,e2,results/noisy_channel_tradeoffs/server_full/id/e2/summary_noisy_channel_tradeoff.mat,results/noisy_channel_tradeoffs/server_full/id/e2/E2_0p2_Rc_0p5/points/result_n_28_awgn_ebno_p2p25.mat,28,337,4718,0.2,0.5,2.25,53,1001962,1,1001962,5.28962176210275e-05,9.9804184190618e-07,5.28962176210275e-05,2.69471297314669e-05,56.0069144338807,0.217900947170495,1732,2003924,pilot; adaptive/event-or-cap stopping
id,e2,results/noisy_channel_tradeoffs/server_full/id/e2/summary_noisy_channel_tradeoff.mat,results/noisy_channel_tradeoffs/server_full/id/e2/E2_0p2_Rc_0p5/points/result_n_28_awgn_ebno_p2p5.mat,28,337,4718,0.2,0.5,2.5,53,1001962,2,1001962,5.28962176210275e-05,1.99608368381236e-06,5.28962176210275e-05,2.744615065242e-05,56.0069144338807,0.217900947170495,1732,2003924,pilot; adaptive/event-or-cap stopping
id,e2,results/noisy_channel_tradeoffs/server_full/id/e2/summary_noisy_channel_tradeoff.mat,results/noisy_channel_tradeoffs/server_full/id/e2/E2_0p2_Rc_0p5/points/result_n_28_awgn_ebno_p2p75.mat,28,337,4718,0.2,0.5,2.75,53,1001962,1,1001962,5.28962176210275e-05,9.9804184190618e-07,5.28962176210275e-05,2.69471297314669e-05,56.0069144338807,0.217900947170495,1732,2003924,pilot; adaptive/event-or-cap stopping
id,e2,results/noisy_channel_tradeoffs/server_full/id/e2/summary_noisy_channel_tradeoff.mat,results/noisy_channel_tradeoffs/server_full/id/e2/E2_0p2_Rc_0p5/points/result_n_28_awgn_ebno_p3p0.mat,28,337,4718,0.2,0.5,3,53,1001962,1,1001962,5.28962176210275e-05,9.9804184190618e-07,5.28962176210275e-05,2.69471297314669e-05,56.0069144338807,0.217900947170495,1732,2003924,pilot; adaptive/event-or-cap stopping
id,e2,results/noisy_channel_tradeoffs/server_full/id/e2/summary_noisy_channel_tradeoff.mat,results/noisy_channel_tradeoffs/server_full/id/e2/E2_0p05_Rc_0p5/points/result_n_40_awgn_ebno_p0p0.mat,40,262144,5242880,0.05,0.5,0,0,1001160,999804,1001160,0,0.998645571137481,0.998645571137481,0.49932278556874,80,0.279024101186092,2472,2002320,pilot; adaptive/event-or-cap stopping
id,e2,results/noisy_channel_tradeoffs/server_full/id/e2/summary_noisy_channel_tradeoff.mat,results/noisy_channel_tradeoffs/server_full/id/e2/E2_0p05_Rc_0p5/points/result_n_40_awgn_ebno_p0p25.mat,40,262144,5242880,0.05,0.5,0.25,0,1001160,998338,1001160,0,0.997181269727117,0.997181269727117,0.498590634863558,80,0.279024101186092,2472,2002320,pilot; adaptive/event-or-cap stopping
id,e2,results/noisy_channel_tradeoffs/server_full/id/e2/summary_noisy_channel_tradeoff.mat,results/noisy_channel_tradeoffs/server_full/id/e2/E2_0p05_Rc_0p5/points/result_n_40_awgn_ebno_p0p5.mat,40,262144,5242880,0.05,0.5,0.5,2,1001160,993167,1001160,1.99768268808182e-06,0.992016261137081,0.992016261137081,0.496009129409885,80,0.279024101186092,2472,2002320,pilot; adaptive/event-or-cap stopping
id,e2,results/noisy_channel_tradeoffs/server_full/id/e2/summary_noisy_channel_tradeoff.mat,results/noisy_channel_tradeoffs/server_full/id/e2/E2_0p05_Rc_0p5/points/result_n_40_awgn_ebno_p0p75.mat,40,262144,5242880,0.05,0.5,0.75,1,1001160,775559,1001160,9.98841344040912e-07,0.774660393943026,0.774660393943026,0.387330696392185,80,0.279024101186092,2472,2002320,pilot; adaptive/event-or-cap stopping
id,e2,results/noisy_channel_tradeoffs/server_full/id/e2/summary_noisy_channel_tradeoff.mat,results/noisy_channel_tradeoffs/server_full/id/e2/E2_0p05_Rc_0p5/points/result_n_40_awgn_ebno_p1p0.mat,40,262144,5242880,0.05,0.5,1,1,1001160,4800,1001160,9.98841344040912e-07,0.00479443845139638,0.00479443845139638,0.00239771864637021,80,0.279024101186092,2472,2002320,pilot; adaptive/event-or-cap stopping
id,e2,results/noisy_channel_tradeoffs/server_full/id/e2/summary_noisy_channel_tradeoff.mat,results/noisy_channel_tradeoffs/server_full/id/e2/E2_0p05_Rc_0p5/points/result_n_40_awgn_ebno_p1p25.mat,40,262144,5242880,0.05,0.5,1.25,1,1001160,873,1001160,9.98841344040912e-07,0.000871988493347717,0.000871988493347717,0.000436493667345879,80,0.279024101186092,2472,2002320,pilot; adaptive/event-or-cap stopping
id,e2,results/noisy_channel_tradeoffs/server_full/id/e2/summary_noisy_channel_tradeoff.mat,results/noisy_channel_tradeoffs/server_full/id/e2/E2_0p05_Rc_0p5/points/result_n_40_awgn_ebno_p1p5.mat,40,262144,5242880,0.05,0.5,1.5,1,1001160,187,1001160,9.98841344040912e-07,0.000186783331335651,0.000186783331335651,9.38910863398458e-05,80,0.279024101186092,2472,2002320,pilot; adaptive/event-or-cap stopping
id,e2,results/noisy_channel_tradeoffs/server_full/id/e2/summary_noisy_channel_tradeoff.mat,results/noisy_channel_tradeoffs/server_full/id/e2/E2_0p05_Rc_0p5/points/result_n_40_awgn_ebno_p1p75.mat,40,262144,5242880,0.05,0.5,1.75,1,1001160,40,1001160,9.98841344040912e-07,3.99536537616365e-05,3.99536537616365e-05,2.04762475528387e-05,80,0.279024101186092,2472,2002320,pilot; adaptive/event-or-cap stopping
id,e2,results/noisy_channel_tradeoffs/server_full/id/e2/summary_noisy_channel_tradeoff.mat,results/noisy_channel_tradeoffs/server_full/id/e2/E2_0p05_Rc_0p5/points/result_n_40_awgn_ebno_p2p0.mat,40,262144,5242880,0.05,0.5,2,1,1001160,13,1001160,9.98841344040912e-07,1.29849374725319e-05,1.29849374725319e-05,6.99188940828639e-06,80,0.279024101186092,2472,2002320,pilot; adaptive/event-or-cap stopping
id,e2,results/noisy_channel_tradeoffs/server_full/id/e2/summary_noisy_channel_tradeoff.mat,results/noisy_channel_tradeoffs/server_full/id/e2/E2_0p05_Rc_0p5/points/result_n_40_awgn_ebno_p2p25.mat,40,262144,5242880,0.05,0.5,2.25,1,1001160,2,1001160,9.98841344040912e-07,1.99768268808182e-06,1.99768268808182e-06,1.49826201606137e-06,80,0.279024101186092,2472,2002320,pilot; adaptive/event-or-cap stopping
id,e2,results/noisy_channel_tradeoffs/server_full/id/e2/summary_noisy_channel_tradeoff.mat,results/noisy_channel_tradeoffs/server_full/id/e2/E2_0p05_Rc_0p5/points/result_n_40_awgn_ebno_p2p5.mat,40,262144,5242880,0.05,0.5,2.5,1,1001160,0,1001160,9.98841344040912e-07,0,9.98841344040912e-07,4.99420672020456e-07,80,0.279024101186092,2472,2002320,pilot; adaptive/event-or-cap stopping
id,e2,results/noisy_channel_tradeoffs/server_full/id/e2/summary_noisy_channel_tradeoff.mat,results/noisy_channel_tradeoffs/server_full/id/e2/E2_0p05_Rc_0p5/points/result_n_40_awgn_ebno_p2p75.mat,40,262144,5242880,0.05,0.5,2.75,1,1001160,0,1001160,9.98841344040912e-07,0,9.98841344040912e-07,4.99420672020456e-07,80,0.279024101186092,2472,2002320,pilot; adaptive/event-or-cap stopping
id,e2,results/noisy_channel_tradeoffs/server_full/id/e2/summary_noisy_channel_tradeoff.mat,results/noisy_channel_tradeoffs/server_full/id/e2/E2_0p05_Rc_0p5/points/result_n_40_awgn_ebno_p3p0.mat,40,262144,5242880,0.05,0.5,3,1,1001160,1,1001160,9.98841344040912e-07,9.98841344040912e-07,9.98841344040912e-07,9.98841344040912e-07,80,0.279024101186092,2472,2002320,pilot; adaptive/event-or-cap stopping
id,e2,results/noisy_channel_tradeoffs/server_full/id/e2/summary_noisy_channel_tradeoff.mat,results/noisy_channel_tradeoffs/server_full/id/e2/E2_0p1_Rc_0p5/points/result_n_40_awgn_ebno_p0p0.mat,40,65536,1310720,0.1,0.5,0,2,1001160,999779,1001160,1.99768268808182e-06,0.99862060010388,0.99862060010388,0.499311298893284,80,0.254024101186092,2472,2002320,pilot; adaptive/event-or-cap stopping
id,e2,results/noisy_channel_tradeoffs/server_full/id/e2/summary_noisy_channel_tradeoff.mat,results/noisy_channel_tradeoffs/server_full/id/e2/E2_0p1_Rc_0p5/points/result_n_40_awgn_ebno_p0p25.mat,40,65536,1310720,0.1,0.5,0.25,1,1001160,998338,1001160,9.98841344040912e-07,0.997181269727117,0.997181269727117,0.49859113428423,80,0.254024101186092,2472,2002320,pilot; adaptive/event-or-cap stopping
id,e2,results/noisy_channel_tradeoffs/server_full/id/e2/summary_noisy_channel_tradeoff.mat,results/noisy_channel_tradeoffs/server_full/id/e2/E2_0p1_Rc_0p5/points/result_n_40_awgn_ebno_p0p5.mat,40,65536,1310720,0.1,0.5,0.5,0,1001160,993146,1001160,0,0.991995285468856,0.991995285468856,0.495997642734428,80,0.254024101186092,2472,2002320,pilot; adaptive/event-or-cap stopping
id,e2,results/noisy_channel_tradeoffs/server_full/id/e2/summary_noisy_channel_tradeoff.mat,results/noisy_channel_tradeoffs/server_full/id/e2/E2_0p1_Rc_0p5/points/result_n_40_awgn_ebno_p0p75.mat,40,65536,1310720,0.1,0.5,0.75,4,1001160,780628,1001160,3.99536537616365e-06,0.77972352071597,0.77972352071597,0.389863758040673,80,0.254024101186092,2472,2002320,pilot; adaptive/event-or-cap stopping
id,e2,results/noisy_channel_tradeoffs/server_full/id/e2/summary_noisy_channel_tradeoff.mat,results/noisy_channel_tradeoffs/server_full/id/e2/E2_0p1_Rc_0p5/points/result_n_40_awgn_ebno_p1p0.mat,40,65536,1310720,0.1,0.5,1,3,1001160,4998,1001160,2.99652403212274e-06,0.00499220903751648,0.00499220903751648,0.0024976027807743,80,0.254024101186092,2472,2002320,pilot; adaptive/event-or-cap stopping
id,e2,results/noisy_channel_tradeoffs/server_full/id/e2/summary_noisy_channel_tradeoff.mat,results/noisy_channel_tradeoffs/server_full/id/e2/E2_0p1_Rc_0p5/points/result_n_40_awgn_ebno_p1p25.mat,40,65536,1310720,0.1,0.5,1.25,3,1001160,864,1001160,2.99652403212274e-06,0.000862998921251348,0.000862998921251348,0.000432997722641736,80,0.254024101186092,2472,2002320,pilot; adaptive/event-or-cap stopping
id,e2,results/noisy_channel_tradeoffs/server_full/id/e2/summary_noisy_channel_tradeoff.mat,results/noisy_channel_tradeoffs/server_full/id/e2/E2_0p1_Rc_0p5/points/result_n_40_awgn_ebno_p1p5.mat,40,65536,1310720,0.1,0.5,1.5,3,1001160,210,1001160,2.99652403212274e-06,0.000209756682248592,0.000209756682248592,0.000106376603140357,80,0.254024101186092,2472,2002320,pilot; adaptive/event-or-cap stopping
id,e2,results/noisy_channel_tradeoffs/server_full/id/e2/summary_noisy_channel_tradeoff.mat,results/noisy_channel_tradeoffs/server_full/id/e2/E2_0p1_Rc_0p5/points/result_n_40_awgn_ebno_p1p75.mat,40,65536,1310720,0.1,0.5,1.75,3,1001160,44,1001160,2.99652403212274e-06,4.39490191378002e-05,4.39490191378002e-05,2.34727715849614e-05,80,0.254024101186092,2472,2002320,pilot; adaptive/event-or-cap stopping
id,e2,results/noisy_channel_tradeoffs/server_full/id/e2/summary_noisy_channel_tradeoff.mat,results/noisy_channel_tradeoffs/server_full/id/e2/E2_0p1_Rc_0p5/points/result_n_40_awgn_ebno_p2p0.mat,40,65536,1310720,0.1,0.5,2,3,1001160,15,1001160,2.99652403212274e-06,1.49826201606137e-05,1.49826201606137e-05,8.98957209636821e-06,80,0.254024101186092,2472,2002320,pilot; adaptive/event-or-cap stopping
id,e2,results/noisy_channel_tradeoffs/server_full/id/e2/summary_noisy_channel_tradeoff.mat,results/noisy_channel_tradeoffs/server_full/id/e2/E2_0p1_Rc_0p5/points/result_n_40_awgn_ebno_p2p25.mat,40,65536,1310720,0.1,0.5,2.25,3,1001160,4,1001160,2.99652403212274e-06,3.99536537616365e-06,3.99536537616365e-06,3.49594470414319e-06,80,0.254024101186092,2472,2002320,pilot; adaptive/event-or-cap stopping
id,e2,results/noisy_channel_tradeoffs/server_full/id/e2/summary_noisy_channel_tradeoff.mat,results/noisy_channel_tradeoffs/server_full/id/e2/E2_0p1_Rc_0p5/points/result_n_40_awgn_ebno_p2p5.mat,40,65536,1310720,0.1,0.5,2.5,3,1001160,0,1001160,2.99652403212274e-06,0,2.99652403212274e-06,1.49826201606137e-06,80,0.254024101186092,2472,2002320,pilot; adaptive/event-or-cap stopping
id,e2,results/noisy_channel_tradeoffs/server_full/id/e2/summary_noisy_channel_tradeoff.mat,results/noisy_channel_tradeoffs/server_full/id/e2/E2_0p1_Rc_0p5/points/result_n_40_awgn_ebno_p2p75.mat,40,65536,1310720,0.1,0.5,2.75,3,1001160,0,1001160,2.99652403212274e-06,0,2.99652403212274e-06,1.49826201606137e-06,80,0.254024101186092,2472,2002320,pilot; adaptive/event-or-cap stopping
id,e2,results/noisy_channel_tradeoffs/server_full/id/e2/summary_noisy_channel_tradeoff.mat,results/noisy_channel_tradeoffs/server_full/id/e2/E2_0p1_Rc_0p5/points/result_n_40_awgn_ebno_p3p0.mat,40,65536,1310720,0.1,0.5,3,3,1001160,0,1001160,2.99652403212274e-06,0,2.99652403212274e-06,1.49826201606137e-06,80,0.254024101186092,2472,2002320,pilot; adaptive/event-or-cap stopping
id,e2,results/noisy_channel_tradeoffs/server_full/id/e2/summary_noisy_channel_tradeoff.mat,results/noisy_channel_tradeoffs/server_full/id/e2/E2_0p15_Rc_0p5/points/result_n_40_awgn_ebno_p0p0.mat,40,16384,327680,0.15,0.5,0,2,1001160,999825,1001160,1.99768268808182e-06,0.998666546805705,0.998666546805705,0.499334272244197,80,0.229024101186092,2472,2002320,pilot; adaptive/event-or-cap stopping
id,e2,results/noisy_channel_tradeoffs/server_full/id/e2/summary_noisy_channel_tradeoff.mat,results/noisy_channel_tradeoffs/server_full/id/e2/E2_0p15_Rc_0p5/points/result_n_40_awgn_ebno_p0p25.mat,40,16384,327680,0.15,0.5,0.25,2,1001160,998247,1001160,1.99768268808182e-06,0.997090375164809,0.997090375164809,0.498546186423748,80,0.229024101186092,2472,2002320,pilot; adaptive/event-or-cap stopping
id,e2,results/noisy_channel_tradeoffs/server_full/id/e2/summary_noisy_channel_tradeoff.mat,results/noisy_channel_tradeoffs/server_full/id/e2/E2_0p15_Rc_0p5/points/result_n_40_awgn_ebno_p0p5.mat,40,16384,327680,0.15,0.5,0.5,0,1001160,993248,1001160,0,0.992097167285948,0.992097167285948,0.496048583642974,80,0.229024101186092,2472,2002320,pilot; adaptive/event-or-cap stopping
id,e2,results/noisy_channel_tradeoffs/server_full/id/e2/summary_noisy_channel_tradeoff.mat,results/noisy_channel_tradeoffs/server_full/id/e2/E2_0p15_Rc_0p5/points/result_n_40_awgn_ebno_p0p75.mat,40,16384,327680,0.15,0.5,0.75,1,1001160,780495,1001160,9.98841344040912e-07,0.779590674817212,0.779590674817212,0.389795836829278,80,0.229024101186092,2472,2002320,pilot; adaptive/event-or-cap stopping
id,e2,results/noisy_channel_tradeoffs/server_full/id/e2/summary_noisy_channel_tradeoff.mat,results/noisy_channel_tradeoffs/server_full/id/e2/E2_0p15_Rc_0p5/points/result_n_40_awgn_ebno_p1p0.mat,40,16384,327680,0.15,0.5,1,3,1001160,4927,1001160,2.99652403212274e-06,0.00492129130208958,0.00492129130208958,0.00246214391306085,80,0.229024101186092,2472,2002320,pilot; adaptive/event-or-cap stopping
id,e2,results/noisy_channel_tradeoffs/server_full/id/e2/summary_noisy_channel_tradeoff.mat,results/noisy_channel_tradeoffs/server_full/id/e2/E2_0p15_Rc_0p5/points/result_n_40_awgn_ebno_p1p25.mat,40,16384,327680,0.15,0.5,1.25,3,1001160,913,1001160,2.99652403212274e-06,0.000911942147109353,0.000911942147109353,0.000457469335570738,80,0.229024101186092,2472,2002320,pilot; adaptive/event-or-cap stopping
id,e2,results/noisy_channel_tradeoffs/server_full/id/e2/summary_noisy_channel_tradeoff.mat,results/noisy_channel_tradeoffs/server_full/id/e2/E2_0p15_Rc_0p5/points/result_n_40_awgn_ebno_p1p5.mat,40,16384,327680,0.15,0.5,1.5,3,1001160,198,1001160,2.99652403212274e-06,0.000197770586120101,0.000197770586120101,0.000100383555076112,80,0.229024101186092,2472,2002320,pilot; adaptive/event-or-cap stopping
id,e2,results/noisy_channel_tradeoffs/server_full/id/e2/summary_noisy_channel_tradeoff.mat,results/noisy_channel_tradeoffs/server_full/id/e2/E2_0p15_Rc_0p5/points/result_n_40_awgn_ebno_p1p75.mat,40,16384,327680,0.15,0.5,1.75,3,1001160,39,1001160,2.99652403212274e-06,3.89548124175956e-05,3.89548124175956e-05,2.09756682248592e-05,80,0.229024101186092,2472,2002320,pilot; adaptive/event-or-cap stopping
id,e2,results/noisy_channel_tradeoffs/server_full/id/e2/summary_noisy_channel_tradeoff.mat,results/noisy_channel_tradeoffs/server_full/id/e2/E2_0p15_Rc_0p5/points/result_n_40_awgn_ebno_p2p0.mat,40,16384,327680,0.15,0.5,2,3,1001160,13,1001160,2.99652403212274e-06,1.29849374725319e-05,1.29849374725319e-05,7.9907307523273e-06,80,0.229024101186092,2472,2002320,pilot; adaptive/event-or-cap stopping
id,e2,results/noisy_channel_tradeoffs/server_full/id/e2/summary_noisy_channel_tradeoff.mat,results/noisy_channel_tradeoffs/server_full/id/e2/E2_0p15_Rc_0p5/points/result_n_40_awgn_ebno_p2p25.mat,40,16384,327680,0.15,0.5,2.25,3,1001160,1,1001160,2.99652403212274e-06,9.98841344040912e-07,2.99652403212274e-06,1.99768268808182e-06,80,0.229024101186092,2472,2002320,pilot; adaptive/event-or-cap stopping
id,e2,results/noisy_channel_tradeoffs/server_full/id/e2/summary_noisy_channel_tradeoff.mat,results/noisy_channel_tradeoffs/server_full/id/e2/E2_0p15_Rc_0p5/points/result_n_40_awgn_ebno_p2p5.mat,40,16384,327680,0.15,0.5,2.5,3,1001160,0,1001160,2.99652403212274e-06,0,2.99652403212274e-06,1.49826201606137e-06,80,0.229024101186092,2472,2002320,pilot; adaptive/event-or-cap stopping
id,e2,results/noisy_channel_tradeoffs/server_full/id/e2/summary_noisy_channel_tradeoff.mat,results/noisy_channel_tradeoffs/server_full/id/e2/E2_0p15_Rc_0p5/points/result_n_40_awgn_ebno_p2p75.mat,40,16384,327680,0.15,0.5,2.75,3,1001160,0,1001160,2.99652403212274e-06,0,2.99652403212274e-06,1.49826201606137e-06,80,0.229024101186092,2472,2002320,pilot; adaptive/event-or-cap stopping
id,e2,results/noisy_channel_tradeoffs/server_full/id/e2/summary_noisy_channel_tradeoff.mat,results/noisy_channel_tradeoffs/server_full/id/e2/E2_0p15_Rc_0p5/points/result_n_40_awgn_ebno_p3p0.mat,40,16384,327680,0.15,0.5,3,3,1001160,0,1001160,2.99652403212274e-06,0,2.99652403212274e-06,1.49826201606137e-06,80,0.229024101186092,2472,2002320,pilot; adaptive/event-or-cap stopping
id,e2,results/noisy_channel_tradeoffs/server_full/id/e2/summary_noisy_channel_tradeoff.mat,results/noisy_channel_tradeoffs/server_full/id/e2/E2_0p2_Rc_0p5/points/result_n_40_awgn_ebno_p0p0.mat,40,4096,81920,0.2,0.5,0,3,1001160,999751,1001160,2.99652403212274e-06,0.998592632546246,0.998592632546246,0.499297814535139,80,0.204024101186092,2472,2002320,pilot; adaptive/event-or-cap stopping
id,e2,results/noisy_channel_tradeoffs/server_full/id/e2/summary_noisy_channel_tradeoff.mat,results/noisy_channel_tradeoffs/server_full/id/e2/E2_0p2_Rc_0p5/points/result_n_40_awgn_ebno_p0p25.mat,40,4096,81920,0.2,0.5,0.25,2,1001160,998268,1001160,1.99768268808182e-06,0.997111350833034,0.997111350833034,0.498556674257861,80,0.204024101186092,2472,2002320,pilot; adaptive/event-or-cap stopping
id,e2,results/noisy_channel_tradeoffs/server_full/id/e2/summary_noisy_channel_tradeoff.mat,results/noisy_channel_tradeoffs/server_full/id/e2/E2_0p2_Rc_0p5/points/result_n_40_awgn_ebno_p0p5.mat,40,4096,81920,0.2,0.5,0.5,0,1001160,993191,1001160,0,0.992040233329338,0.992040233329338,0.496020116664669,80,0.204024101186092,2472,2002320,pilot; adaptive/event-or-cap stopping
id,e2,results/noisy_channel_tradeoffs/server_full/id/e2/summary_noisy_channel_tradeoff.mat,results/noisy_channel_tradeoffs/server_full/id/e2/E2_0p2_Rc_0p5/points/result_n_40_awgn_ebno_p0p75.mat,40,4096,81920,0.2,0.5,0.75,1,1001160,782224,1001160,9.98841344040912e-07,0.781317671501059,0.781317671501059,0.390659335171201,80,0.204024101186092,2472,2002320,pilot; adaptive/event-or-cap stopping
id,e2,results/noisy_channel_tradeoffs/server_full/id/e2/summary_noisy_channel_tradeoff.mat,results/noisy_channel_tradeoffs/server_full/id/e2/E2_0p2_Rc_0p5/points/result_n_40_awgn_ebno_p1p0.mat,40,4096,81920,0.2,0.5,1,0,1001160,4928,1001160,0,0.00492229014343362,0.00492229014343362,0.00246114507171681,80,0.204024101186092,2472,2002320,pilot; adaptive/event-or-cap stopping
id,e2,results/noisy_channel_tradeoffs/server_full/id/e2/summary_noisy_channel_tradeoff.mat,results/noisy_channel_tradeoffs/server_full/id/e2/E2_0p2_Rc_0p5/points/result_n_40_awgn_ebno_p1p25.mat,40,4096,81920,0.2,0.5,1.25,0,1001160,857,1001160,0,0.000856007031843062,0.000856007031843062,0.000428003515921531,80,0.204024101186092,2472,2002320,pilot; adaptive/event-or-cap stopping
id,e2,results/noisy_channel_tradeoffs/server_full/id/e2/summary_noisy_channel_tradeoff.mat,results/noisy_channel_tradeoffs/server_full/id/e2/E2_0p2_Rc_0p5/points/result_n_40_awgn_ebno_p1p5.mat,40,4096,81920,0.2,0.5,1.5,0,1001160,195,1001160,0,0.000194774062087978,0.000194774062087978,9.7387031043989e-05,80,0.204024101186092,2472,2002320,pilot; adaptive/event-or-cap stopping
id,e2,results/noisy_channel_tradeoffs/server_full/id/e2/summary_noisy_channel_tradeoff.mat,results/noisy_channel_tradeoffs/server_full/id/e2/E2_0p2_Rc_0p5/points/result_n_40_awgn_ebno_p1p75.mat,40,4096,81920,0.2,0.5,1.75,0,1001160,51,1001160,0,5.09409085460865e-05,5.09409085460865e-05,2.54704542730433e-05,80,0.204024101186092,2472,2002320,pilot; adaptive/event-or-cap stopping
id,e2,results/noisy_channel_tradeoffs/server_full/id/e2/summary_noisy_channel_tradeoff.mat,results/noisy_channel_tradeoffs/server_full/id/e2/E2_0p2_Rc_0p5/points/result_n_40_awgn_ebno_p2p0.mat,40,4096,81920,0.2,0.5,2,0,1001160,10,1001160,0,9.98841344040913e-06,9.98841344040913e-06,4.99420672020456e-06,80,0.204024101186092,2472,2002320,pilot; adaptive/event-or-cap stopping
id,e2,results/noisy_channel_tradeoffs/server_full/id/e2/summary_noisy_channel_tradeoff.mat,results/noisy_channel_tradeoffs/server_full/id/e2/E2_0p2_Rc_0p5/points/result_n_40_awgn_ebno_p2p25.mat,40,4096,81920,0.2,0.5,2.25,0,1001160,1,1001160,0,9.98841344040912e-07,9.98841344040912e-07,4.99420672020456e-07,80,0.204024101186092,2472,2002320,pilot; adaptive/event-or-cap stopping
id,e2,results/noisy_channel_tradeoffs/server_full/id/e2/summary_noisy_channel_tradeoff.mat,results/noisy_channel_tradeoffs/server_full/id/e2/E2_0p2_Rc_0p5/points/result_n_40_awgn_ebno_p2p5.mat,40,4096,81920,0.2,0.5,2.5,0,1001160,1,1001160,0,9.98841344040912e-07,9.98841344040912e-07,4.99420672020456e-07,80,0.204024101186092,2472,2002320,pilot; adaptive/event-or-cap stopping
id,e2,results/noisy_channel_tradeoffs/server_full/id/e2/summary_noisy_channel_tradeoff.mat,results/noisy_channel_tradeoffs/server_full/id/e2/E2_0p2_Rc_0p5/points/result_n_40_awgn_ebno_p2p75.mat,40,4096,81920,0.2,0.5,2.75,0,1001160,0,1001160,0,0,0,0,80,0.204024101186092,2472,2002320,pilot; adaptive/event-or-cap stopping
id,e2,results/noisy_channel_tradeoffs/server_full/id/e2/summary_noisy_channel_tradeoff.mat,results/noisy_channel_tradeoffs/server_full/id/e2/E2_0p2_Rc_0p5/points/result_n_40_awgn_ebno_p3p0.mat,40,4096,81920,0.2,0.5,3,0,1001160,0,1001160,0,0,0,0,80,0.204024101186092,2472,2002320,pilot; adaptive/event-or-cap stopping
id,ldpc_rate,results/noisy_channel_tradeoffs/server_full/id/ldpc_rate/summary_noisy_channel_tradeoff.mat,results/noisy_channel_tradeoffs/server_full/id/ldpc_rate/E2_0p1_Rc_0p3333/points/result_n_4_awgn_ebno_p0p0.mat,4,3,6,0.1,0.333333333333333,0,64835,270000,55092,270000,0.24012962962963,0.204044444444444,0.24012962962963,0.222087037037037,12,0.215413541726763,100,540000,pilot; adaptive/event-or-cap stopping
id,ldpc_rate,results/noisy_channel_tradeoffs/server_full/id/ldpc_rate/summary_noisy_channel_tradeoff.mat,results/noisy_channel_tradeoffs/server_full/id/ldpc_rate/E2_0p1_Rc_0p3333/points/result_n_4_awgn_ebno_p0p25.mat,4,3,6,0.1,0.333333333333333,0.25,64384,270000,25714,270000,0.238459259259259,0.095237037037037,0.238459259259259,0.166848148148148,12,0.215413541726763,100,540000,pilot; adaptive/event-or-cap stopping
id,ldpc_rate,results/noisy_channel_tradeoffs/server_full/id/ldpc_rate/summary_noisy_channel_tradeoff.mat,results/noisy_channel_tradeoffs/server_full/id/ldpc_rate/E2_0p1_Rc_0p3333/points/result_n_4_awgn_ebno_p0p5.mat,4,3,6,0.1,0.333333333333333,0.5,64203,270000,15818,270000,0.237788888888889,0.0585851851851852,0.237788888888889,0.148187037037037,12,0.215413541726763,100,540000,pilot; adaptive/event-or-cap stopping
id,ldpc_rate,results/noisy_channel_tradeoffs/server_full/id/ldpc_rate/summary_noisy_channel_tradeoff.mat,results/noisy_channel_tradeoffs/server_full/id/ldpc_rate/E2_0p1_Rc_0p3333/points/result_n_4_awgn_ebno_p0p75.mat,4,3,6,0.1,0.333333333333333,0.75,64121,270000,8869,270000,0.237485185185185,0.0328481481481481,0.237485185185185,0.135166666666667,12,0.215413541726763,100,540000,pilot; adaptive/event-or-cap stopping
id,ldpc_rate,results/noisy_channel_tradeoffs/server_full/id/ldpc_rate/summary_noisy_channel_tradeoff.mat,results/noisy_channel_tradeoffs/server_full/id/ldpc_rate/E2_0p1_Rc_0p3333/points/result_n_4_awgn_ebno_p1p0.mat,4,3,6,0.1,0.333333333333333,1,64179,270000,4411,270000,0.2377,0.016337037037037,0.2377,0.127018518518519,12,0.215413541726763,100,540000,pilot; adaptive/event-or-cap stopping
id,ldpc_rate,results/noisy_channel_tradeoffs/server_full/id/ldpc_rate/summary_noisy_channel_tradeoff.mat,results/noisy_channel_tradeoffs/server_full/id/ldpc_rate/E2_0p1_Rc_0p3333/points/result_n_4_awgn_ebno_p1p25.mat,4,3,6,0.1,0.333333333333333,1.25,63995,270000,1883,270000,0.237018518518519,0.00697407407407407,0.237018518518519,0.121996296296296,12,0.215413541726763,100,540000,pilot; adaptive/event-or-cap stopping
id,ldpc_rate,results/noisy_channel_tradeoffs/server_full/id/ldpc_rate/summary_noisy_channel_tradeoff.mat,results/noisy_channel_tradeoffs/server_full/id/ldpc_rate/E2_0p1_Rc_0p3333/points/result_n_4_awgn_ebno_p1p5.mat,4,3,6,0.1,0.333333333333333,1.5,63954,270000,748,270000,0.236866666666667,0.00277037037037037,0.236866666666667,0.119818518518519,12,0.215413541726763,100,540000,pilot; adaptive/event-or-cap stopping
id,ldpc_rate,results/noisy_channel_tradeoffs/server_full/id/ldpc_rate/summary_noisy_channel_tradeoff.mat,results/noisy_channel_tradeoffs/server_full/id/ldpc_rate/E2_0p1_Rc_0p3333/points/result_n_4_awgn_ebno_p1p75.mat,4,3,6,0.1,0.333333333333333,1.75,63944,270000,304,270000,0.23682962962963,0.00112592592592593,0.23682962962963,0.118977777777778,12,0.215413541726763,100,540000,pilot; adaptive/event-or-cap stopping
id,ldpc_rate,results/noisy_channel_tradeoffs/server_full/id/ldpc_rate/summary_noisy_channel_tradeoff.mat,results/noisy_channel_tradeoffs/server_full/id/ldpc_rate/E2_0p1_Rc_0p3333/points/result_n_4_awgn_ebno_p2p0.mat,4,3,6,0.1,0.333333333333333,2,117835,496800,205,496800,0.237188003220612,0.000412640901771337,0.237188003220612,0.118800322061192,12,0.215413541726763,184,993600,pilot; adaptive/event-or-cap stopping
id,ldpc_rate,results/noisy_channel_tradeoffs/server_full/id/ldpc_rate/summary_noisy_channel_tradeoff.mat,results/noisy_channel_tradeoffs/server_full/id/ldpc_rate/E2_0p1_Rc_0p3333/points/result_n_4_awgn_ebno_p2p25.mat,4,3,6,0.1,0.333333333333333,2.25,238967,1004400,148,1004400,0.23792015133413,0.000147351652727997,0.23792015133413,0.119033751493429,12,0.215413541726763,372,2008800,pilot; adaptive/event-or-cap stopping
id,ldpc_rate,results/noisy_channel_tradeoffs/server_full/id/ldpc_rate/summary_noisy_channel_tradeoff.mat,results/noisy_channel_tradeoffs/server_full/id/ldpc_rate/E2_0p1_Rc_0p3333/points/result_n_4_awgn_ebno_p2p5.mat,4,3,6,0.1,0.333333333333333,2.5,238967,1004400,63,1004400,0.23792015133413,6.27240143369176e-05,0.23792015133413,0.118991437674233,12,0.215413541726763,372,2008800,pilot; adaptive/event-or-cap stopping
id,ldpc_rate,results/noisy_channel_tradeoffs/server_full/id/ldpc_rate/summary_noisy_channel_tradeoff.mat,results/noisy_channel_tradeoffs/server_full/id/ldpc_rate/E2_0p1_Rc_0p3333/points/result_n_4_awgn_ebno_p2p75.mat,4,3,6,0.1,0.333333333333333,2.75,238969,1004400,20,1004400,0.23792214257268,1.99123855037834e-05,0.23792214257268,0.118971027479092,12,0.215413541726763,372,2008800,pilot; adaptive/event-or-cap stopping
id,ldpc_rate,results/noisy_channel_tradeoffs/server_full/id/ldpc_rate/summary_noisy_channel_tradeoff.mat,results/noisy_channel_tradeoffs/server_full/id/ldpc_rate/E2_0p1_Rc_0p3333/points/result_n_4_awgn_ebno_p3p0.mat,4,3,6,0.1,0.333333333333333,3,238969,1004400,7,1004400,0.23792214257268,6.96933492632417e-06,0.23792214257268,0.118964555953803,12,0.215413541726763,372,2008800,pilot; adaptive/event-or-cap stopping
id,ldpc_rate,results/noisy_channel_tradeoffs/server_full/id/ldpc_rate/summary_noisy_channel_tradeoff.mat,results/noisy_channel_tradeoffs/server_full/id/ldpc_rate/E2_0p1_Rc_0p3333/points/result_n_4_awgn_ebno_p3p25.mat,4,3,6,0.1,0.333333333333333,3.25,238967,1004400,0,1004400,0.23792015133413,0,0.23792015133413,0.118960075667065,12,0.215413541726763,372,2008800,pilot; adaptive/event-or-cap stopping
id,ldpc_rate,results/noisy_channel_tradeoffs/server_full/id/ldpc_rate/summary_noisy_channel_tradeoff.mat,results/noisy_channel_tradeoffs/server_full/id/ldpc_rate/E2_0p1_Rc_0p3333/points/result_n_4_awgn_ebno_p3p5.mat,4,3,6,0.1,0.333333333333333,3.5,238968,1004400,1,1004400,0.237921146953405,9.95619275189168e-07,0.237921146953405,0.11896107128634,12,0.215413541726763,372,2008800,pilot; adaptive/event-or-cap stopping
id,ldpc_rate,results/noisy_channel_tradeoffs/server_full/id/ldpc_rate/summary_noisy_channel_tradeoff.mat,results/noisy_channel_tradeoffs/server_full/id/ldpc_rate/E2_0p1_Rc_0p3333/points/result_n_4_awgn_ebno_p3p75.mat,4,3,6,0.1,0.333333333333333,3.75,238967,1004400,0,1004400,0.23792015133413,0,0.23792015133413,0.118960075667065,12,0.215413541726763,372,2008800,pilot; adaptive/event-or-cap stopping
id,ldpc_rate,results/noisy_channel_tradeoffs/server_full/id/ldpc_rate/summary_noisy_channel_tradeoff.mat,results/noisy_channel_tradeoffs/server_full/id/ldpc_rate/E2_0p1_Rc_0p3333/points/result_n_4_awgn_ebno_p4p0.mat,4,3,6,0.1,0.333333333333333,4,238967,1004400,0,1004400,0.23792015133413,0,0.23792015133413,0.118960075667065,12,0.215413541726763,372,2008800,pilot; adaptive/event-or-cap stopping
id,ldpc_rate,results/noisy_channel_tradeoffs/server_full/id/ldpc_rate/summary_noisy_channel_tradeoff.mat,results/noisy_channel_tradeoffs/server_full/id/ldpc_rate/E2_0p1_Rc_0p3333/points/result_n_4_awgn_ebno_p4p25.mat,4,3,6,0.1,0.333333333333333,4.25,238967,1004400,0,1004400,0.23792015133413,0,0.23792015133413,0.118960075667065,12,0.215413541726763,372,2008800,pilot; adaptive/event-or-cap stopping
id,ldpc_rate,results/noisy_channel_tradeoffs/server_full/id/ldpc_rate/summary_noisy_channel_tradeoff.mat,results/noisy_channel_tradeoffs/server_full/id/ldpc_rate/E2_0p1_Rc_0p3333/points/result_n_4_awgn_ebno_p4p5.mat,4,3,6,0.1,0.333333333333333,4.5,238967,1004400,0,1004400,0.23792015133413,0,0.23792015133413,0.118960075667065,12,0.215413541726763,372,2008800,pilot; adaptive/event-or-cap stopping
id,ldpc_rate,results/noisy_channel_tradeoffs/server_full/id/ldpc_rate/summary_noisy_channel_tradeoff.mat,results/noisy_channel_tradeoffs/server_full/id/ldpc_rate/E2_0p1_Rc_0p3333/points/result_n_4_awgn_ebno_p4p75.mat,4,3,6,0.1,0.333333333333333,4.75,238967,1004400,0,1004400,0.23792015133413,0,0.23792015133413,0.118960075667065,12,0.215413541726763,372,2008800,pilot; adaptive/event-or-cap stopping
id,ldpc_rate,results/noisy_channel_tradeoffs/server_full/id/ldpc_rate/summary_noisy_channel_tradeoff.mat,results/noisy_channel_tradeoffs/server_full/id/ldpc_rate/E2_0p1_Rc_0p3333/points/result_n_4_awgn_ebno_p5p0.mat,4,3,6,0.1,0.333333333333333,5,238967,1004400,0,1004400,0.23792015133413,0,0.23792015133413,0.118960075667065,12,0.215413541726763,372,2008800,pilot; adaptive/event-or-cap stopping
id,ldpc_rate,results/noisy_channel_tradeoffs/server_full/id/ldpc_rate/summary_noisy_channel_tradeoff.mat,results/noisy_channel_tradeoffs/server_full/id/ldpc_rate/E2_0p1_Rc_0p4/points/result_n_4_awgn_ebno_p0p0.mat,4,3,6,0.1,0.4,0,79388,324000,130225,324000,0.245024691358025,0.401929012345679,0.401929012345679,0.323476851851852,10,0.258496250072116,100,648000,pilot; adaptive/event-or-cap stopping
id,ldpc_rate,results/noisy_channel_tradeoffs/server_full/id/ldpc_rate/summary_noisy_channel_tradeoff.mat,results/noisy_channel_tradeoffs/server_full/id/ldpc_rate/E2_0p1_Rc_0p4/points/result_n_4_awgn_ebno_p0p25.mat,4,3,6,0.1,0.4,0.25,78443,324000,109086,324000,0.242108024691358,0.336685185185185,0.336685185185185,0.289396604938272,10,0.258496250072116,100,648000,pilot; adaptive/event-or-cap stopping
id,ldpc_rate,results/noisy_channel_tradeoffs/server_full/id/ldpc_rate/summary_noisy_channel_tradeoff.mat,results/noisy_channel_tradeoffs/server_full/id/ldpc_rate/E2_0p1_Rc_0p4/points/result_n_4_awgn_ebno_p0p5.mat,4,3,6,0.1,0.4,0.5,76846,324000,9179,324000,0.237179012345679,0.0283302469135802,0.237179012345679,0.13275462962963,10,0.258496250072116,100,648000,pilot; adaptive/event-or-cap stopping
id,ldpc_rate,results/noisy_channel_tradeoffs/server_full/id/ldpc_rate/summary_noisy_channel_tradeoff.mat,results/noisy_channel_tradeoffs/server_full/id/ldpc_rate/E2_0p1_Rc_0p4/points/result_n_4_awgn_ebno_p0p75.mat,4,3,6,0.1,0.4,0.75,76706,324000,3690,324000,0.236746913580247,0.0113888888888889,0.236746913580247,0.124067901234568,10,0.258496250072116,100,648000,pilot; adaptive/event-or-cap stopping
id,ldpc_rate,results/noisy_channel_tradeoffs/server_full/id/ldpc_rate/summary_noisy_channel_tradeoff.mat,results/noisy_channel_tradeoffs/server_full/id/ldpc_rate/E2_0p1_Rc_0p4/points/result_n_4_awgn_ebno_p1p0.mat,4,3,6,0.1,0.4,1,76701,324000,1250,324000,0.236731481481481,0.00385802469135802,0.236731481481481,0.12029475308642,10,0.258496250072116,100,648000,pilot; adaptive/event-or-cap stopping
id,ldpc_rate,results/noisy_channel_tradeoffs/server_full/id/ldpc_rate/summary_noisy_channel_tradeoff.mat,results/noisy_channel_tradeoffs/server_full/id/ldpc_rate/E2_0p1_Rc_0p4/points/result_n_4_awgn_ebno_p1p25.mat,4,3,6,0.1,0.4,1.25,76655,324000,410,324000,0.236589506172839,0.00126543209876543,0.236589506172839,0.118927469135802,10,0.258496250072116,100,648000,pilot; adaptive/event-or-cap stopping
id,ldpc_rate,results/noisy_channel_tradeoffs/server_full/id/ldpc_rate/summary_noisy_channel_tradeoff.mat,results/noisy_channel_tradeoffs/server_full/id/ldpc_rate/E2_0p1_Rc_0p4/points/result_n_4_awgn_ebno_p1p5.mat,4,3,6,0.1,0.4,1.5,135412,570240,206,570240,0.23746492704826,0.00036125140291807,0.23746492704826,0.118913089225589,10,0.258496250072116,176,1140480,pilot; adaptive/event-or-cap stopping
id,ldpc_rate,results/noisy_channel_tradeoffs/server_full/id/ldpc_rate/summary_noisy_channel_tradeoff.mat,results/noisy_channel_tradeoffs/server_full/id/ldpc_rate/E2_0p1_Rc_0p4/points/result_n_4_awgn_ebno_p1p75.mat,4,3,6,0.1,0.4,1.75,240499,1010880,134,1010880,0.237910533396645,0.00013255777144666,0.237910533396645,0.119021545584046,10,0.258496250072116,312,2021760,pilot; adaptive/event-or-cap stopping
id,ldpc_rate,results/noisy_channel_tradeoffs/server_full/id/ldpc_rate/summary_noisy_channel_tradeoff.mat,results/noisy_channel_tradeoffs/server_full/id/ldpc_rate/E2_0p1_Rc_0p4/points/result_n_4_awgn_ebno_p2p0.mat,4,3,6,0.1,0.4,2,240485,1010880,32,1010880,0.23789668407724,3.16555872111428e-05,0.23789668407724,0.118964169832225,10,0.258496250072116,312,2021760,pilot; adaptive/event-or-cap stopping
id,ldpc_rate,results/noisy_channel_tradeoffs/server_full/id/ldpc_rate/summary_noisy_channel_tradeoff.mat,results/noisy_channel_tradeoffs/server_full/id/ldpc_rate/E2_0p1_Rc_0p4/points/result_n_4_awgn_ebno_p2p25.mat,4,3,6,0.1,0.4,2.25,240481,1010880,12,1010880,0.237892727128838,1.18708452041785e-05,0.237892727128838,0.118952298987021,10,0.258496250072116,312,2021760,pilot; adaptive/event-or-cap stopping
id,ldpc_rate,results/noisy_channel_tradeoffs/server_full/id/ldpc_rate/summary_noisy_channel_tradeoff.mat,results/noisy_channel_tradeoffs/server_full/id/ldpc_rate/E2_0p1_Rc_0p4/points/result_n_4_awgn_ebno_p2p5.mat,4,3,6,0.1,0.4,2.5,240479,1010880,2,1010880,0.237890748654638,1.97847420069642e-06,0.237890748654638,0.118946363564419,10,0.258496250072116,312,2021760,pilot; adaptive/event-or-cap stopping
id,ldpc_rate,results/noisy_channel_tradeoffs/server_full/id/ldpc_rate/summary_noisy_channel_tradeoff.mat,results/noisy_channel_tradeoffs/server_full/id/ldpc_rate/E2_0p1_Rc_0p4/points/result_n_4_awgn_ebno_p2p75.mat,4,3,6,0.1,0.4,2.75,240479,1010880,3,1010880,0.237890748654638,2.96771130104463e-06,0.237890748654638,0.118946858182969,10,0.258496250072116,312,2021760,pilot; adaptive/event-or-cap stopping
id,ldpc_rate,results/noisy_channel_tradeoffs/server_full/id/ldpc_rate/summary_noisy_channel_tradeoff.mat,results/noisy_channel_tradeoffs/server_full/id/ldpc_rate/E2_0p1_Rc_0p4/points/result_n_4_awgn_ebno_p3p0.mat,4,3,6,0.1,0.4,3,240480,1010880,1,1010880,0.237891737891738,9.89237100348212e-07,0.237891737891738,0.118946363564419,10,0.258496250072116,312,2021760,pilot; adaptive/event-or-cap stopping
id,ldpc_rate,results/noisy_channel_tradeoffs/server_full/id/ldpc_rate/summary_noisy_channel_tradeoff.mat,results/noisy_channel_tradeoffs/server_full/id/ldpc_rate/E2_0p1_Rc_0p4/points/result_n_4_awgn_ebno_p3p25.mat,4,3,6,0.1,0.4,3.25,240479,1010880,0,1010880,0.237890748654638,0,0.237890748654638,0.118945374327319,10,0.258496250072116,312,2021760,pilot; adaptive/event-or-cap stopping
id,ldpc_rate,results/noisy_channel_tradeoffs/server_full/id/ldpc_rate/summary_noisy_channel_tradeoff.mat,results/noisy_channel_tradeoffs/server_full/id/ldpc_rate/E2_0p1_Rc_0p4/points/result_n_4_awgn_ebno_p3p5.mat,4,3,6,0.1,0.4,3.5,240480,1010880,0,1010880,0.237891737891738,0,0.237891737891738,0.118945868945869,10,0.258496250072116,312,2021760,pilot; adaptive/event-or-cap stopping
id,ldpc_rate,results/noisy_channel_tradeoffs/server_full/id/ldpc_rate/summary_noisy_channel_tradeoff.mat,results/noisy_channel_tradeoffs/server_full/id/ldpc_rate/E2_0p1_Rc_0p4/points/result_n_4_awgn_ebno_p3p75.mat,4,3,6,0.1,0.4,3.75,240480,1010880,0,1010880,0.237891737891738,0,0.237891737891738,0.118945868945869,10,0.258496250072116,312,2021760,pilot; adaptive/event-or-cap stopping
id,ldpc_rate,results/noisy_channel_tradeoffs/server_full/id/ldpc_rate/summary_noisy_channel_tradeoff.mat,results/noisy_channel_tradeoffs/server_full/id/ldpc_rate/E2_0p1_Rc_0p4/points/result_n_4_awgn_ebno_p4p0.mat,4,3,6,0.1,0.4,4,240480,1010880,0,1010880,0.237891737891738,0,0.237891737891738,0.118945868945869,10,0.258496250072116,312,2021760,pilot; adaptive/event-or-cap stopping
id,ldpc_rate,results/noisy_channel_tradeoffs/server_full/id/ldpc_rate/summary_noisy_channel_tradeoff.mat,results/noisy_channel_tradeoffs/server_full/id/ldpc_rate/E2_0p1_Rc_0p4/points/result_n_4_awgn_ebno_p4p25.mat,4,3,6,0.1,0.4,4.25,240480,1010880,0,1010880,0.237891737891738,0,0.237891737891738,0.118945868945869,10,0.258496250072116,312,2021760,pilot; adaptive/event-or-cap stopping
id,ldpc_rate,results/noisy_channel_tradeoffs/server_full/id/ldpc_rate/summary_noisy_channel_tradeoff.mat,results/noisy_channel_tradeoffs/server_full/id/ldpc_rate/E2_0p1_Rc_0p4/points/result_n_4_awgn_ebno_p4p5.mat,4,3,6,0.1,0.4,4.5,240480,1010880,0,1010880,0.237891737891738,0,0.237891737891738,0.118945868945869,10,0.258496250072116,312,2021760,pilot; adaptive/event-or-cap stopping
id,ldpc_rate,results/noisy_channel_tradeoffs/server_full/id/ldpc_rate/summary_noisy_channel_tradeoff.mat,results/noisy_channel_tradeoffs/server_full/id/ldpc_rate/E2_0p1_Rc_0p4/points/result_n_4_awgn_ebno_p4p75.mat,4,3,6,0.1,0.4,4.75,240480,1010880,0,1010880,0.237891737891738,0,0.237891737891738,0.118945868945869,10,0.258496250072116,312,2021760,pilot; adaptive/event-or-cap stopping
id,ldpc_rate,results/noisy_channel_tradeoffs/server_full/id/ldpc_rate/summary_noisy_channel_tradeoff.mat,results/noisy_channel_tradeoffs/server_full/id/ldpc_rate/E2_0p1_Rc_0p4/points/result_n_4_awgn_ebno_p5p0.mat,4,3,6,0.1,0.4,5,240480,1010880,0,1010880,0.237891737891738,0,0.237891737891738,0.118945868945869,10,0.258496250072116,312,2021760,pilot; adaptive/event-or-cap stopping
id,ldpc_rate,results/noisy_channel_tradeoffs/server_full/id/ldpc_rate/summary_noisy_channel_tradeoff.mat,results/noisy_channel_tradeoffs/server_full/id/ldpc_rate/E2_0p1_Rc_0p5/points/result_n_4_awgn_ebno_p0p0.mat,4,3,6,0.1,0.5,0,98737,405000,150070,405000,0.243795061728395,0.370543209876543,0.370543209876543,0.307169135802469,8,0.323120312590145,100,810000,pilot; adaptive/event-or-cap stopping
id,ldpc_rate,results/noisy_channel_tradeoffs/server_full/id/ldpc_rate/summary_noisy_channel_tradeoff.mat,results/noisy_channel_tradeoffs/server_full/id/ldpc_rate/E2_0p1_Rc_0p5/points/result_n_4_awgn_ebno_p0p25.mat,4,3,6,0.1,0.5,0.25,98504,405000,139025,405000,0.24321975308642,0.343271604938272,0.343271604938272,0.293245679012346,8,0.323120312590145,100,810000,pilot; adaptive/event-or-cap stopping
id,ldpc_rate,results/noisy_channel_tradeoffs/server_full/id/ldpc_rate/summary_noisy_channel_tradeoff.mat,results/noisy_channel_tradeoffs/server_full/id/ldpc_rate/E2_0p1_Rc_0p5/points/result_n_4_awgn_ebno_p0p5.mat,4,3,6,0.1,0.5,0.5,98118,405000,121520,405000,0.242266666666667,0.300049382716049,0.300049382716049,0.271158024691358,8,0.323120312590145,100,810000,pilot; adaptive/event-or-cap stopping
id,ldpc_rate,results/noisy_channel_tradeoffs/server_full/id/ldpc_rate/summary_noisy_channel_tradeoff.mat,results/noisy_channel_tradeoffs/server_full/id/ldpc_rate/E2_0p1_Rc_0p5/points/result_n_4_awgn_ebno_p0p75.mat,4,3,6,0.1,0.5,0.75,97075,405000,67660,405000,0.239691358024691,0.167061728395062,0.239691358024691,0.203376543209877,8,0.323120312590145,100,810000,pilot; adaptive/event-or-cap stopping
id,ldpc_rate,results/noisy_channel_tradeoffs/server_full/id/ldpc_rate/summary_noisy_channel_tradeoff.mat,results/noisy_channel_tradeoffs/server_full/id/ldpc_rate/E2_0p1_Rc_0p5/points/result_n_4_awgn_ebno_p1p0.mat,4,3,6,0.1,0.5,1,123012,518400,203,518400,0.237291666666667,0.00039158950617284,0.237291666666667,0.11884162808642,8,0.323120312590145,128,1036800,pilot; adaptive/event-or-cap stopping
id,ldpc_rate,results/noisy_channel_tradeoffs/server_full/id/ldpc_rate/summary_noisy_channel_tradeoff.mat,results/noisy_channel_tradeoffs/server_full/id/ldpc_rate/E2_0p1_Rc_0p5/points/result_n_4_awgn_ebno_p1p25.mat,4,3,6,0.1,0.5,1.25,238972,1004400,69,1004400,0.237925129430506,6.86977299880526e-05,0.237925129430506,0.118996913580247,8,0.323120312590145,248,2008800,pilot; adaptive/event-or-cap stopping
id,ldpc_rate,results/noisy_channel_tradeoffs/server_full/id/ldpc_rate/summary_noisy_channel_tradeoff.mat,results/noisy_channel_tradeoffs/server_full/id/ldpc_rate/E2_0p1_Rc_0p5/points/result_n_4_awgn_ebno_p1p5.mat,4,3,6,0.1,0.5,1.5,238970,1004400,15,1004400,0.237923138191955,1.49342891278375e-05,0.237923138191955,0.118969036240542,8,0.323120312590145,248,2008800,pilot; adaptive/event-or-cap stopping
id,ldpc_rate,results/noisy_channel_tradeoffs/server_full/id/ldpc_rate/summary_noisy_channel_tradeoff.mat,results/noisy_channel_tradeoffs/server_full/id/ldpc_rate/E2_0p1_Rc_0p5/points/result_n_4_awgn_ebno_p1p75.mat,4,3,6,0.1,0.5,1.75,238968,1004400,6,1004400,0.237921146953405,5.97371565113501e-06,0.237921146953405,0.118963560334528,8,0.323120312590145,248,2008800,pilot; adaptive/event-or-cap stopping
id,ldpc_rate,results/noisy_channel_tradeoffs/server_full/id/ldpc_rate/summary_noisy_channel_tradeoff.mat,results/noisy_channel_tradeoffs/server_full/id/ldpc_rate/E2_0p1_Rc_0p5/points/result_n_4_awgn_ebno_p2p0.mat,4,3,6,0.1,0.5,2,238965,1004400,1,1004400,0.237918160095579,9.95619275189168e-07,0.237918160095579,0.118959577857427,8,0.323120312590145,248,2008800,pilot; adaptive/event-or-cap stopping
id,ldpc_rate,results/noisy_channel_tradeoffs/server_full/id/ldpc_rate/summary_noisy_channel_tradeoff.mat,results/noisy_channel_tradeoffs/server_full/id/ldpc_rate/E2_0p1_Rc_0p5/points/result_n_4_awgn_ebno_p2p25.mat,4,3,6,0.1,0.5,2.25,238967,1004400,1,1004400,0.23792015133413,9.95619275189168e-07,0.23792015133413,0.118960573476703,8,0.323120312590145,248,2008800,pilot; adaptive/event-or-cap stopping
id,ldpc_rate,results/noisy_channel_tradeoffs/server_full/id/ldpc_rate/summary_noisy_channel_tradeoff.mat,results/noisy_channel_tradeoffs/server_full/id/ldpc_rate/E2_0p1_Rc_0p5/points/result_n_4_awgn_ebno_p2p5.mat,4,3,6,0.1,0.5,2.5,238967,1004400,0,1004400,0.23792015133413,0,0.23792015133413,0.118960075667065,8,0.323120312590145,248,2008800,pilot; adaptive/event-or-cap stopping
id,ldpc_rate,results/noisy_channel_tradeoffs/server_full/id/ldpc_rate/summary_noisy_channel_tradeoff.mat,results/noisy_channel_tradeoffs/server_full/id/ldpc_rate/E2_0p1_Rc_0p5/points/result_n_4_awgn_ebno_p2p75.mat,4,3,6,0.1,0.5,2.75,238967,1004400,0,1004400,0.23792015133413,0,0.23792015133413,0.118960075667065,8,0.323120312590145,248,2008800,pilot; adaptive/event-or-cap stopping
id,ldpc_rate,results/noisy_channel_tradeoffs/server_full/id/ldpc_rate/summary_noisy_channel_tradeoff.mat,results/noisy_channel_tradeoffs/server_full/id/ldpc_rate/E2_0p1_Rc_0p5/points/result_n_4_awgn_ebno_p3p0.mat,4,3,6,0.1,0.5,3,238967,1004400,0,1004400,0.23792015133413,0,0.23792015133413,0.118960075667065,8,0.323120312590145,248,2008800,pilot; adaptive/event-or-cap stopping
id,ldpc_rate,results/noisy_channel_tradeoffs/server_full/id/ldpc_rate/summary_noisy_channel_tradeoff.mat,results/noisy_channel_tradeoffs/server_full/id/ldpc_rate/E2_0p1_Rc_0p5/points/result_n_4_awgn_ebno_p3p25.mat,4,3,6,0.1,0.5,3.25,238967,1004400,0,1004400,0.23792015133413,0,0.23792015133413,0.118960075667065,8,0.323120312590145,248,2008800,pilot; adaptive/event-or-cap stopping
id,ldpc_rate,results/noisy_channel_tradeoffs/server_full/id/ldpc_rate/summary_noisy_channel_tradeoff.mat,results/noisy_channel_tradeoffs/server_full/id/ldpc_rate/E2_0p1_Rc_0p5/points/result_n_4_awgn_ebno_p3p5.mat,4,3,6,0.1,0.5,3.5,238967,1004400,0,1004400,0.23792015133413,0,0.23792015133413,0.118960075667065,8,0.323120312590145,248,2008800,pilot; adaptive/event-or-cap stopping
id,ldpc_rate,results/noisy_channel_tradeoffs/server_full/id/ldpc_rate/summary_noisy_channel_tradeoff.mat,results/noisy_channel_tradeoffs/server_full/id/ldpc_rate/E2_0p1_Rc_0p5/points/result_n_4_awgn_ebno_p3p75.mat,4,3,6,0.1,0.5,3.75,238967,1004400,0,1004400,0.23792015133413,0,0.23792015133413,0.118960075667065,8,0.323120312590145,248,2008800,pilot; adaptive/event-or-cap stopping
id,ldpc_rate,results/noisy_channel_tradeoffs/server_full/id/ldpc_rate/summary_noisy_channel_tradeoff.mat,results/noisy_channel_tradeoffs/server_full/id/ldpc_rate/E2_0p1_Rc_0p5/points/result_n_4_awgn_ebno_p4p0.mat,4,3,6,0.1,0.5,4,238967,1004400,0,1004400,0.23792015133413,0,0.23792015133413,0.118960075667065,8,0.323120312590145,248,2008800,pilot; adaptive/event-or-cap stopping
id,ldpc_rate,results/noisy_channel_tradeoffs/server_full/id/ldpc_rate/summary_noisy_channel_tradeoff.mat,results/noisy_channel_tradeoffs/server_full/id/ldpc_rate/E2_0p1_Rc_0p5/points/result_n_4_awgn_ebno_p4p25.mat,4,3,6,0.1,0.5,4.25,238967,1004400,0,1004400,0.23792015133413,0,0.23792015133413,0.118960075667065,8,0.323120312590145,248,2008800,pilot; adaptive/event-or-cap stopping
id,ldpc_rate,results/noisy_channel_tradeoffs/server_full/id/ldpc_rate/summary_noisy_channel_tradeoff.mat,results/noisy_channel_tradeoffs/server_full/id/ldpc_rate/E2_0p1_Rc_0p5/points/result_n_4_awgn_ebno_p4p5.mat,4,3,6,0.1,0.5,4.5,238967,1004400,0,1004400,0.23792015133413,0,0.23792015133413,0.118960075667065,8,0.323120312590145,248,2008800,pilot; adaptive/event-or-cap stopping
id,ldpc_rate,results/noisy_channel_tradeoffs/server_full/id/ldpc_rate/summary_noisy_channel_tradeoff.mat,results/noisy_channel_tradeoffs/server_full/id/ldpc_rate/E2_0p1_Rc_0p5/points/result_n_4_awgn_ebno_p4p75.mat,4,3,6,0.1,0.5,4.75,238967,1004400,0,1004400,0.23792015133413,0,0.23792015133413,0.118960075667065,8,0.323120312590145,248,2008800,pilot; adaptive/event-or-cap stopping
id,ldpc_rate,results/noisy_channel_tradeoffs/server_full/id/ldpc_rate/summary_noisy_channel_tradeoff.mat,results/noisy_channel_tradeoffs/server_full/id/ldpc_rate/E2_0p1_Rc_0p5/points/result_n_4_awgn_ebno_p5p0.mat,4,3,6,0.1,0.5,5,238967,1004400,0,1004400,0.23792015133413,0,0.23792015133413,0.118960075667065,8,0.323120312590145,248,2008800,pilot; adaptive/event-or-cap stopping
id,ldpc_rate,results/noisy_channel_tradeoffs/server_full/id/ldpc_rate/summary_noisy_channel_tradeoff.mat,results/noisy_channel_tradeoffs/server_full/id/ldpc_rate/E2_0p1_Rc_0p6/points/result_n_4_awgn_ebno_p0p0.mat,4,3,6,0.1,0.6,0,118263,486000,181324,486000,0.24333950617284,0.373094650205761,0.373094650205761,0.3082170781893,6.66666666666667,0.387744375108173,100,972000,pilot; adaptive/event-or-cap stopping
id,ldpc_rate,results/noisy_channel_tradeoffs/server_full/id/ldpc_rate/summary_noisy_channel_tradeoff.mat,results/noisy_channel_tradeoffs/server_full/id/ldpc_rate/E2_0p1_Rc_0p6/points/result_n_4_awgn_ebno_p0p25.mat,4,3,6,0.1,0.6,0.25,118142,486000,173467,486000,0.243090534979424,0.356927983539095,0.356927983539095,0.300009259259259,6.66666666666667,0.387744375108173,100,972000,pilot; adaptive/event-or-cap stopping
id,ldpc_rate,results/noisy_channel_tradeoffs/server_full/id/ldpc_rate/summary_noisy_channel_tradeoff.mat,results/noisy_channel_tradeoffs/server_full/id/ldpc_rate/E2_0p1_Rc_0p6/points/result_n_4_awgn_ebno_p0p5.mat,4,3,6,0.1,0.6,0.5,118169,486000,165774,486000,0.243146090534979,0.341098765432099,0.341098765432099,0.292122427983539,6.66666666666667,0.387744375108173,100,972000,pilot; adaptive/event-or-cap stopping
id,ldpc_rate,results/noisy_channel_tradeoffs/server_full/id/ldpc_rate/summary_noisy_channel_tradeoff.mat,results/noisy_channel_tradeoffs/server_full/id/ldpc_rate/E2_0p1_Rc_0p6/points/result_n_4_awgn_ebno_p0p75.mat,4,3,6,0.1,0.6,0.75,117746,486000,156659,486000,0.242275720164609,0.322343621399177,0.322343621399177,0.282309670781893,6.66666666666667,0.387744375108173,100,972000,pilot; adaptive/event-or-cap stopping
id,ldpc_rate,results/noisy_channel_tradeoffs/server_full/id/ldpc_rate/summary_noisy_channel_tradeoff.mat,results/noisy_channel_tradeoffs/server_full/id/ldpc_rate/E2_0p1_Rc_0p6/points/result_n_4_awgn_ebno_p1p0.mat,4,3,6,0.1,0.6,1,117413,486000,145865,486000,0.241590534979424,0.300133744855967,0.300133744855967,0.270862139917695,6.66666666666667,0.387744375108173,100,972000,pilot; adaptive/event-or-cap stopping
id,ldpc_rate,results/noisy_channel_tradeoffs/server_full/id/ldpc_rate/summary_noisy_channel_tradeoff.mat,results/noisy_channel_tradeoffs/server_full/id/ldpc_rate/E2_0p1_Rc_0p6/points/result_n_4_awgn_ebno_p1p25.mat,4,3,6,0.1,0.6,1.25,117066,486000,131063,486000,0.240876543209877,0.26967695473251,0.26967695473251,0.255276748971193,6.66666666666667,0.387744375108173,100,972000,pilot; adaptive/event-or-cap stopping
id,ldpc_rate,results/noisy_channel_tradeoffs/server_full/id/ldpc_rate/summary_noisy_channel_tradeoff.mat,results/noisy_channel_tradeoffs/server_full/id/ldpc_rate/E2_0p1_Rc_0p6/points/result_n_4_awgn_ebno_p1p5.mat,4,3,6,0.1,0.6,1.5,115345,486000,13733,486000,0.237335390946502,0.0282572016460905,0.237335390946502,0.132796296296296,6.66666666666667,0.387744375108173,100,972000,pilot; adaptive/event-or-cap stopping
id,ldpc_rate,results/noisy_channel_tradeoffs/server_full/id/ldpc_rate/summary_noisy_channel_tradeoff.mat,results/noisy_channel_tradeoffs/server_full/id/ldpc_rate/E2_0p1_Rc_0p6/points/result_n_4_awgn_ebno_p1p75.mat,4,3,6,0.1,0.6,1.75,240480,1010880,0,1010880,0.237891737891738,0,0.237891737891738,0.118945868945869,6.66666666666667,0.387744375108173,208,2021760,pilot; adaptive/event-or-cap stopping
id,ldpc_rate,results/noisy_channel_tradeoffs/server_full/id/ldpc_rate/summary_noisy_channel_tradeoff.mat,results/noisy_channel_tradeoffs/server_full/id/ldpc_rate/E2_0p1_Rc_0p6/points/result_n_4_awgn_ebno_p2p0.mat,4,3,6,0.1,0.6,2,240480,1010880,0,1010880,0.237891737891738,0,0.237891737891738,0.118945868945869,6.66666666666667,0.387744375108173,208,2021760,pilot; adaptive/event-or-cap stopping
id,ldpc_rate,results/noisy_channel_tradeoffs/server_full/id/ldpc_rate/summary_noisy_channel_tradeoff.mat,results/noisy_channel_tradeoffs/server_full/id/ldpc_rate/E2_0p1_Rc_0p6/points/result_n_4_awgn_ebno_p2p25.mat,4,3,6,0.1,0.6,2.25,240480,1010880,0,1010880,0.237891737891738,0,0.237891737891738,0.118945868945869,6.66666666666667,0.387744375108173,208,2021760,pilot; adaptive/event-or-cap stopping
id,ldpc_rate,results/noisy_channel_tradeoffs/server_full/id/ldpc_rate/summary_noisy_channel_tradeoff.mat,results/noisy_channel_tradeoffs/server_full/id/ldpc_rate/E2_0p1_Rc_0p6/points/result_n_4_awgn_ebno_p2p5.mat,4,3,6,0.1,0.6,2.5,240480,1010880,0,1010880,0.237891737891738,0,0.237891737891738,0.118945868945869,6.66666666666667,0.387744375108173,208,2021760,pilot; adaptive/event-or-cap stopping
id,ldpc_rate,results/noisy_channel_tradeoffs/server_full/id/ldpc_rate/summary_noisy_channel_tradeoff.mat,results/noisy_channel_tradeoffs/server_full/id/ldpc_rate/E2_0p1_Rc_0p6/points/result_n_4_awgn_ebno_p2p75.mat,4,3,6,0.1,0.6,2.75,240480,1010880,0,1010880,0.237891737891738,0,0.237891737891738,0.118945868945869,6.66666666666667,0.387744375108173,208,2021760,pilot; adaptive/event-or-cap stopping
id,ldpc_rate,results/noisy_channel_tradeoffs/server_full/id/ldpc_rate/summary_noisy_channel_tradeoff.mat,results/noisy_channel_tradeoffs/server_full/id/ldpc_rate/E2_0p1_Rc_0p6/points/result_n_4_awgn_ebno_p3p0.mat,4,3,6,0.1,0.6,3,240480,1010880,0,1010880,0.237891737891738,0,0.237891737891738,0.118945868945869,6.66666666666667,0.387744375108173,208,2021760,pilot; adaptive/event-or-cap stopping
id,ldpc_rate,results/noisy_channel_tradeoffs/server_full/id/ldpc_rate/summary_noisy_channel_tradeoff.mat,results/noisy_channel_tradeoffs/server_full/id/ldpc_rate/E2_0p1_Rc_0p6/points/result_n_4_awgn_ebno_p3p25.mat,4,3,6,0.1,0.6,3.25,240480,1010880,0,1010880,0.237891737891738,0,0.237891737891738,0.118945868945869,6.66666666666667,0.387744375108173,208,2021760,pilot; adaptive/event-or-cap stopping
id,ldpc_rate,results/noisy_channel_tradeoffs/server_full/id/ldpc_rate/summary_noisy_channel_tradeoff.mat,results/noisy_channel_tradeoffs/server_full/id/ldpc_rate/E2_0p1_Rc_0p6/points/result_n_4_awgn_ebno_p3p5.mat,4,3,6,0.1,0.6,3.5,240480,1010880,0,1010880,0.237891737891738,0,0.237891737891738,0.118945868945869,6.66666666666667,0.387744375108173,208,2021760,pilot; adaptive/event-or-cap stopping
id,ldpc_rate,results/noisy_channel_tradeoffs/server_full/id/ldpc_rate/summary_noisy_channel_tradeoff.mat,results/noisy_channel_tradeoffs/server_full/id/ldpc_rate/E2_0p1_Rc_0p6/points/result_n_4_awgn_ebno_p3p75.mat,4,3,6,0.1,0.6,3.75,240480,1010880,0,1010880,0.237891737891738,0,0.237891737891738,0.118945868945869,6.66666666666667,0.387744375108173,208,2021760,pilot; adaptive/event-or-cap stopping
id,ldpc_rate,results/noisy_channel_tradeoffs/server_full/id/ldpc_rate/summary_noisy_channel_tradeoff.mat,results/noisy_channel_tradeoffs/server_full/id/ldpc_rate/E2_0p1_Rc_0p6/points/result_n_4_awgn_ebno_p4p0.mat,4,3,6,0.1,0.6,4,240480,1010880,0,1010880,0.237891737891738,0,0.237891737891738,0.118945868945869,6.66666666666667,0.387744375108173,208,2021760,pilot; adaptive/event-or-cap stopping
id,ldpc_rate,results/noisy_channel_tradeoffs/server_full/id/ldpc_rate/summary_noisy_channel_tradeoff.mat,results/noisy_channel_tradeoffs/server_full/id/ldpc_rate/E2_0p1_Rc_0p6/points/result_n_4_awgn_ebno_p4p25.mat,4,3,6,0.1,0.6,4.25,240480,1010880,0,1010880,0.237891737891738,0,0.237891737891738,0.118945868945869,6.66666666666667,0.387744375108173,208,2021760,pilot; adaptive/event-or-cap stopping
id,ldpc_rate,results/noisy_channel_tradeoffs/server_full/id/ldpc_rate/summary_noisy_channel_tradeoff.mat,results/noisy_channel_tradeoffs/server_full/id/ldpc_rate/E2_0p1_Rc_0p6/points/result_n_4_awgn_ebno_p4p5.mat,4,3,6,0.1,0.6,4.5,240480,1010880,0,1010880,0.237891737891738,0,0.237891737891738,0.118945868945869,6.66666666666667,0.387744375108173,208,2021760,pilot; adaptive/event-or-cap stopping
id,ldpc_rate,results/noisy_channel_tradeoffs/server_full/id/ldpc_rate/summary_noisy_channel_tradeoff.mat,results/noisy_channel_tradeoffs/server_full/id/ldpc_rate/E2_0p1_Rc_0p6/points/result_n_4_awgn_ebno_p4p75.mat,4,3,6,0.1,0.6,4.75,240480,1010880,0,1010880,0.237891737891738,0,0.237891737891738,0.118945868945869,6.66666666666667,0.387744375108173,208,2021760,pilot; adaptive/event-or-cap stopping
id,ldpc_rate,results/noisy_channel_tradeoffs/server_full/id/ldpc_rate/summary_noisy_channel_tradeoff.mat,results/noisy_channel_tradeoffs/server_full/id/ldpc_rate/E2_0p1_Rc_0p6/points/result_n_4_awgn_ebno_p5p0.mat,4,3,6,0.1,0.6,5,240480,1010880,0,1010880,0.237891737891738,0,0.237891737891738,0.118945868945869,6.66666666666667,0.387744375108173,208,2021760,pilot; adaptive/event-or-cap stopping
id,ldpc_rate,results/noisy_channel_tradeoffs/server_full/id/ldpc_rate/summary_noisy_channel_tradeoff.mat,results/noisy_channel_tradeoffs/server_full/id/ldpc_rate/E2_0p1_Rc_0p6667/points/result_n_4_awgn_ebno_p0p0.mat,4,3,6,0.1,0.666666666666667,0,131283,540000,174952,540000,0.243116666666667,0.323985185185185,0.323985185185185,0.283550925925926,6,0.430827083453526,100,1080000,pilot; adaptive/event-or-cap stopping
id,ldpc_rate,results/noisy_channel_tradeoffs/server_full/id/ldpc_rate/summary_noisy_channel_tradeoff.mat,results/noisy_channel_tradeoffs/server_full/id/ldpc_rate/E2_0p1_Rc_0p6667/points/result_n_4_awgn_ebno_p0p25.mat,4,3,6,0.1,0.666666666666667,0.25,131150,540000,163221,540000,0.24287037037037,0.302261111111111,0.302261111111111,0.272565740740741,6,0.430827083453526,100,1080000,pilot; adaptive/event-or-cap stopping
id,ldpc_rate,results/noisy_channel_tradeoffs/server_full/id/ldpc_rate/summary_noisy_channel_tradeoff.mat,results/noisy_channel_tradeoffs/server_full/id/ldpc_rate/E2_0p1_Rc_0p6667/points/result_n_4_awgn_ebno_p0p5.mat,4,3,6,0.1,0.666666666666667,0.5,130719,540000,150465,540000,0.242072222222222,0.278638888888889,0.278638888888889,0.260355555555556,6,0.430827083453526,100,1080000,pilot; adaptive/event-or-cap stopping
id,ldpc_rate,results/noisy_channel_tradeoffs/server_full/id/ldpc_rate/summary_noisy_channel_tradeoff.mat,results/noisy_channel_tradeoffs/server_full/id/ldpc_rate/E2_0p1_Rc_0p6667/points/result_n_4_awgn_ebno_p0p75.mat,4,3,6,0.1,0.666666666666667,0.75,130532,540000,134719,540000,0.241725925925926,0.24947962962963,0.24947962962963,0.245602777777778,6,0.430827083453526,100,1080000,pilot; adaptive/event-or-cap stopping
id,ldpc_rate,results/noisy_channel_tradeoffs/server_full/id/ldpc_rate/summary_noisy_channel_tradeoff.mat,results/noisy_channel_tradeoffs/server_full/id/ldpc_rate/E2_0p1_Rc_0p6667/points/result_n_4_awgn_ebno_p1p0.mat,4,3,6,0.1,0.666666666666667,1,129742,540000,114502,540000,0.240262962962963,0.212040740740741,0.240262962962963,0.226151851851852,6,0.430827083453526,100,1080000,pilot; adaptive/event-or-cap stopping
id,ldpc_rate,results/noisy_channel_tradeoffs/server_full/id/ldpc_rate/summary_noisy_channel_tradeoff.mat,results/noisy_channel_tradeoffs/server_full/id/ldpc_rate/E2_0p1_Rc_0p6667/points/result_n_4_awgn_ebno_p1p25.mat,4,3,6,0.1,0.666666666666667,1.25,129410,540000,85525,540000,0.239648148148148,0.15837962962963,0.239648148148148,0.199013888888889,6,0.430827083453526,100,1080000,pilot; adaptive/event-or-cap stopping
id,ldpc_rate,results/noisy_channel_tradeoffs/server_full/id/ldpc_rate/summary_noisy_channel_tradeoff.mat,results/noisy_channel_tradeoffs/server_full/id/ldpc_rate/E2_0p1_Rc_0p6667/points/result_n_4_awgn_ebno_p1p5.mat,4,3,6,0.1,0.666666666666667,1.5,129115,540000,47870,540000,0.239101851851852,0.0886481481481481,0.239101851851852,0.163875,6,0.430827083453526,100,1080000,pilot; adaptive/event-or-cap stopping
id,ldpc_rate,results/noisy_channel_tradeoffs/server_full/id/ldpc_rate/summary_noisy_channel_tradeoff.mat,results/noisy_channel_tradeoffs/server_full/id/ldpc_rate/E2_0p1_Rc_0p6667/points/result_n_4_awgn_ebno_p1p75.mat,4,3,6,0.1,0.666666666666667,1.75,128304,540000,6533,540000,0.2376,0.0120981481481481,0.2376,0.124849074074074,6,0.430827083453526,100,1080000,pilot; adaptive/event-or-cap stopping
id,ldpc_rate,results/noisy_channel_tradeoffs/server_full/id/ldpc_rate/summary_noisy_channel_tradeoff.mat,results/noisy_channel_tradeoffs/server_full/id/ldpc_rate/E2_0p1_Rc_0p6667/points/result_n_4_awgn_ebno_p2p0.mat,4,3,6,0.1,0.666666666666667,2,241515,1015200,1,1015200,0.237898936170213,9.85027580772262e-07,0.237898936170213,0.118949960598897,6,0.430827083453526,188,2030400,pilot; adaptive/event-or-cap stopping
id,ldpc_rate,results/noisy_channel_tradeoffs/server_full/id/ldpc_rate/summary_noisy_channel_tradeoff.mat,results/noisy_channel_tradeoffs/server_full/id/ldpc_rate/E2_0p1_Rc_0p6667/points/result_n_4_awgn_ebno_p2p25.mat,4,3,6,0.1,0.666666666666667,2.25,241515,1015200,0,1015200,0.237898936170213,0,0.237898936170213,0.118949468085106,6,0.430827083453526,188,2030400,pilot; adaptive/event-or-cap stopping
id,ldpc_rate,results/noisy_channel_tradeoffs/server_full/id/ldpc_rate/summary_noisy_channel_tradeoff.mat,results/noisy_channel_tradeoffs/server_full/id/ldpc_rate/E2_0p1_Rc_0p6667/points/result_n_4_awgn_ebno_p2p5.mat,4,3,6,0.1,0.666666666666667,2.5,241515,1015200,0,1015200,0.237898936170213,0,0.237898936170213,0.118949468085106,6,0.430827083453526,188,2030400,pilot; adaptive/event-or-cap stopping
id,ldpc_rate,results/noisy_channel_tradeoffs/server_full/id/ldpc_rate/summary_noisy_channel_tradeoff.mat,results/noisy_channel_tradeoffs/server_full/id/ldpc_rate/E2_0p1_Rc_0p6667/points/result_n_4_awgn_ebno_p2p75.mat,4,3,6,0.1,0.666666666666667,2.75,241515,1015200,0,1015200,0.237898936170213,0,0.237898936170213,0.118949468085106,6,0.430827083453526,188,2030400,pilot; adaptive/event-or-cap stopping
id,ldpc_rate,results/noisy_channel_tradeoffs/server_full/id/ldpc_rate/summary_noisy_channel_tradeoff.mat,results/noisy_channel_tradeoffs/server_full/id/ldpc_rate/E2_0p1_Rc_0p6667/points/result_n_4_awgn_ebno_p3p0.mat,4,3,6,0.1,0.666666666666667,3,241515,1015200,0,1015200,0.237898936170213,0,0.237898936170213,0.118949468085106,6,0.430827083453526,188,2030400,pilot; adaptive/event-or-cap stopping
id,ldpc_rate,results/noisy_channel_tradeoffs/server_full/id/ldpc_rate/summary_noisy_channel_tradeoff.mat,results/noisy_channel_tradeoffs/server_full/id/ldpc_rate/E2_0p1_Rc_0p6667/points/result_n_4_awgn_ebno_p3p25.mat,4,3,6,0.1,0.666666666666667,3.25,241515,1015200,0,1015200,0.237898936170213,0,0.237898936170213,0.118949468085106,6,0.430827083453526,188,2030400,pilot; adaptive/event-or-cap stopping
id,ldpc_rate,results/noisy_channel_tradeoffs/server_full/id/ldpc_rate/summary_noisy_channel_tradeoff.mat,results/noisy_channel_tradeoffs/server_full/id/ldpc_rate/E2_0p1_Rc_0p6667/points/result_n_4_awgn_ebno_p3p5.mat,4,3,6,0.1,0.666666666666667,3.5,241515,1015200,0,1015200,0.237898936170213,0,0.237898936170213,0.118949468085106,6,0.430827083453526,188,2030400,pilot; adaptive/event-or-cap stopping
id,ldpc_rate,results/noisy_channel_tradeoffs/server_full/id/ldpc_rate/summary_noisy_channel_tradeoff.mat,results/noisy_channel_tradeoffs/server_full/id/ldpc_rate/E2_0p1_Rc_0p6667/points/result_n_4_awgn_ebno_p3p75.mat,4,3,6,0.1,0.666666666666667,3.75,241515,1015200,0,1015200,0.237898936170213,0,0.237898936170213,0.118949468085106,6,0.430827083453526,188,2030400,pilot; adaptive/event-or-cap stopping
id,ldpc_rate,results/noisy_channel_tradeoffs/server_full/id/ldpc_rate/summary_noisy_channel_tradeoff.mat,results/noisy_channel_tradeoffs/server_full/id/ldpc_rate/E2_0p1_Rc_0p6667/points/result_n_4_awgn_ebno_p4p0.mat,4,3,6,0.1,0.666666666666667,4,241515,1015200,0,1015200,0.237898936170213,0,0.237898936170213,0.118949468085106,6,0.430827083453526,188,2030400,pilot; adaptive/event-or-cap stopping
id,ldpc_rate,results/noisy_channel_tradeoffs/server_full/id/ldpc_rate/summary_noisy_channel_tradeoff.mat,results/noisy_channel_tradeoffs/server_full/id/ldpc_rate/E2_0p1_Rc_0p6667/points/result_n_4_awgn_ebno_p4p25.mat,4,3,6,0.1,0.666666666666667,4.25,241515,1015200,0,1015200,0.237898936170213,0,0.237898936170213,0.118949468085106,6,0.430827083453526,188,2030400,pilot; adaptive/event-or-cap stopping
id,ldpc_rate,results/noisy_channel_tradeoffs/server_full/id/ldpc_rate/summary_noisy_channel_tradeoff.mat,results/noisy_channel_tradeoffs/server_full/id/ldpc_rate/E2_0p1_Rc_0p6667/points/result_n_4_awgn_ebno_p4p5.mat,4,3,6,0.1,0.666666666666667,4.5,241515,1015200,0,1015200,0.237898936170213,0,0.237898936170213,0.118949468085106,6,0.430827083453526,188,2030400,pilot; adaptive/event-or-cap stopping
id,ldpc_rate,results/noisy_channel_tradeoffs/server_full/id/ldpc_rate/summary_noisy_channel_tradeoff.mat,results/noisy_channel_tradeoffs/server_full/id/ldpc_rate/E2_0p1_Rc_0p6667/points/result_n_4_awgn_ebno_p4p75.mat,4,3,6,0.1,0.666666666666667,4.75,241515,1015200,0,1015200,0.237898936170213,0,0.237898936170213,0.118949468085106,6,0.430827083453526,188,2030400,pilot; adaptive/event-or-cap stopping
id,ldpc_rate,results/noisy_channel_tradeoffs/server_full/id/ldpc_rate/summary_noisy_channel_tradeoff.mat,results/noisy_channel_tradeoffs/server_full/id/ldpc_rate/E2_0p1_Rc_0p6667/points/result_n_4_awgn_ebno_p5p0.mat,4,3,6,0.1,0.666666666666667,5,241515,1015200,0,1015200,0.237898936170213,0,0.237898936170213,0.118949468085106,6,0.430827083453526,188,2030400,pilot; adaptive/event-or-cap stopping
id,ldpc_rate,results/noisy_channel_tradeoffs/server_full/id/ldpc_rate/summary_noisy_channel_tradeoff.mat,results/noisy_channel_tradeoffs/server_full/id/ldpc_rate/E2_0p1_Rc_0p3333/points/result_n_16_awgn_ebno_p0p0.mat,16,84,672,0.1,0.333333333333333,0,261,67500,40822,67500,0.00386666666666667,0.60477037037037,0.60477037037037,0.304318518518519,48,0.195673279641224,100,135000,pilot; adaptive/event-or-cap stopping
id,ldpc_rate,results/noisy_channel_tradeoffs/server_full/id/ldpc_rate/summary_noisy_channel_tradeoff.mat,results/noisy_channel_tradeoffs/server_full/id/ldpc_rate/E2_0p1_Rc_0p3333/points/result_n_16_awgn_ebno_p0p25.mat,16,84,672,0.1,0.333333333333333,0.25,286,67500,25355,67500,0.00423703703703704,0.37562962962963,0.37562962962963,0.189933333333333,48,0.195673279641224,100,135000,pilot; adaptive/event-or-cap stopping
id,ldpc_rate,results/noisy_channel_tradeoffs/server_full/id/ldpc_rate/summary_noisy_channel_tradeoff.mat,results/noisy_channel_tradeoffs/server_full/id/ldpc_rate/E2_0p1_Rc_0p3333/points/result_n_16_awgn_ebno_p0p5.mat,16,84,672,0.1,0.333333333333333,0.5,255,67500,17410,67500,0.00377777777777778,0.257925925925926,0.257925925925926,0.130851851851852,48,0.195673279641224,100,135000,pilot; adaptive/event-or-cap stopping
id,ldpc_rate,results/noisy_channel_tradeoffs/server_full/id/ldpc_rate/summary_noisy_channel_tradeoff.mat,results/noisy_channel_tradeoffs/server_full/id/ldpc_rate/E2_0p1_Rc_0p3333/points/result_n_16_awgn_ebno_p0p75.mat,16,84,672,0.1,0.333333333333333,0.75,270,67500,10490,67500,0.004,0.155407407407407,0.155407407407407,0.0797037037037037,48,0.195673279641224,100,135000,pilot; adaptive/event-or-cap stopping
id,ldpc_rate,results/noisy_channel_tradeoffs/server_full/id/ldpc_rate/summary_noisy_channel_tradeoff.mat,results/noisy_channel_tradeoffs/server_full/id/ldpc_rate/E2_0p1_Rc_0p3333/points/result_n_16_awgn_ebno_p1p0.mat,16,84,672,0.1,0.333333333333333,1,268,67500,5419,67500,0.00397037037037037,0.0802814814814815,0.0802814814814815,0.0421259259259259,48,0.195673279641224,100,135000,pilot; adaptive/event-or-cap stopping
id,ldpc_rate,results/noisy_channel_tradeoffs/server_full/id/ldpc_rate/summary_noisy_channel_tradeoff.mat,results/noisy_channel_tradeoffs/server_full/id/ldpc_rate/E2_0p1_Rc_0p3333/points/result_n_16_awgn_ebno_p1p25.mat,16,84,672,0.1,0.333333333333333,1.25,262,67500,2626,67500,0.00388148148148148,0.0389037037037037,0.0389037037037037,0.0213925925925926,48,0.195673279641224,100,135000,pilot; adaptive/event-or-cap stopping
id,ldpc_rate,results/noisy_channel_tradeoffs/server_full/id/ldpc_rate/summary_noisy_channel_tradeoff.mat,results/noisy_channel_tradeoffs/server_full/id/ldpc_rate/E2_0p1_Rc_0p3333/points/result_n_16_awgn_ebno_p1p5.mat,16,84,672,0.1,0.333333333333333,1.5,262,67500,1058,67500,0.00388148148148148,0.0156740740740741,0.0156740740740741,0.00977777777777778,48,0.195673279641224,100,135000,pilot; adaptive/event-or-cap stopping
id,ldpc_rate,results/noisy_channel_tradeoffs/server_full/id/ldpc_rate/summary_noisy_channel_tradeoff.mat,results/noisy_channel_tradeoffs/server_full/id/ldpc_rate/E2_0p1_Rc_0p3333/points/result_n_16_awgn_ebno_p1p75.mat,16,84,672,0.1,0.333333333333333,1.75,268,67500,395,67500,0.00397037037037037,0.00585185185185185,0.00585185185185185,0.00491111111111111,48,0.195673279641224,100,135000,pilot; adaptive/event-or-cap stopping
id,ldpc_rate,results/noisy_channel_tradeoffs/server_full/id/ldpc_rate/summary_noisy_channel_tradeoff.mat,results/noisy_channel_tradeoffs/server_full/id/ldpc_rate/E2_0p1_Rc_0p3333/points/result_n_16_awgn_ebno_p2p0.mat,16,84,672,0.1,0.333333333333333,2,370,94500,206,94500,0.00391534391534392,0.00217989417989418,0.00391534391534392,0.00304761904761905,48,0.195673279641224,140,189000,pilot; adaptive/event-or-cap stopping
id,ldpc_rate,results/noisy_channel_tradeoffs/server_full/id/ldpc_rate/summary_noisy_channel_tradeoff.mat,results/noisy_channel_tradeoffs/server_full/id/ldpc_rate/E2_0p1_Rc_0p3333/points/result_n_16_awgn_ebno_p2p25.mat,16,84,672,0.1,0.333333333333333,2.25,1002,259200,200,259200,0.00386574074074074,0.000771604938271605,0.00386574074074074,0.00231867283950617,48,0.195673279641224,384,518400,pilot; adaptive/event-or-cap stopping
id,ldpc_rate,results/noisy_channel_tradeoffs/server_full/id/ldpc_rate/summary_noisy_channel_tradeoff.mat,results/noisy_channel_tradeoffs/server_full/id/ldpc_rate/E2_0p1_Rc_0p3333/points/result_n_16_awgn_ebno_p2p5.mat,16,84,672,0.1,0.333333333333333,2.5,2609,696600,200,696600,0.00374533448176859,0.000287108814240597,0.00374533448176859,0.00201622164800459,48,0.195673279641224,1032,1393200,pilot; adaptive/event-or-cap stopping
id,ldpc_rate,results/noisy_channel_tradeoffs/server_full/id/ldpc_rate/summary_noisy_channel_tradeoff.mat,results/noisy_channel_tradeoffs/server_full/id/ldpc_rate/E2_0p1_Rc_0p3333/points/result_n_16_awgn_ebno_p2p75.mat,16,84,672,0.1,0.333333333333333,2.75,3799,1001700,96,1001700,0.00379255266047719,9.58370769691524e-05,0.00379255266047719,0.00194419486872317,48,0.195673279641224,1484,2003400,pilot; adaptive/event-or-cap stopping
id,ldpc_rate,results/noisy_channel_tradeoffs/server_full/id/ldpc_rate/summary_noisy_channel_tradeoff.mat,results/noisy_channel_tradeoffs/server_full/id/ldpc_rate/E2_0p1_Rc_0p3333/points/result_n_16_awgn_ebno_p3p0.mat,16,84,672,0.1,0.333333333333333,3,3799,1001700,22,1001700,0.00379255266047719,2.19626634720974e-05,0.00379255266047719,0.00190725766197464,48,0.195673279641224,1484,2003400,pilot; adaptive/event-or-cap stopping
id,ldpc_rate,results/noisy_channel_tradeoffs/server_full/id/ldpc_rate/summary_noisy_channel_tradeoff.mat,results/noisy_channel_tradeoffs/server_full/id/ldpc_rate/E2_0p1_Rc_0p3333/points/result_n_16_awgn_ebno_p3p25.mat,16,84,672,0.1,0.333333333333333,3.25,3799,1001700,14,1001700,0.00379255266047719,1.39762403913347e-05,0.00379255266047719,0.00190326445043426,48,0.195673279641224,1484,2003400,pilot; adaptive/event-or-cap stopping
id,ldpc_rate,results/noisy_channel_tradeoffs/server_full/id/ldpc_rate/summary_noisy_channel_tradeoff.mat,results/noisy_channel_tradeoffs/server_full/id/ldpc_rate/E2_0p1_Rc_0p3333/points/result_n_16_awgn_ebno_p3p5.mat,16,84,672,0.1,0.333333333333333,3.5,3799,1001700,1,1001700,0.00379255266047719,9.98302885095338e-07,0.00379255266047719,0.00189677548168114,48,0.195673279641224,1484,2003400,pilot; adaptive/event-or-cap stopping
id,ldpc_rate,results/noisy_channel_tradeoffs/server_full/id/ldpc_rate/summary_noisy_channel_tradeoff.mat,results/noisy_channel_tradeoffs/server_full/id/ldpc_rate/E2_0p1_Rc_0p3333/points/result_n_16_awgn_ebno_p3p75.mat,16,84,672,0.1,0.333333333333333,3.75,3799,1001700,5,1001700,0.00379255266047719,4.99151442547669e-06,0.00379255266047719,0.00189877208745133,48,0.195673279641224,1484,2003400,pilot; adaptive/event-or-cap stopping
id,ldpc_rate,results/noisy_channel_tradeoffs/server_full/id/ldpc_rate/summary_noisy_channel_tradeoff.mat,results/noisy_channel_tradeoffs/server_full/id/ldpc_rate/E2_0p1_Rc_0p3333/points/result_n_16_awgn_ebno_p4p0.mat,16,84,672,0.1,0.333333333333333,4,3799,1001700,0,1001700,0.00379255266047719,0,0.00379255266047719,0.00189627633023859,48,0.195673279641224,1484,2003400,pilot; adaptive/event-or-cap stopping
id,ldpc_rate,results/noisy_channel_tradeoffs/server_full/id/ldpc_rate/summary_noisy_channel_tradeoff.mat,results/noisy_channel_tradeoffs/server_full/id/ldpc_rate/E2_0p1_Rc_0p3333/points/result_n_16_awgn_ebno_p4p25.mat,16,84,672,0.1,0.333333333333333,4.25,3799,1001700,0,1001700,0.00379255266047719,0,0.00379255266047719,0.00189627633023859,48,0.195673279641224,1484,2003400,pilot; adaptive/event-or-cap stopping
id,ldpc_rate,results/noisy_channel_tradeoffs/server_full/id/ldpc_rate/summary_noisy_channel_tradeoff.mat,results/noisy_channel_tradeoffs/server_full/id/ldpc_rate/E2_0p1_Rc_0p3333/points/result_n_16_awgn_ebno_p4p5.mat,16,84,672,0.1,0.333333333333333,4.5,3799,1001700,0,1001700,0.00379255266047719,0,0.00379255266047719,0.00189627633023859,48,0.195673279641224,1484,2003400,pilot; adaptive/event-or-cap stopping
id,ldpc_rate,results/noisy_channel_tradeoffs/server_full/id/ldpc_rate/summary_noisy_channel_tradeoff.mat,results/noisy_channel_tradeoffs/server_full/id/ldpc_rate/E2_0p1_Rc_0p3333/points/result_n_16_awgn_ebno_p4p75.mat,16,84,672,0.1,0.333333333333333,4.75,3799,1001700,0,1001700,0.00379255266047719,0,0.00379255266047719,0.00189627633023859,48,0.195673279641224,1484,2003400,pilot; adaptive/event-or-cap stopping
id,ldpc_rate,results/noisy_channel_tradeoffs/server_full/id/ldpc_rate/summary_noisy_channel_tradeoff.mat,results/noisy_channel_tradeoffs/server_full/id/ldpc_rate/E2_0p1_Rc_0p3333/points/result_n_16_awgn_ebno_p5p0.mat,16,84,672,0.1,0.333333333333333,5,3799,1001700,0,1001700,0.00379255266047719,0,0.00379255266047719,0.00189627633023859,48,0.195673279641224,1484,2003400,pilot; adaptive/event-or-cap stopping
id,ldpc_rate,results/noisy_channel_tradeoffs/server_full/id/ldpc_rate/summary_noisy_channel_tradeoff.mat,results/noisy_channel_tradeoffs/server_full/id/ldpc_rate/E2_0p1_Rc_0p4/points/result_n_16_awgn_ebno_p0p0.mat,16,84,672,0.1,0.4,0,303,81000,76480,81000,0.00374074074074074,0.944197530864198,0.944197530864198,0.473969135802469,40,0.234807935569469,100,162000,pilot; adaptive/event-or-cap stopping
id,ldpc_rate,results/noisy_channel_tradeoffs/server_full/id/ldpc_rate/summary_noisy_channel_tradeoff.mat,results/noisy_channel_tradeoffs/server_full/id/ldpc_rate/E2_0p1_Rc_0p4/points/result_n_16_awgn_ebno_p0p25.mat,16,84,672,0.1,0.4,0.25,308,81000,70970,81000,0.00380246913580247,0.876172839506173,0.876172839506173,0.439987654320988,40,0.234807935569469,100,162000,pilot; adaptive/event-or-cap stopping
id,ldpc_rate,results/noisy_channel_tradeoffs/server_full/id/ldpc_rate/summary_noisy_channel_tradeoff.mat,results/noisy_channel_tradeoffs/server_full/id/ldpc_rate/E2_0p1_Rc_0p4/points/result_n_16_awgn_ebno_p0p5.mat,16,84,672,0.1,0.4,0.5,322,81000,10674,81000,0.00397530864197531,0.131777777777778,0.131777777777778,0.0678765432098765,40,0.234807935569469,100,162000,pilot; adaptive/event-or-cap stopping
id,ldpc_rate,results/noisy_channel_tradeoffs/server_full/id/ldpc_rate/summary_noisy_channel_tradeoff.mat,results/noisy_channel_tradeoffs/server_full/id/ldpc_rate/E2_0p1_Rc_0p4/points/result_n_16_awgn_ebno_p0p75.mat,16,84,672,0.1,0.4,0.75,324,81000,4669,81000,0.004,0.057641975308642,0.057641975308642,0.030820987654321,40,0.234807935569469,100,162000,pilot; adaptive/event-or-cap stopping
id,ldpc_rate,results/noisy_channel_tradeoffs/server_full/id/ldpc_rate/summary_noisy_channel_tradeoff.mat,results/noisy_channel_tradeoffs/server_full/id/ldpc_rate/E2_0p1_Rc_0p4/points/result_n_16_awgn_ebno_p1p0.mat,16,84,672,0.1,0.4,1,320,81000,1678,81000,0.00395061728395062,0.0207160493827161,0.0207160493827161,0.0123333333333333,40,0.234807935569469,100,162000,pilot; adaptive/event-or-cap stopping
id,ldpc_rate,results/noisy_channel_tradeoffs/server_full/id/ldpc_rate/summary_noisy_channel_tradeoff.mat,results/noisy_channel_tradeoffs/server_full/id/ldpc_rate/E2_0p1_Rc_0p4/points/result_n_16_awgn_ebno_p1p25.mat,16,84,672,0.1,0.4,1.25,318,81000,558,81000,0.00392592592592593,0.00688888888888889,0.00688888888888889,0.00540740740740741,40,0.234807935569469,100,162000,pilot; adaptive/event-or-cap stopping
id,ldpc_rate,results/noisy_channel_tradeoffs/server_full/id/ldpc_rate/summary_noisy_channel_tradeoff.mat,results/noisy_channel_tradeoffs/server_full/id/ldpc_rate/E2_0p1_Rc_0p4/points/result_n_16_awgn_ebno_p1p5.mat,16,84,672,0.1,0.4,1.5,390,100440,200,100440,0.00388291517323775,0.00199123855037834,0.00388291517323775,0.00293707686180804,40,0.234807935569469,124,200880,pilot; adaptive/event-or-cap stopping
id,ldpc_rate,results/noisy_channel_tradeoffs/server_full/id/ldpc_rate/summary_noisy_channel_tradeoff.mat,results/noisy_channel_tradeoffs/server_full/id/ldpc_rate/E2_0p1_Rc_0p4/points/result_n_16_awgn_ebno_p1p75.mat,16,84,672,0.1,0.4,1.75,1173,304560,201,304560,0.00385145784081954,0.000659968479117415,0.00385145784081954,0.00225571315996848,40,0.234807935569469,376,609120,pilot; adaptive/event-or-cap stopping
id,ldpc_rate,results/noisy_channel_tradeoffs/server_full/id/ldpc_rate/summary_noisy_channel_tradeoff.mat,results/noisy_channel_tradeoffs/server_full/id/ldpc_rate/E2_0p1_Rc_0p4/points/result_n_16_awgn_ebno_p2p0.mat,16,84,672,0.1,0.4,2,3796,1001160,196,1001160,0.0037916017419793,0.000195772903432019,0.0037916017419793,0.00199368732270566,40,0.234807935569469,1236,2002320,pilot; adaptive/event-or-cap stopping
id,ldpc_rate,results/noisy_channel_tradeoffs/server_full/id/ldpc_rate/summary_noisy_channel_tradeoff.mat,results/noisy_channel_tradeoffs/server_full/id/ldpc_rate/E2_0p1_Rc_0p4/points/result_n_16_awgn_ebno_p2p25.mat,16,84,672,0.1,0.4,2.25,3797,1001160,57,1001160,0.00379260058332335,5.6933956610332e-05,0.00379260058332335,0.00192476726996684,40,0.234807935569469,1236,2002320,pilot; adaptive/event-or-cap stopping
id,ldpc_rate,results/noisy_channel_tradeoffs/server_full/id/ldpc_rate/summary_noisy_channel_tradeoff.mat,results/noisy_channel_tradeoffs/server_full/id/ldpc_rate/E2_0p1_Rc_0p4/points/result_n_16_awgn_ebno_p2p5.mat,16,84,672,0.1,0.4,2.5,3797,1001160,25,1001160,0.00379260058332335,2.49710336010228e-05,0.00379260058332335,0.00190878580846218,40,0.234807935569469,1236,2002320,pilot; adaptive/event-or-cap stopping
id,ldpc_rate,results/noisy_channel_tradeoffs/server_full/id/ldpc_rate/summary_noisy_channel_tradeoff.mat,results/noisy_channel_tradeoffs/server_full/id/ldpc_rate/E2_0p1_Rc_0p4/points/result_n_16_awgn_ebno_p2p75.mat,16,84,672,0.1,0.4,2.75,3797,1001160,7,1001160,0.00379260058332335,6.99188940828639e-06,0.00379260058332335,0.00189979623636582,40,0.234807935569469,1236,2002320,pilot; adaptive/event-or-cap stopping
id,ldpc_rate,results/noisy_channel_tradeoffs/server_full/id/ldpc_rate/summary_noisy_channel_tradeoff.mat,results/noisy_channel_tradeoffs/server_full/id/ldpc_rate/E2_0p1_Rc_0p4/points/result_n_16_awgn_ebno_p3p0.mat,16,84,672,0.1,0.4,3,3797,1001160,2,1001160,0.00379260058332335,1.99768268808182e-06,0.00379260058332335,0.00189729913300571,40,0.234807935569469,1236,2002320,pilot; adaptive/event-or-cap stopping
id,ldpc_rate,results/noisy_channel_tradeoffs/server_full/id/ldpc_rate/summary_noisy_channel_tradeoff.mat,results/noisy_channel_tradeoffs/server_full/id/ldpc_rate/E2_0p1_Rc_0p4/points/result_n_16_awgn_ebno_p3p25.mat,16,84,672,0.1,0.4,3.25,3797,1001160,1,1001160,0.00379260058332335,9.98841344040912e-07,0.00379260058332335,0.00189679971233369,40,0.234807935569469,1236,2002320,pilot; adaptive/event-or-cap stopping
id,ldpc_rate,results/noisy_channel_tradeoffs/server_full/id/ldpc_rate/summary_noisy_channel_tradeoff.mat,results/noisy_channel_tradeoffs/server_full/id/ldpc_rate/E2_0p1_Rc_0p4/points/result_n_16_awgn_ebno_p3p5.mat,16,84,672,0.1,0.4,3.5,3797,1001160,0,1001160,0.00379260058332335,0,0.00379260058332335,0.00189630029166167,40,0.234807935569469,1236,2002320,pilot; adaptive/event-or-cap stopping
id,ldpc_rate,results/noisy_channel_tradeoffs/server_full/id/ldpc_rate/summary_noisy_channel_tradeoff.mat,results/noisy_channel_tradeoffs/server_full/id/ldpc_rate/E2_0p1_Rc_0p4/points/result_n_16_awgn_ebno_p3p75.mat,16,84,672,0.1,0.4,3.75,3797,1001160,0,1001160,0.00379260058332335,0,0.00379260058332335,0.00189630029166167,40,0.234807935569469,1236,2002320,pilot; adaptive/event-or-cap stopping
id,ldpc_rate,results/noisy_channel_tradeoffs/server_full/id/ldpc_rate/summary_noisy_channel_tradeoff.mat,results/noisy_channel_tradeoffs/server_full/id/ldpc_rate/E2_0p1_Rc_0p4/points/result_n_16_awgn_ebno_p4p0.mat,16,84,672,0.1,0.4,4,3797,1001160,0,1001160,0.00379260058332335,0,0.00379260058332335,0.00189630029166167,40,0.234807935569469,1236,2002320,pilot; adaptive/event-or-cap stopping
id,ldpc_rate,results/noisy_channel_tradeoffs/server_full/id/ldpc_rate/summary_noisy_channel_tradeoff.mat,results/noisy_channel_tradeoffs/server_full/id/ldpc_rate/E2_0p1_Rc_0p4/points/result_n_16_awgn_ebno_p4p25.mat,16,84,672,0.1,0.4,4.25,3797,1001160,0,1001160,0.00379260058332335,0,0.00379260058332335,0.00189630029166167,40,0.234807935569469,1236,2002320,pilot; adaptive/event-or-cap stopping
id,ldpc_rate,results/noisy_channel_tradeoffs/server_full/id/ldpc_rate/summary_noisy_channel_tradeoff.mat,results/noisy_channel_tradeoffs/server_full/id/ldpc_rate/E2_0p1_Rc_0p4/points/result_n_16_awgn_ebno_p4p5.mat,16,84,672,0.1,0.4,4.5,3797,1001160,0,1001160,0.00379260058332335,0,0.00379260058332335,0.00189630029166167,40,0.234807935569469,1236,2002320,pilot; adaptive/event-or-cap stopping
id,ldpc_rate,results/noisy_channel_tradeoffs/server_full/id/ldpc_rate/summary_noisy_channel_tradeoff.mat,results/noisy_channel_tradeoffs/server_full/id/ldpc_rate/E2_0p1_Rc_0p4/points/result_n_16_awgn_ebno_p4p75.mat,16,84,672,0.1,0.4,4.75,3797,1001160,0,1001160,0.00379260058332335,0,0.00379260058332335,0.00189630029166167,40,0.234807935569469,1236,2002320,pilot; adaptive/event-or-cap stopping
id,ldpc_rate,results/noisy_channel_tradeoffs/server_full/id/ldpc_rate/summary_noisy_channel_tradeoff.mat,results/noisy_channel_tradeoffs/server_full/id/ldpc_rate/E2_0p1_Rc_0p4/points/result_n_16_awgn_ebno_p5p0.mat,16,84,672,0.1,0.4,5,3797,1001160,0,1001160,0.00379260058332335,0,0.00379260058332335,0.00189630029166167,40,0.234807935569469,1236,2002320,pilot; adaptive/event-or-cap stopping
id,ldpc_rate,results/noisy_channel_tradeoffs/server_full/id/ldpc_rate/summary_noisy_channel_tradeoff.mat,results/noisy_channel_tradeoffs/server_full/id/ldpc_rate/E2_0p1_Rc_0p5/points/result_n_16_awgn_ebno_p0p0.mat,16,84,672,0.1,0.5,0,385,101250,93722,101250,0.00380246913580247,0.925649382716049,0.925649382716049,0.464725925925926,32,0.293509919461836,100,202500,pilot; adaptive/event-or-cap stopping
id,ldpc_rate,results/noisy_channel_tradeoffs/server_full/id/ldpc_rate/summary_noisy_channel_tradeoff.mat,results/noisy_channel_tradeoffs/server_full/id/ldpc_rate/E2_0p1_Rc_0p5/points/result_n_16_awgn_ebno_p0p25.mat,16,84,672,0.1,0.5,0.25,396,101250,91432,101250,0.00391111111111111,0.903032098765432,0.903032098765432,0.453471604938272,32,0.293509919461836,100,202500,pilot; adaptive/event-or-cap stopping
id,ldpc_rate,results/noisy_channel_tradeoffs/server_full/id/ldpc_rate/summary_noisy_channel_tradeoff.mat,results/noisy_channel_tradeoffs/server_full/id/ldpc_rate/E2_0p1_Rc_0p5/points/result_n_16_awgn_ebno_p0p5.mat,16,84,672,0.1,0.5,0.5,383,101250,86978,101250,0.00378271604938272,0.859041975308642,0.859041975308642,0.431412345679012,32,0.293509919461836,100,202500,pilot; adaptive/event-or-cap stopping
id,ldpc_rate,results/noisy_channel_tradeoffs/server_full/id/ldpc_rate/summary_noisy_channel_tradeoff.mat,results/noisy_channel_tradeoffs/server_full/id/ldpc_rate/E2_0p1_Rc_0p5/points/result_n_16_awgn_ebno_p0p75.mat,16,84,672,0.1,0.5,0.75,402,101250,60490,101250,0.00397037037037037,0.597432098765432,0.597432098765432,0.300701234567901,32,0.293509919461836,100,202500,pilot; adaptive/event-or-cap stopping
id,ldpc_rate,results/noisy_channel_tradeoffs/server_full/id/ldpc_rate/summary_noisy_channel_tradeoff.mat,results/noisy_channel_tradeoffs/server_full/id/ldpc_rate/E2_0p1_Rc_0p5/points/result_n_16_awgn_ebno_p1p0.mat,16,84,672,0.1,0.5,1,389,101250,204,101250,0.00384197530864198,0.00201481481481481,0.00384197530864198,0.0029283950617284,32,0.293509919461836,100,202500,pilot; adaptive/event-or-cap stopping
id,ldpc_rate,results/noisy_channel_tradeoffs/server_full/id/ldpc_rate/summary_noisy_channel_tradeoff.mat,results/noisy_channel_tradeoffs/server_full/id/ldpc_rate/E2_0p1_Rc_0p5/points/result_n_16_awgn_ebno_p1p25.mat,16,84,672,0.1,0.5,1.25,2310,615600,201,615600,0.00375243664717349,0.000326510721247563,0.00375243664717349,0.00203947368421053,32,0.293509919461836,608,1231200,pilot; adaptive/event-or-cap stopping
id,ldpc_rate,results/noisy_channel_tradeoffs/server_full/id/ldpc_rate/summary_noisy_channel_tradeoff.mat,results/noisy_channel_tradeoffs/server_full/id/ldpc_rate/E2_0p1_Rc_0p5/points/result_n_16_awgn_ebno_p1p5.mat,16,84,672,0.1,0.5,1.5,3795,1000350,78,1000350,0.00379367221472485,7.79727095516569e-05,0.00379367221472485,0.00193582246213825,32,0.293509919461836,988,2000700,pilot; adaptive/event-or-cap stopping
id,ldpc_rate,results/noisy_channel_tradeoffs/server_full/id/ldpc_rate/summary_noisy_channel_tradeoff.mat,results/noisy_channel_tradeoffs/server_full/id/ldpc_rate/E2_0p1_Rc_0p5/points/result_n_16_awgn_ebno_p1p75.mat,16,84,672,0.1,0.5,1.75,3795,1000350,16,1000350,0.00379367221472485,1.59944019593142e-05,0.00379367221472485,0.00190483330834208,32,0.293509919461836,988,2000700,pilot; adaptive/event-or-cap stopping
id,ldpc_rate,results/noisy_channel_tradeoffs/server_full/id/ldpc_rate/summary_noisy_channel_tradeoff.mat,results/noisy_channel_tradeoffs/server_full/id/ldpc_rate/E2_0p1_Rc_0p5/points/result_n_16_awgn_ebno_p2p0.mat,16,84,672,0.1,0.5,2,3795,1000350,5,1000350,0.00379367221472485,4.9982506122857e-06,0.00379367221472485,0.00189933523266857,32,0.293509919461836,988,2000700,pilot; adaptive/event-or-cap stopping
id,ldpc_rate,results/noisy_channel_tradeoffs/server_full/id/ldpc_rate/summary_noisy_channel_tradeoff.mat,results/noisy_channel_tradeoffs/server_full/id/ldpc_rate/E2_0p1_Rc_0p5/points/result_n_16_awgn_ebno_p2p25.mat,16,84,672,0.1,0.5,2.25,3795,1000350,2,1000350,0.00379367221472485,1.99930024491428e-06,0.00379367221472485,0.00189783575748488,32,0.293509919461836,988,2000700,pilot; adaptive/event-or-cap stopping
id,ldpc_rate,results/noisy_channel_tradeoffs/server_full/id/ldpc_rate/summary_noisy_channel_tradeoff.mat,results/noisy_channel_tradeoffs/server_full/id/ldpc_rate/E2_0p1_Rc_0p5/points/result_n_16_awgn_ebno_p2p5.mat,16,84,672,0.1,0.5,2.5,3795,1000350,0,1000350,0.00379367221472485,0,0.00379367221472485,0.00189683610736242,32,0.293509919461836,988,2000700,pilot; adaptive/event-or-cap stopping
id,ldpc_rate,results/noisy_channel_tradeoffs/server_full/id/ldpc_rate/summary_noisy_channel_tradeoff.mat,results/noisy_channel_tradeoffs/server_full/id/ldpc_rate/E2_0p1_Rc_0p5/points/result_n_16_awgn_ebno_p2p75.mat,16,84,672,0.1,0.5,2.75,3795,1000350,0,1000350,0.00379367221472485,0,0.00379367221472485,0.00189683610736242,32,0.293509919461836,988,2000700,pilot; adaptive/event-or-cap stopping
id,ldpc_rate,results/noisy_channel_tradeoffs/server_full/id/ldpc_rate/summary_noisy_channel_tradeoff.mat,results/noisy_channel_tradeoffs/server_full/id/ldpc_rate/E2_0p1_Rc_0p5/points/result_n_16_awgn_ebno_p3p0.mat,16,84,672,0.1,0.5,3,3795,1000350,0,1000350,0.00379367221472485,0,0.00379367221472485,0.00189683610736242,32,0.293509919461836,988,2000700,pilot; adaptive/event-or-cap stopping
id,ldpc_rate,results/noisy_channel_tradeoffs/server_full/id/ldpc_rate/summary_noisy_channel_tradeoff.mat,results/noisy_channel_tradeoffs/server_full/id/ldpc_rate/E2_0p1_Rc_0p5/points/result_n_16_awgn_ebno_p3p25.mat,16,84,672,0.1,0.5,3.25,3795,1000350,0,1000350,0.00379367221472485,0,0.00379367221472485,0.00189683610736242,32,0.293509919461836,988,2000700,pilot; adaptive/event-or-cap stopping
id,ldpc_rate,results/noisy_channel_tradeoffs/server_full/id/ldpc_rate/summary_noisy_channel_tradeoff.mat,results/noisy_channel_tradeoffs/server_full/id/ldpc_rate/E2_0p1_Rc_0p5/points/result_n_16_awgn_ebno_p3p5.mat,16,84,672,0.1,0.5,3.5,3795,1000350,0,1000350,0.00379367221472485,0,0.00379367221472485,0.00189683610736242,32,0.293509919461836,988,2000700,pilot; adaptive/event-or-cap stopping
id,ldpc_rate,results/noisy_channel_tradeoffs/server_full/id/ldpc_rate/summary_noisy_channel_tradeoff.mat,results/noisy_channel_tradeoffs/server_full/id/ldpc_rate/E2_0p1_Rc_0p5/points/result_n_16_awgn_ebno_p3p75.mat,16,84,672,0.1,0.5,3.75,3795,1000350,0,1000350,0.00379367221472485,0,0.00379367221472485,0.00189683610736242,32,0.293509919461836,988,2000700,pilot; adaptive/event-or-cap stopping
id,ldpc_rate,results/noisy_channel_tradeoffs/server_full/id/ldpc_rate/summary_noisy_channel_tradeoff.mat,results/noisy_channel_tradeoffs/server_full/id/ldpc_rate/E2_0p1_Rc_0p5/points/result_n_16_awgn_ebno_p4p0.mat,16,84,672,0.1,0.5,4,3795,1000350,0,1000350,0.00379367221472485,0,0.00379367221472485,0.00189683610736242,32,0.293509919461836,988,2000700,pilot; adaptive/event-or-cap stopping
id,ldpc_rate,results/noisy_channel_tradeoffs/server_full/id/ldpc_rate/summary_noisy_channel_tradeoff.mat,results/noisy_channel_tradeoffs/server_full/id/ldpc_rate/E2_0p1_Rc_0p5/points/result_n_16_awgn_ebno_p4p25.mat,16,84,672,0.1,0.5,4.25,3795,1000350,0,1000350,0.00379367221472485,0,0.00379367221472485,0.00189683610736242,32,0.293509919461836,988,2000700,pilot; adaptive/event-or-cap stopping
id,ldpc_rate,results/noisy_channel_tradeoffs/server_full/id/ldpc_rate/summary_noisy_channel_tradeoff.mat,results/noisy_channel_tradeoffs/server_full/id/ldpc_rate/E2_0p1_Rc_0p5/points/result_n_16_awgn_ebno_p4p5.mat,16,84,672,0.1,0.5,4.5,3795,1000350,0,1000350,0.00379367221472485,0,0.00379367221472485,0.00189683610736242,32,0.293509919461836,988,2000700,pilot; adaptive/event-or-cap stopping
id,ldpc_rate,results/noisy_channel_tradeoffs/server_full/id/ldpc_rate/summary_noisy_channel_tradeoff.mat,results/noisy_channel_tradeoffs/server_full/id/ldpc_rate/E2_0p1_Rc_0p5/points/result_n_16_awgn_ebno_p4p75.mat,16,84,672,0.1,0.5,4.75,3795,1000350,0,1000350,0.00379367221472485,0,0.00379367221472485,0.00189683610736242,32,0.293509919461836,988,2000700,pilot; adaptive/event-or-cap stopping
id,ldpc_rate,results/noisy_channel_tradeoffs/server_full/id/ldpc_rate/summary_noisy_channel_tradeoff.mat,results/noisy_channel_tradeoffs/server_full/id/ldpc_rate/E2_0p1_Rc_0p5/points/result_n_16_awgn_ebno_p5p0.mat,16,84,672,0.1,0.5,5,3795,1000350,0,1000350,0.00379367221472485,0,0.00379367221472485,0.00189683610736242,32,0.293509919461836,988,2000700,pilot; adaptive/event-or-cap stopping
id,ldpc_rate,results/noisy_channel_tradeoffs/server_full/id/ldpc_rate/summary_noisy_channel_tradeoff.mat,results/noisy_channel_tradeoffs/server_full/id/ldpc_rate/E2_0p1_Rc_0p6/points/result_n_16_awgn_ebno_p0p0.mat,16,84,672,0.1,0.6,0,479,121500,112656,121500,0.00394238683127572,0.92720987654321,0.92720987654321,0.465576131687243,26.6666666666667,0.352211903354203,100,243000,pilot; adaptive/event-or-cap stopping
id,ldpc_rate,results/noisy_channel_tradeoffs/server_full/id/ldpc_rate/summary_noisy_channel_tradeoff.mat,results/noisy_channel_tradeoffs/server_full/id/ldpc_rate/E2_0p1_Rc_0p6/points/result_n_16_awgn_ebno_p0p25.mat,16,84,672,0.1,0.6,0.25,452,121500,111157,121500,0.0037201646090535,0.914872427983539,0.914872427983539,0.459296296296296,26.6666666666667,0.352211903354203,100,243000,pilot; adaptive/event-or-cap stopping
id,ldpc_rate,results/noisy_channel_tradeoffs/server_full/id/ldpc_rate/summary_noisy_channel_tradeoff.mat,results/noisy_channel_tradeoffs/server_full/id/ldpc_rate/E2_0p1_Rc_0p6/points/result_n_16_awgn_ebno_p0p5.mat,16,84,672,0.1,0.6,0.5,460,121500,109514,121500,0.00378600823045267,0.901349794238683,0.901349794238683,0.452567901234568,26.6666666666667,0.352211903354203,100,243000,pilot; adaptive/event-or-cap stopping
id,ldpc_rate,results/noisy_channel_tradeoffs/server_full/id/ldpc_rate/summary_noisy_channel_tradeoff.mat,results/noisy_channel_tradeoffs/server_full/id/ldpc_rate/E2_0p1_Rc_0p6/points/result_n_16_awgn_ebno_p0p75.mat,16,84,672,0.1,0.6,0.75,503,121500,107366,121500,0.00413991769547325,0.883670781893004,0.883670781893004,0.443905349794239,26.6666666666667,0.352211903354203,100,243000,pilot; adaptive/event-or-cap stopping
id,ldpc_rate,results/noisy_channel_tradeoffs/server_full/id/ldpc_rate/summary_noisy_channel_tradeoff.mat,results/noisy_channel_tradeoffs/server_full/id/ldpc_rate/E2_0p1_Rc_0p6/points/result_n_16_awgn_ebno_p1p0.mat,16,84,672,0.1,0.6,1,517,121500,104641,121500,0.00425514403292181,0.861242798353909,0.861242798353909,0.432748971193416,26.6666666666667,0.352211903354203,100,243000,pilot; adaptive/event-or-cap stopping
id,ldpc_rate,results/noisy_channel_tradeoffs/server_full/id/ldpc_rate/summary_noisy_channel_tradeoff.mat,results/noisy_channel_tradeoffs/server_full/id/ldpc_rate/E2_0p1_Rc_0p6/points/result_n_16_awgn_ebno_p1p25.mat,16,84,672,0.1,0.6,1.25,447,121500,100448,121500,0.00367901234567901,0.826732510288066,0.826732510288066,0.415205761316872,26.6666666666667,0.352211903354203,100,243000,pilot; adaptive/event-or-cap stopping
id,ldpc_rate,results/noisy_channel_tradeoffs/server_full/id/ldpc_rate/summary_noisy_channel_tradeoff.mat,results/noisy_channel_tradeoffs/server_full/id/ldpc_rate/E2_0p1_Rc_0p6/points/result_n_16_awgn_ebno_p1p5.mat,16,84,672,0.1,0.6,1.5,457,121500,5722,121500,0.00376131687242798,0.0470946502057613,0.0470946502057613,0.0254279835390946,26.6666666666667,0.352211903354203,100,243000,pilot; adaptive/event-or-cap stopping
id,ldpc_rate,results/noisy_channel_tradeoffs/server_full/id/ldpc_rate/summary_noisy_channel_tradeoff.mat,results/noisy_channel_tradeoffs/server_full/id/ldpc_rate/E2_0p1_Rc_0p6/points/result_n_16_awgn_ebno_p1p75.mat,16,84,672,0.1,0.6,1.75,3797,1001160,1,1001160,0.00379260058332335,9.98841344040912e-07,0.00379260058332335,0.00189679971233369,26.6666666666667,0.352211903354203,824,2002320,pilot; adaptive/event-or-cap stopping
id,ldpc_rate,results/noisy_channel_tradeoffs/server_full/id/ldpc_rate/summary_noisy_channel_tradeoff.mat,results/noisy_channel_tradeoffs/server_full/id/ldpc_rate/E2_0p1_Rc_0p6/points/result_n_16_awgn_ebno_p2p0.mat,16,84,672,0.1,0.6,2,3797,1001160,0,1001160,0.00379260058332335,0,0.00379260058332335,0.00189630029166167,26.6666666666667,0.352211903354203,824,2002320,pilot; adaptive/event-or-cap stopping
id,ldpc_rate,results/noisy_channel_tradeoffs/server_full/id/ldpc_rate/summary_noisy_channel_tradeoff.mat,results/noisy_channel_tradeoffs/server_full/id/ldpc_rate/E2_0p1_Rc_0p6/points/result_n_16_awgn_ebno_p2p25.mat,16,84,672,0.1,0.6,2.25,3797,1001160,0,1001160,0.00379260058332335,0,0.00379260058332335,0.00189630029166167,26.6666666666667,0.352211903354203,824,2002320,pilot; adaptive/event-or-cap stopping
id,ldpc_rate,results/noisy_channel_tradeoffs/server_full/id/ldpc_rate/summary_noisy_channel_tradeoff.mat,results/noisy_channel_tradeoffs/server_full/id/ldpc_rate/E2_0p1_Rc_0p6/points/result_n_16_awgn_ebno_p2p5.mat,16,84,672,0.1,0.6,2.5,3797,1001160,0,1001160,0.00379260058332335,0,0.00379260058332335,0.00189630029166167,26.6666666666667,0.352211903354203,824,2002320,pilot; adaptive/event-or-cap stopping
id,ldpc_rate,results/noisy_channel_tradeoffs/server_full/id/ldpc_rate/summary_noisy_channel_tradeoff.mat,results/noisy_channel_tradeoffs/server_full/id/ldpc_rate/E2_0p1_Rc_0p6/points/result_n_16_awgn_ebno_p2p75.mat,16,84,672,0.1,0.6,2.75,3797,1001160,0,1001160,0.00379260058332335,0,0.00379260058332335,0.00189630029166167,26.6666666666667,0.352211903354203,824,2002320,pilot; adaptive/event-or-cap stopping
id,ldpc_rate,results/noisy_channel_tradeoffs/server_full/id/ldpc_rate/summary_noisy_channel_tradeoff.mat,results/noisy_channel_tradeoffs/server_full/id/ldpc_rate/E2_0p1_Rc_0p6/points/result_n_16_awgn_ebno_p3p0.mat,16,84,672,0.1,0.6,3,3797,1001160,0,1001160,0.00379260058332335,0,0.00379260058332335,0.00189630029166167,26.6666666666667,0.352211903354203,824,2002320,pilot; adaptive/event-or-cap stopping
id,ldpc_rate,results/noisy_channel_tradeoffs/server_full/id/ldpc_rate/summary_noisy_channel_tradeoff.mat,results/noisy_channel_tradeoffs/server_full/id/ldpc_rate/E2_0p1_Rc_0p6/points/result_n_16_awgn_ebno_p3p25.mat,16,84,672,0.1,0.6,3.25,3797,1001160,0,1001160,0.00379260058332335,0,0.00379260058332335,0.00189630029166167,26.6666666666667,0.352211903354203,824,2002320,pilot; adaptive/event-or-cap stopping
id,ldpc_rate,results/noisy_channel_tradeoffs/server_full/id/ldpc_rate/summary_noisy_channel_tradeoff.mat,results/noisy_channel_tradeoffs/server_full/id/ldpc_rate/E2_0p1_Rc_0p6/points/result_n_16_awgn_ebno_p3p5.mat,16,84,672,0.1,0.6,3.5,3797,1001160,0,1001160,0.00379260058332335,0,0.00379260058332335,0.00189630029166167,26.6666666666667,0.352211903354203,824,2002320,pilot; adaptive/event-or-cap stopping
id,ldpc_rate,results/noisy_channel_tradeoffs/server_full/id/ldpc_rate/summary_noisy_channel_tradeoff.mat,results/noisy_channel_tradeoffs/server_full/id/ldpc_rate/E2_0p1_Rc_0p6/points/result_n_16_awgn_ebno_p3p75.mat,16,84,672,0.1,0.6,3.75,3797,1001160,0,1001160,0.00379260058332335,0,0.00379260058332335,0.00189630029166167,26.6666666666667,0.352211903354203,824,2002320,pilot; adaptive/event-or-cap stopping
id,ldpc_rate,results/noisy_channel_tradeoffs/server_full/id/ldpc_rate/summary_noisy_channel_tradeoff.mat,results/noisy_channel_tradeoffs/server_full/id/ldpc_rate/E2_0p1_Rc_0p6/points/result_n_16_awgn_ebno_p4p0.mat,16,84,672,0.1,0.6,4,3797,1001160,0,1001160,0.00379260058332335,0,0.00379260058332335,0.00189630029166167,26.6666666666667,0.352211903354203,824,2002320,pilot; adaptive/event-or-cap stopping
id,ldpc_rate,results/noisy_channel_tradeoffs/server_full/id/ldpc_rate/summary_noisy_channel_tradeoff.mat,results/noisy_channel_tradeoffs/server_full/id/ldpc_rate/E2_0p1_Rc_0p6/points/result_n_16_awgn_ebno_p4p25.mat,16,84,672,0.1,0.6,4.25,3797,1001160,0,1001160,0.00379260058332335,0,0.00379260058332335,0.00189630029166167,26.6666666666667,0.352211903354203,824,2002320,pilot; adaptive/event-or-cap stopping
id,ldpc_rate,results/noisy_channel_tradeoffs/server_full/id/ldpc_rate/summary_noisy_channel_tradeoff.mat,results/noisy_channel_tradeoffs/server_full/id/ldpc_rate/E2_0p1_Rc_0p6/points/result_n_16_awgn_ebno_p4p5.mat,16,84,672,0.1,0.6,4.5,3797,1001160,0,1001160,0.00379260058332335,0,0.00379260058332335,0.00189630029166167,26.6666666666667,0.352211903354203,824,2002320,pilot; adaptive/event-or-cap stopping
id,ldpc_rate,results/noisy_channel_tradeoffs/server_full/id/ldpc_rate/summary_noisy_channel_tradeoff.mat,results/noisy_channel_tradeoffs/server_full/id/ldpc_rate/E2_0p1_Rc_0p6/points/result_n_16_awgn_ebno_p4p75.mat,16,84,672,0.1,0.6,4.75,3797,1001160,0,1001160,0.00379260058332335,0,0.00379260058332335,0.00189630029166167,26.6666666666667,0.352211903354203,824,2002320,pilot; adaptive/event-or-cap stopping
id,ldpc_rate,results/noisy_channel_tradeoffs/server_full/id/ldpc_rate/summary_noisy_channel_tradeoff.mat,results/noisy_channel_tradeoffs/server_full/id/ldpc_rate/E2_0p1_Rc_0p6/points/result_n_16_awgn_ebno_p5p0.mat,16,84,672,0.1,0.6,5,3797,1001160,0,1001160,0.00379260058332335,0,0.00379260058332335,0.00189630029166167,26.6666666666667,0.352211903354203,824,2002320,pilot; adaptive/event-or-cap stopping
id,ldpc_rate,results/noisy_channel_tradeoffs/server_full/id/ldpc_rate/summary_noisy_channel_tradeoff.mat,results/noisy_channel_tradeoffs/server_full/id/ldpc_rate/E2_0p1_Rc_0p6667/points/result_n_16_awgn_ebno_p0p0.mat,16,84,672,0.1,0.666666666666667,0,493,135000,119532,135000,0.00365185185185185,0.885422222222222,0.885422222222222,0.444537037037037,24,0.391346559282448,100,270000,pilot; adaptive/event-or-cap stopping
id,ldpc_rate,results/noisy_channel_tradeoffs/server_full/id/ldpc_rate/summary_noisy_channel_tradeoff.mat,results/noisy_channel_tradeoffs/server_full/id/ldpc_rate/E2_0p1_Rc_0p6667/points/result_n_16_awgn_ebno_p0p25.mat,16,84,672,0.1,0.666666666666667,0.25,530,135000,116625,135000,0.00392592592592593,0.863888888888889,0.863888888888889,0.433907407407407,24,0.391346559282448,100,270000,pilot; adaptive/event-or-cap stopping
id,ldpc_rate,results/noisy_channel_tradeoffs/server_full/id/ldpc_rate/summary_noisy_channel_tradeoff.mat,results/noisy_channel_tradeoffs/server_full/id/ldpc_rate/E2_0p1_Rc_0p6667/points/result_n_16_awgn_ebno_p0p5.mat,16,84,672,0.1,0.666666666666667,0.5,522,135000,112209,135000,0.00386666666666667,0.831177777777778,0.831177777777778,0.417522222222222,24,0.391346559282448,100,270000,pilot; adaptive/event-or-cap stopping
id,ldpc_rate,results/noisy_channel_tradeoffs/server_full/id/ldpc_rate/summary_noisy_channel_tradeoff.mat,results/noisy_channel_tradeoffs/server_full/id/ldpc_rate/E2_0p1_Rc_0p6667/points/result_n_16_awgn_ebno_p0p75.mat,16,84,672,0.1,0.666666666666667,0.75,490,135000,106866,135000,0.00362962962962963,0.7916,0.7916,0.397614814814815,24,0.391346559282448,100,270000,pilot; adaptive/event-or-cap stopping
id,ldpc_rate,results/noisy_channel_tradeoffs/server_full/id/ldpc_rate/summary_noisy_channel_tradeoff.mat,results/noisy_channel_tradeoffs/server_full/id/ldpc_rate/E2_0p1_Rc_0p6667/points/result_n_16_awgn_ebno_p1p0.mat,16,84,672,0.1,0.666666666666667,1,565,135000,98104,135000,0.00418518518518519,0.726696296296296,0.726696296296296,0.365440740740741,24,0.391346559282448,100,270000,pilot; adaptive/event-or-cap stopping
id,ldpc_rate,results/noisy_channel_tradeoffs/server_full/id/ldpc_rate/summary_noisy_channel_tradeoff.mat,results/noisy_channel_tradeoffs/server_full/id/ldpc_rate/E2_0p1_Rc_0p6667/points/result_n_16_awgn_ebno_p1p25.mat,16,84,672,0.1,0.666666666666667,1.25,519,135000,81309,135000,0.00384444444444444,0.602288888888889,0.602288888888889,0.303066666666667,24,0.391346559282448,100,270000,pilot; adaptive/event-or-cap stopping
id,ldpc_rate,results/noisy_channel_tradeoffs/server_full/id/ldpc_rate/summary_noisy_channel_tradeoff.mat,results/noisy_channel_tradeoffs/server_full/id/ldpc_rate/E2_0p1_Rc_0p6667/points/result_n_16_awgn_ebno_p1p5.mat,16,84,672,0.1,0.666666666666667,1.5,516,135000,54044,135000,0.00382222222222222,0.400325925925926,0.400325925925926,0.202074074074074,24,0.391346559282448,100,270000,pilot; adaptive/event-or-cap stopping
id,ldpc_rate,results/noisy_channel_tradeoffs/server_full/id/ldpc_rate/summary_noisy_channel_tradeoff.mat,results/noisy_channel_tradeoffs/server_full/id/ldpc_rate/E2_0p1_Rc_0p6667/points/result_n_16_awgn_ebno_p1p75.mat,16,84,672,0.1,0.666666666666667,1.75,522,135000,6432,135000,0.00386666666666667,0.0476444444444444,0.0476444444444444,0.0257555555555556,24,0.391346559282448,100,270000,pilot; adaptive/event-or-cap stopping
id,ldpc_rate,results/noisy_channel_tradeoffs/server_full/id/ldpc_rate/summary_noisy_channel_tradeoff.mat,results/noisy_channel_tradeoffs/server_full/id/ldpc_rate/E2_0p1_Rc_0p6667/points/result_n_16_awgn_ebno_p2p0.mat,16,84,672,0.1,0.666666666666667,2,3812,1004400,2,1004400,0.00379530067702111,1.99123855037834e-06,0.00379530067702111,0.00189864595778574,24,0.391346559282448,744,2008800,pilot; adaptive/event-or-cap stopping
id,ldpc_rate,results/noisy_channel_tradeoffs/server_full/id/ldpc_rate/summary_noisy_channel_tradeoff.mat,results/noisy_channel_tradeoffs/server_full/id/ldpc_rate/E2_0p1_Rc_0p6667/points/result_n_16_awgn_ebno_p2p25.mat,16,84,672,0.1,0.666666666666667,2.25,3812,1004400,1,1004400,0.00379530067702111,9.95619275189168e-07,0.00379530067702111,0.00189814814814815,24,0.391346559282448,744,2008800,pilot; adaptive/event-or-cap stopping
id,ldpc_rate,results/noisy_channel_tradeoffs/server_full/id/ldpc_rate/summary_noisy_channel_tradeoff.mat,results/noisy_channel_tradeoffs/server_full/id/ldpc_rate/E2_0p1_Rc_0p6667/points/result_n_16_awgn_ebno_p2p5.mat,16,84,672,0.1,0.666666666666667,2.5,3812,1004400,3,1004400,0.00379530067702111,2.9868578255675e-06,0.00379530067702111,0.00189914376742334,24,0.391346559282448,744,2008800,pilot; adaptive/event-or-cap stopping
id,ldpc_rate,results/noisy_channel_tradeoffs/server_full/id/ldpc_rate/summary_noisy_channel_tradeoff.mat,results/noisy_channel_tradeoffs/server_full/id/ldpc_rate/E2_0p1_Rc_0p6667/points/result_n_16_awgn_ebno_p2p75.mat,16,84,672,0.1,0.666666666666667,2.75,3812,1004400,0,1004400,0.00379530067702111,0,0.00379530067702111,0.00189765033851055,24,0.391346559282448,744,2008800,pilot; adaptive/event-or-cap stopping
id,ldpc_rate,results/noisy_channel_tradeoffs/server_full/id/ldpc_rate/summary_noisy_channel_tradeoff.mat,results/noisy_channel_tradeoffs/server_full/id/ldpc_rate/E2_0p1_Rc_0p6667/points/result_n_16_awgn_ebno_p3p0.mat,16,84,672,0.1,0.666666666666667,3,3812,1004400,0,1004400,0.00379530067702111,0,0.00379530067702111,0.00189765033851055,24,0.391346559282448,744,2008800,pilot; adaptive/event-or-cap stopping
id,ldpc_rate,results/noisy_channel_tradeoffs/server_full/id/ldpc_rate/summary_noisy_channel_tradeoff.mat,results/noisy_channel_tradeoffs/server_full/id/ldpc_rate/E2_0p1_Rc_0p6667/points/result_n_16_awgn_ebno_p3p25.mat,16,84,672,0.1,0.666666666666667,3.25,3812,1004400,0,1004400,0.00379530067702111,0,0.00379530067702111,0.00189765033851055,24,0.391346559282448,744,2008800,pilot; adaptive/event-or-cap stopping
id,ldpc_rate,results/noisy_channel_tradeoffs/server_full/id/ldpc_rate/summary_noisy_channel_tradeoff.mat,results/noisy_channel_tradeoffs/server_full/id/ldpc_rate/E2_0p1_Rc_0p6667/points/result_n_16_awgn_ebno_p3p5.mat,16,84,672,0.1,0.666666666666667,3.5,3812,1004400,0,1004400,0.00379530067702111,0,0.00379530067702111,0.00189765033851055,24,0.391346559282448,744,2008800,pilot; adaptive/event-or-cap stopping
id,ldpc_rate,results/noisy_channel_tradeoffs/server_full/id/ldpc_rate/summary_noisy_channel_tradeoff.mat,results/noisy_channel_tradeoffs/server_full/id/ldpc_rate/E2_0p1_Rc_0p6667/points/result_n_16_awgn_ebno_p3p75.mat,16,84,672,0.1,0.666666666666667,3.75,3812,1004400,0,1004400,0.00379530067702111,0,0.00379530067702111,0.00189765033851055,24,0.391346559282448,744,2008800,pilot; adaptive/event-or-cap stopping
id,ldpc_rate,results/noisy_channel_tradeoffs/server_full/id/ldpc_rate/summary_noisy_channel_tradeoff.mat,results/noisy_channel_tradeoffs/server_full/id/ldpc_rate/E2_0p1_Rc_0p6667/points/result_n_16_awgn_ebno_p4p0.mat,16,84,672,0.1,0.666666666666667,4,3812,1004400,0,1004400,0.00379530067702111,0,0.00379530067702111,0.00189765033851055,24,0.391346559282448,744,2008800,pilot; adaptive/event-or-cap stopping
id,ldpc_rate,results/noisy_channel_tradeoffs/server_full/id/ldpc_rate/summary_noisy_channel_tradeoff.mat,results/noisy_channel_tradeoffs/server_full/id/ldpc_rate/E2_0p1_Rc_0p6667/points/result_n_16_awgn_ebno_p4p25.mat,16,84,672,0.1,0.666666666666667,4.25,3812,1004400,0,1004400,0.00379530067702111,0,0.00379530067702111,0.00189765033851055,24,0.391346559282448,744,2008800,pilot; adaptive/event-or-cap stopping
id,ldpc_rate,results/noisy_channel_tradeoffs/server_full/id/ldpc_rate/summary_noisy_channel_tradeoff.mat,results/noisy_channel_tradeoffs/server_full/id/ldpc_rate/E2_0p1_Rc_0p6667/points/result_n_16_awgn_ebno_p4p5.mat,16,84,672,0.1,0.666666666666667,4.5,3812,1004400,0,1004400,0.00379530067702111,0,0.00379530067702111,0.00189765033851055,24,0.391346559282448,744,2008800,pilot; adaptive/event-or-cap stopping
id,ldpc_rate,results/noisy_channel_tradeoffs/server_full/id/ldpc_rate/summary_noisy_channel_tradeoff.mat,results/noisy_channel_tradeoffs/server_full/id/ldpc_rate/E2_0p1_Rc_0p6667/points/result_n_16_awgn_ebno_p4p75.mat,16,84,672,0.1,0.666666666666667,4.75,3812,1004400,0,1004400,0.00379530067702111,0,0.00379530067702111,0.00189765033851055,24,0.391346559282448,744,2008800,pilot; adaptive/event-or-cap stopping
id,ldpc_rate,results/noisy_channel_tradeoffs/server_full/id/ldpc_rate/summary_noisy_channel_tradeoff.mat,results/noisy_channel_tradeoffs/server_full/id/ldpc_rate/E2_0p1_Rc_0p6667/points/result_n_16_awgn_ebno_p5p0.mat,16,84,672,0.1,0.666666666666667,5,3812,1004400,0,1004400,0.00379530067702111,0,0.00379530067702111,0.00189765033851055,24,0.391346559282448,744,2008800,pilot; adaptive/event-or-cap stopping
id,ldpc_rate,results/noisy_channel_tradeoffs/server_full/id/ldpc_rate/summary_noisy_channel_tradeoff.mat,results/noisy_channel_tradeoffs/server_full/id/ldpc_rate/E2_0p1_Rc_0p3333/points/result_n_28_awgn_ebno_p0p0.mat,28,2352,32928,0.1,0.333333333333333,0,54,1000758,766302,1000758,5.39590990029558e-05,0.765721583040056,0.765721583040056,0.382887771069529,84.0466926070039,0.178555833684803,2596,2001516,pilot; adaptive/event-or-cap stopping
id,ldpc_rate,results/noisy_channel_tradeoffs/server_full/id/ldpc_rate/summary_noisy_channel_tradeoff.mat,results/noisy_channel_tradeoffs/server_full/id/ldpc_rate/E2_0p1_Rc_0p3333/points/result_n_28_awgn_ebno_p0p25.mat,28,2352,32928,0.1,0.333333333333333,0.25,51,1000758,521992,1000758,5.09613712805693e-05,0.521596629754646,0.521596629754646,0.260823795562963,84.0466926070039,0.178555833684803,2596,2001516,pilot; adaptive/event-or-cap stopping
id,ldpc_rate,results/noisy_channel_tradeoffs/server_full/id/ldpc_rate/summary_noisy_channel_tradeoff.mat,results/noisy_channel_tradeoffs/server_full/id/ldpc_rate/E2_0p1_Rc_0p3333/points/result_n_28_awgn_ebno_p0p5.mat,28,2352,32928,0.1,0.333333333333333,0.5,47,1000758,383320,1000758,4.69644009840541e-05,0.383029663515056,0.383029663515056,0.19153831395802,84.0466926070039,0.178555833684803,2596,2001516,pilot; adaptive/event-or-cap stopping
id,ldpc_rate,results/noisy_channel_tradeoffs/server_full/id/ldpc_rate/summary_noisy_channel_tradeoff.mat,results/noisy_channel_tradeoffs/server_full/id/ldpc_rate/E2_0p1_Rc_0p3333/points/result_n_28_awgn_ebno_p0p75.mat,28,2352,32928,0.1,0.333333333333333,0.75,50,1000758,253590,1000758,4.99621287064405e-05,0.253397924373325,0.253397924373325,0.126723943251016,84.0466926070039,0.178555833684803,2596,2001516,pilot; adaptive/event-or-cap stopping
id,ldpc_rate,results/noisy_channel_tradeoffs/server_full/id/ldpc_rate/summary_noisy_channel_tradeoff.mat,results/noisy_channel_tradeoffs/server_full/id/ldpc_rate/E2_0p1_Rc_0p3333/points/result_n_28_awgn_ebno_p1p0.mat,28,2352,32928,0.1,0.333333333333333,1,44,1000758,139703,1000758,4.39666732616677e-05,0.139597185333517,0.139597185333517,0.0698205760033894,84.0466926070039,0.178555833684803,2596,2001516,pilot; adaptive/event-or-cap stopping
id,ldpc_rate,results/noisy_channel_tradeoffs/server_full/id/ldpc_rate/summary_noisy_channel_tradeoff.mat,results/noisy_channel_tradeoffs/server_full/id/ldpc_rate/E2_0p1_Rc_0p3333/points/result_n_28_awgn_ebno_p1p25.mat,28,2352,32928,0.1,0.333333333333333,1.25,42,1000758,64225,1000758,4.196818811341e-05,0.0641763543234228,0.0641763543234228,0.0321091612557681,84.0466926070039,0.178555833684803,2596,2001516,pilot; adaptive/event-or-cap stopping
id,ldpc_rate,results/noisy_channel_tradeoffs/server_full/id/ldpc_rate/summary_noisy_channel_tradeoff.mat,results/noisy_channel_tradeoffs/server_full/id/ldpc_rate/E2_0p1_Rc_0p3333/points/result_n_28_awgn_ebno_p1p5.mat,28,2352,32928,0.1,0.333333333333333,1.5,44,1000758,26130,1000758,4.39666732616677e-05,0.0261102084619858,0.0261102084619858,0.0130770875676237,84.0466926070039,0.178555833684803,2596,2001516,pilot; adaptive/event-or-cap stopping
id,ldpc_rate,results/noisy_channel_tradeoffs/server_full/id/ldpc_rate/summary_noisy_channel_tradeoff.mat,results/noisy_channel_tradeoffs/server_full/id/ldpc_rate/E2_0p1_Rc_0p3333/points/result_n_28_awgn_ebno_p1p75.mat,28,2352,32928,0.1,0.333333333333333,1.75,44,1000758,9904,1000758,4.39666732616677e-05,0.00989649845417174,0.00989649845417174,0.0049702325637167,84.0466926070039,0.178555833684803,2596,2001516,pilot; adaptive/event-or-cap stopping
id,ldpc_rate,results/noisy_channel_tradeoffs/server_full/id/ldpc_rate/summary_noisy_channel_tradeoff.mat,results/noisy_channel_tradeoffs/server_full/id/ldpc_rate/E2_0p1_Rc_0p3333/points/result_n_28_awgn_ebno_p2p0.mat,28,2352,32928,0.1,0.333333333333333,2,44,1000758,3674,1000758,4.39666732616677e-05,0.00367121721734925,0.00367121721734925,0.00185759194530546,84.0466926070039,0.178555833684803,2596,2001516,pilot; adaptive/event-or-cap stopping
id,ldpc_rate,results/noisy_channel_tradeoffs/server_full/id/ldpc_rate/summary_noisy_channel_tradeoff.mat,results/noisy_channel_tradeoffs/server_full/id/ldpc_rate/E2_0p1_Rc_0p3333/points/result_n_28_awgn_ebno_p2p25.mat,28,2352,32928,0.1,0.333333333333333,2.25,45,1000758,1410,1000758,4.49659158357965e-05,0.00140893202952162,0.00140893202952162,0.00072694897267871,84.0466926070039,0.178555833684803,2596,2001516,pilot; adaptive/event-or-cap stopping
id,ldpc_rate,results/noisy_channel_tradeoffs/server_full/id/ldpc_rate/summary_noisy_channel_tradeoff.mat,results/noisy_channel_tradeoffs/server_full/id/ldpc_rate/E2_0p1_Rc_0p3333/points/result_n_28_awgn_ebno_p2p5.mat,28,2352,32928,0.1,0.333333333333333,2.5,44,1000758,524,1000758,4.39666732616677e-05,0.000523603108843497,0.000523603108843497,0.000283784891052582,84.0466926070039,0.178555833684803,2596,2001516,pilot; adaptive/event-or-cap stopping
id,ldpc_rate,results/noisy_channel_tradeoffs/server_full/id/ldpc_rate/summary_noisy_channel_tradeoff.mat,results/noisy_channel_tradeoffs/server_full/id/ldpc_rate/E2_0p1_Rc_0p3333/points/result_n_28_awgn_ebno_p2p75.mat,28,2352,32928,0.1,0.333333333333333,2.75,44,1000758,197,1000758,4.39666732616677e-05,0.000196850787103376,0.000196850787103376,0.000120408730182522,84.0466926070039,0.178555833684803,2596,2001516,pilot; adaptive/event-or-cap stopping
id,ldpc_rate,results/noisy_channel_tradeoffs/server_full/id/ldpc_rate/summary_noisy_channel_tradeoff.mat,results/noisy_channel_tradeoffs/server_full/id/ldpc_rate/E2_0p1_Rc_0p3333/points/result_n_28_awgn_ebno_p3p0.mat,28,2352,32928,0.1,0.333333333333333,3,44,1000758,55,1000758,4.39666732616677e-05,5.49583415770846e-05,5.49583415770846e-05,4.94625074193761e-05,84.0466926070039,0.178555833684803,2596,2001516,pilot; adaptive/event-or-cap stopping
id,ldpc_rate,results/noisy_channel_tradeoffs/server_full/id/ldpc_rate/summary_noisy_channel_tradeoff.mat,results/noisy_channel_tradeoffs/server_full/id/ldpc_rate/E2_0p1_Rc_0p3333/points/result_n_28_awgn_ebno_p3p25.mat,28,2352,32928,0.1,0.333333333333333,3.25,44,1000758,30,1000758,4.39666732616677e-05,2.99772772238643e-05,4.39666732616677e-05,3.6971975242766e-05,84.0466926070039,0.178555833684803,2596,2001516,pilot; adaptive/event-or-cap stopping
id,ldpc_rate,results/noisy_channel_tradeoffs/server_full/id/ldpc_rate/summary_noisy_channel_tradeoff.mat,results/noisy_channel_tradeoffs/server_full/id/ldpc_rate/E2_0p1_Rc_0p3333/points/result_n_28_awgn_ebno_p3p5.mat,28,2352,32928,0.1,0.333333333333333,3.5,44,1000758,9,1000758,4.39666732616677e-05,8.99318316715929e-06,4.39666732616677e-05,2.64799282144135e-05,84.0466926070039,0.178555833684803,2596,2001516,pilot; adaptive/event-or-cap stopping
id,ldpc_rate,results/noisy_channel_tradeoffs/server_full/id/ldpc_rate/summary_noisy_channel_tradeoff.mat,results/noisy_channel_tradeoffs/server_full/id/ldpc_rate/E2_0p1_Rc_0p3333/points/result_n_28_awgn_ebno_p3p75.mat,28,2352,32928,0.1,0.333333333333333,3.75,44,1000758,1,1000758,4.39666732616677e-05,9.9924257412881e-07,4.39666732616677e-05,2.24829579178982e-05,84.0466926070039,0.178555833684803,2596,2001516,pilot; adaptive/event-or-cap stopping
id,ldpc_rate,results/noisy_channel_tradeoffs/server_full/id/ldpc_rate/summary_noisy_channel_tradeoff.mat,results/noisy_channel_tradeoffs/server_full/id/ldpc_rate/E2_0p1_Rc_0p3333/points/result_n_28_awgn_ebno_p4p0.mat,28,2352,32928,0.1,0.333333333333333,4,44,1000758,0,1000758,4.39666732616677e-05,0,4.39666732616677e-05,2.19833366308338e-05,84.0466926070039,0.178555833684803,2596,2001516,pilot; adaptive/event-or-cap stopping
id,ldpc_rate,results/noisy_channel_tradeoffs/server_full/id/ldpc_rate/summary_noisy_channel_tradeoff.mat,results/noisy_channel_tradeoffs/server_full/id/ldpc_rate/E2_0p1_Rc_0p3333/points/result_n_28_awgn_ebno_p4p25.mat,28,2352,32928,0.1,0.333333333333333,4.25,44,1000758,0,1000758,4.39666732616677e-05,0,4.39666732616677e-05,2.19833366308338e-05,84.0466926070039,0.178555833684803,2596,2001516,pilot; adaptive/event-or-cap stopping
id,ldpc_rate,results/noisy_channel_tradeoffs/server_full/id/ldpc_rate/summary_noisy_channel_tradeoff.mat,results/noisy_channel_tradeoffs/server_full/id/ldpc_rate/E2_0p1_Rc_0p3333/points/result_n_28_awgn_ebno_p4p5.mat,28,2352,32928,0.1,0.333333333333333,4.5,44,1000758,1,1000758,4.39666732616677e-05,9.9924257412881e-07,4.39666732616677e-05,2.24829579178982e-05,84.0466926070039,0.178555833684803,2596,2001516,pilot; adaptive/event-or-cap stopping
id,ldpc_rate,results/noisy_channel_tradeoffs/server_full/id/ldpc_rate/summary_noisy_channel_tradeoff.mat,results/noisy_channel_tradeoffs/server_full/id/ldpc_rate/E2_0p1_Rc_0p3333/points/result_n_28_awgn_ebno_p4p75.mat,28,2352,32928,0.1,0.333333333333333,4.75,44,1000758,0,1000758,4.39666732616677e-05,0,4.39666732616677e-05,2.19833366308338e-05,84.0466926070039,0.178555833684803,2596,2001516,pilot; adaptive/event-or-cap stopping
id,ldpc_rate,results/noisy_channel_tradeoffs/server_full/id/ldpc_rate/summary_noisy_channel_tradeoff.mat,results/noisy_channel_tradeoffs/server_full/id/ldpc_rate/E2_0p1_Rc_0p3333/points/result_n_28_awgn_ebno_p5p0.mat,28,2352,32928,0.1,0.333333333333333,5,44,1000758,0,1000758,4.39666732616677e-05,0,4.39666732616677e-05,2.19833366308338e-05,84.0466926070039,0.178555833684803,2596,2001516,pilot; adaptive/event-or-cap stopping
id,ldpc_rate,results/noisy_channel_tradeoffs/server_full/id/ldpc_rate/summary_noisy_channel_tradeoff.mat,results/noisy_channel_tradeoffs/server_full/id/ldpc_rate/E2_0p1_Rc_0p4/points/result_n_28_awgn_ebno_p0p0.mat,28,2352,32928,0.1,0.4,0,51,1000850,994875,1000850,5.09566868162062e-05,0.994030074436729,0.994030074436729,0.497040515561772,70.054054054054,0.214220682436372,2164,2001700,pilot; adaptive/event-or-cap stopping
id,ldpc_rate,results/noisy_channel_tradeoffs/server_full/id/ldpc_rate/summary_noisy_channel_tradeoff.mat,results/noisy_channel_tradeoffs/server_full/id/ldpc_rate/E2_0p1_Rc_0p4/points/result_n_28_awgn_ebno_p0p25.mat,28,2352,32928,0.1,0.4,0.25,56,1000850,966395,1000850,5.59524404256382e-05,0.965574261877404,0.965574261877404,0.482815107158915,70.054054054054,0.214220682436372,2164,2001700,pilot; adaptive/event-or-cap stopping
id,ldpc_rate,results/noisy_channel_tradeoffs/server_full/id/ldpc_rate/summary_noisy_channel_tradeoff.mat,results/noisy_channel_tradeoffs/server_full/id/ldpc_rate/E2_0p1_Rc_0p4/points/result_n_28_awgn_ebno_p0p5.mat,28,2352,32928,0.1,0.4,0.5,56,1000850,218017,1000850,5.59524404256382e-05,0.217831842933507,0.217831842933507,0.108943897686966,70.054054054054,0.214220682436372,2164,2001700,pilot; adaptive/event-or-cap stopping
id,ldpc_rate,results/noisy_channel_tradeoffs/server_full/id/ldpc_rate/summary_noisy_channel_tradeoff.mat,results/noisy_channel_tradeoffs/server_full/id/ldpc_rate/E2_0p1_Rc_0p4/points/result_n_28_awgn_ebno_p0p75.mat,28,2352,32928,0.1,0.4,0.75,49,1000850,98174,1000850,4.89583853724334e-05,0.0980906229704751,0.0980906229704751,0.0490697906779238,70.054054054054,0.214220682436372,2164,2001700,pilot; adaptive/event-or-cap stopping
id,ldpc_rate,results/noisy_channel_tradeoffs/server_full/id/ldpc_rate/summary_noisy_channel_tradeoff.mat,results/noisy_channel_tradeoffs/server_full/id/ldpc_rate/E2_0p1_Rc_0p4/points/result_n_28_awgn_ebno_p1p0.mat,28,2352,32928,0.1,0.4,1,42,1000850,35939,1000850,4.19643303192287e-05,0.0359084777938752,0.0359084777938752,0.0179752210620972,70.054054054054,0.214220682436372,2164,2001700,pilot; adaptive/event-or-cap stopping
id,ldpc_rate,results/noisy_channel_tradeoffs/server_full/id/ldpc_rate/summary_noisy_channel_tradeoff.mat,results/noisy_channel_tradeoffs/server_full/id/ldpc_rate/E2_0p1_Rc_0p4/points/result_n_28_awgn_ebno_p1p25.mat,28,2352,32928,0.1,0.4,1.25,44,1000850,11587,1000850,4.39626317630014e-05,0.0115771594144977,0.0115771594144977,0.00581056102313034,70.054054054054,0.214220682436372,2164,2001700,pilot; adaptive/event-or-cap stopping
id,ldpc_rate,results/noisy_channel_tradeoffs/server_full/id/ldpc_rate/summary_noisy_channel_tradeoff.mat,results/noisy_channel_tradeoffs/server_full/id/ldpc_rate/E2_0p1_Rc_0p4/points/result_n_28_awgn_ebno_p1p5.mat,28,2352,32928,0.1,0.4,1.5,44,1000850,3534,1000850,4.39626317630014e-05,0.00353099865114653,0.00353099865114653,0.00178748064145476,70.054054054054,0.214220682436372,2164,2001700,pilot; adaptive/event-or-cap stopping
id,ldpc_rate,results/noisy_channel_tradeoffs/server_full/id/ldpc_rate/summary_noisy_channel_tradeoff.mat,results/noisy_channel_tradeoffs/server_full/id/ldpc_rate/E2_0p1_Rc_0p4/points/result_n_28_awgn_ebno_p1p75.mat,28,2352,32928,0.1,0.4,1.75,45,1000850,1147,1000850,4.49617824848878e-05,0.0011460258780037,0.0011460258780037,0.000595493830244292,70.054054054054,0.214220682436372,2164,2001700,pilot; adaptive/event-or-cap stopping
id,ldpc_rate,results/noisy_channel_tradeoffs/server_full/id/ldpc_rate/summary_noisy_channel_tradeoff.mat,results/noisy_channel_tradeoffs/server_full/id/ldpc_rate/E2_0p1_Rc_0p4/points/result_n_28_awgn_ebno_p2p0.mat,28,2352,32928,0.1,0.4,2,44,1000850,344,1000850,4.39626317630014e-05,0.00034370784832892,0.00034370784832892,0.000193835240045961,70.054054054054,0.214220682436372,2164,2001700,pilot; adaptive/event-or-cap stopping
id,ldpc_rate,results/noisy_channel_tradeoffs/server_full/id/ldpc_rate/summary_noisy_channel_tradeoff.mat,results/noisy_channel_tradeoffs/server_full/id/ldpc_rate/E2_0p1_Rc_0p4/points/result_n_28_awgn_ebno_p2p25.mat,28,2352,32928,0.1,0.4,2.25,44,1000850,105,1000850,4.39626317630014e-05,0.000104910825798072,0.000104910825798072,7.44367287805365e-05,70.054054054054,0.214220682436372,2164,2001700,pilot; adaptive/event-or-cap stopping
id,ldpc_rate,results/noisy_channel_tradeoffs/server_full/id/ldpc_rate/summary_noisy_channel_tradeoff.mat,results/noisy_channel_tradeoffs/server_full/id/ldpc_rate/E2_0p1_Rc_0p4/points/result_n_28_awgn_ebno_p2p5.mat,28,2352,32928,0.1,0.4,2.5,44,1000850,20,1000850,4.39626317630014e-05,1.99830144377279e-05,4.39626317630014e-05,3.19728231003647e-05,70.054054054054,0.214220682436372,2164,2001700,pilot; adaptive/event-or-cap stopping
id,ldpc_rate,results/noisy_channel_tradeoffs/server_full/id/ldpc_rate/summary_noisy_channel_tradeoff.mat,results/noisy_channel_tradeoffs/server_full/id/ldpc_rate/E2_0p1_Rc_0p4/points/result_n_28_awgn_ebno_p2p75.mat,28,2352,32928,0.1,0.4,2.75,44,1000850,13,1000850,4.39626317630014e-05,1.29889593845232e-05,4.39626317630014e-05,2.84757955737623e-05,70.054054054054,0.214220682436372,2164,2001700,pilot; adaptive/event-or-cap stopping
id,ldpc_rate,results/noisy_channel_tradeoffs/server_full/id/ldpc_rate/summary_noisy_channel_tradeoff.mat,results/noisy_channel_tradeoffs/server_full/id/ldpc_rate/E2_0p1_Rc_0p4/points/result_n_28_awgn_ebno_p3p0.mat,28,2352,32928,0.1,0.4,3,44,1000850,3,1000850,4.39626317630014e-05,2.99745216565919e-06,4.39626317630014e-05,2.34800419643303e-05,70.054054054054,0.214220682436372,2164,2001700,pilot; adaptive/event-or-cap stopping
id,ldpc_rate,results/noisy_channel_tradeoffs/server_full/id/ldpc_rate/summary_noisy_channel_tradeoff.mat,results/noisy_channel_tradeoffs/server_full/id/ldpc_rate/E2_0p1_Rc_0p4/points/result_n_28_awgn_ebno_p3p25.mat,28,2352,32928,0.1,0.4,3.25,44,1000850,3,1000850,4.39626317630014e-05,2.99745216565919e-06,4.39626317630014e-05,2.34800419643303e-05,70.054054054054,0.214220682436372,2164,2001700,pilot; adaptive/event-or-cap stopping
id,ldpc_rate,results/noisy_channel_tradeoffs/server_full/id/ldpc_rate/summary_noisy_channel_tradeoff.mat,results/noisy_channel_tradeoffs/server_full/id/ldpc_rate/E2_0p1_Rc_0p4/points/result_n_28_awgn_ebno_p3p5.mat,28,2352,32928,0.1,0.4,3.5,44,1000850,1,1000850,4.39626317630014e-05,9.99150721886397e-07,4.39626317630014e-05,2.24808912424439e-05,70.054054054054,0.214220682436372,2164,2001700,pilot; adaptive/event-or-cap stopping
id,ldpc_rate,results/noisy_channel_tradeoffs/server_full/id/ldpc_rate/summary_noisy_channel_tradeoff.mat,results/noisy_channel_tradeoffs/server_full/id/ldpc_rate/E2_0p1_Rc_0p4/points/result_n_28_awgn_ebno_p3p75.mat,28,2352,32928,0.1,0.4,3.75,44,1000850,0,1000850,4.39626317630014e-05,0,4.39626317630014e-05,2.19813158815007e-05,70.054054054054,0.214220682436372,2164,2001700,pilot; adaptive/event-or-cap stopping
id,ldpc_rate,results/noisy_channel_tradeoffs/server_full/id/ldpc_rate/summary_noisy_channel_tradeoff.mat,results/noisy_channel_tradeoffs/server_full/id/ldpc_rate/E2_0p1_Rc_0p4/points/result_n_28_awgn_ebno_p4p0.mat,28,2352,32928,0.1,0.4,4,44,1000850,0,1000850,4.39626317630014e-05,0,4.39626317630014e-05,2.19813158815007e-05,70.054054054054,0.214220682436372,2164,2001700,pilot; adaptive/event-or-cap stopping
id,ldpc_rate,results/noisy_channel_tradeoffs/server_full/id/ldpc_rate/summary_noisy_channel_tradeoff.mat,results/noisy_channel_tradeoffs/server_full/id/ldpc_rate/E2_0p1_Rc_0p4/points/result_n_28_awgn_ebno_p4p25.mat,28,2352,32928,0.1,0.4,4.25,44,1000850,0,1000850,4.39626317630014e-05,0,4.39626317630014e-05,2.19813158815007e-05,70.054054054054,0.214220682436372,2164,2001700,pilot; adaptive/event-or-cap stopping
id,ldpc_rate,results/noisy_channel_tradeoffs/server_full/id/ldpc_rate/summary_noisy_channel_tradeoff.mat,results/noisy_channel_tradeoffs/server_full/id/ldpc_rate/E2_0p1_Rc_0p4/points/result_n_28_awgn_ebno_p4p5.mat,28,2352,32928,0.1,0.4,4.5,44,1000850,0,1000850,4.39626317630014e-05,0,4.39626317630014e-05,2.19813158815007e-05,70.054054054054,0.214220682436372,2164,2001700,pilot; adaptive/event-or-cap stopping
id,ldpc_rate,results/noisy_channel_tradeoffs/server_full/id/ldpc_rate/summary_noisy_channel_tradeoff.mat,results/noisy_channel_tradeoffs/server_full/id/ldpc_rate/E2_0p1_Rc_0p4/points/result_n_28_awgn_ebno_p4p75.mat,28,2352,32928,0.1,0.4,4.75,44,1000850,0,1000850,4.39626317630014e-05,0,4.39626317630014e-05,2.19813158815007e-05,70.054054054054,0.214220682436372,2164,2001700,pilot; adaptive/event-or-cap stopping
id,ldpc_rate,results/noisy_channel_tradeoffs/server_full/id/ldpc_rate/summary_noisy_channel_tradeoff.mat,results/noisy_channel_tradeoffs/server_full/id/ldpc_rate/E2_0p1_Rc_0p4/points/result_n_28_awgn_ebno_p5p0.mat,28,2352,32928,0.1,0.4,5,44,1000850,0,1000850,4.39626317630014e-05,0,4.39626317630014e-05,2.19813158815007e-05,70.054054054054,0.214220682436372,2164,2001700,pilot; adaptive/event-or-cap stopping
id,ldpc_rate,results/noisy_channel_tradeoffs/server_full/id/ldpc_rate/summary_noisy_channel_tradeoff.mat,results/noisy_channel_tradeoffs/server_full/id/ldpc_rate/E2_0p1_Rc_0p5/points/result_n_28_awgn_ebno_p0p0.mat,28,2352,32928,0.1,0.5,0,57,1001962,992046,1001962,5.68883849886523e-05,0.990103417095658,0.990103417095658,0.495080152740323,56.0069144338807,0.267949545490684,1732,2003924,pilot; adaptive/event-or-cap stopping
id,ldpc_rate,results/noisy_channel_tradeoffs/server_full/id/ldpc_rate/summary_noisy_channel_tradeoff.mat,results/noisy_channel_tradeoffs/server_full/id/ldpc_rate/E2_0p1_Rc_0p5/points/result_n_28_awgn_ebno_p0p25.mat,28,2352,32928,0.1,0.5,0.25,67,1001962,985232,1001962,6.68688034077141e-05,0.98330275998491,0.98330275998491,0.491684814394159,56.0069144338807,0.267949545490684,1732,2003924,pilot; adaptive/event-or-cap stopping
id,ldpc_rate,results/noisy_channel_tradeoffs/server_full/id/ldpc_rate/summary_noisy_channel_tradeoff.mat,results/noisy_channel_tradeoffs/server_full/id/ldpc_rate/E2_0p1_Rc_0p5/points/result_n_28_awgn_ebno_p0p5.mat,28,2352,32928,0.1,0.5,0.5,42,1001962,969005,1001962,4.19177573600596e-05,0.967107535016298,0.967107535016298,0.483574726386829,56.0069144338807,0.267949545490684,1732,2003924,pilot; adaptive/event-or-cap stopping
id,ldpc_rate,results/noisy_channel_tradeoffs/server_full/id/ldpc_rate/summary_noisy_channel_tradeoff.mat,results/noisy_channel_tradeoffs/server_full/id/ldpc_rate/E2_0p1_Rc_0p5/points/result_n_28_awgn_ebno_p0p75.mat,28,2352,32928,0.1,0.5,0.75,52,1001962,712570,1001962,5.18981757791214e-05,0.711174675287087,0.711174675287087,0.355613286731433,56.0069144338807,0.267949545490684,1732,2003924,pilot; adaptive/event-or-cap stopping
id,ldpc_rate,results/noisy_channel_tradeoffs/server_full/id/ldpc_rate/summary_noisy_channel_tradeoff.mat,results/noisy_channel_tradeoffs/server_full/id/ldpc_rate/E2_0p1_Rc_0p5/points/result_n_28_awgn_ebno_p1p0.mat,28,2352,32928,0.1,0.5,1,44,1001962,3487,1001962,4.39138410438719e-05,0.00348017190272685,0.00348017190272685,0.00176204287188536,56.0069144338807,0.267949545490684,1732,2003924,pilot; adaptive/event-or-cap stopping
id,ldpc_rate,results/noisy_channel_tradeoffs/server_full/id/ldpc_rate/summary_noisy_channel_tradeoff.mat,results/noisy_channel_tradeoffs/server_full/id/ldpc_rate/E2_0p1_Rc_0p5/points/result_n_28_awgn_ebno_p1p25.mat,28,2352,32928,0.1,0.5,1.25,44,1001962,591,1001962,4.39138410438719e-05,0.000589842728566552,0.000589842728566552,0.000316878284805212,56.0069144338807,0.267949545490684,1732,2003924,pilot; adaptive/event-or-cap stopping
id,ldpc_rate,results/noisy_channel_tradeoffs/server_full/id/ldpc_rate/summary_noisy_channel_tradeoff.mat,results/noisy_channel_tradeoffs/server_full/id/ldpc_rate/E2_0p1_Rc_0p5/points/result_n_28_awgn_ebno_p1p5.mat,28,2352,32928,0.1,0.5,1.5,44,1001962,140,1001962,4.39138410438719e-05,0.000139725857866865,0.000139725857866865,9.18198494553686e-05,56.0069144338807,0.267949545490684,1732,2003924,pilot; adaptive/event-or-cap stopping
id,ldpc_rate,results/noisy_channel_tradeoffs/server_full/id/ldpc_rate/summary_noisy_channel_tradeoff.mat,results/noisy_channel_tradeoffs/server_full/id/ldpc_rate/E2_0p1_Rc_0p5/points/result_n_28_awgn_ebno_p1p75.mat,28,2352,32928,0.1,0.5,1.75,44,1001962,26,1001962,4.39138410438719e-05,2.59490878895607e-05,4.39138410438719e-05,3.49314644667163e-05,56.0069144338807,0.267949545490684,1732,2003924,pilot; adaptive/event-or-cap stopping
id,ldpc_rate,results/noisy_channel_tradeoffs/server_full/id/ldpc_rate/summary_noisy_channel_tradeoff.mat,results/noisy_channel_tradeoffs/server_full/id/ldpc_rate/E2_0p1_Rc_0p5/points/result_n_28_awgn_ebno_p2p0.mat,28,2352,32928,0.1,0.5,2,44,1001962,6,1001962,4.39138410438719e-05,5.98825105143708e-06,4.39138410438719e-05,2.49510460476545e-05,56.0069144338807,0.267949545490684,1732,2003924,pilot; adaptive/event-or-cap stopping
id,ldpc_rate,results/noisy_channel_tradeoffs/server_full/id/ldpc_rate/summary_noisy_channel_tradeoff.mat,results/noisy_channel_tradeoffs/server_full/id/ldpc_rate/E2_0p1_Rc_0p5/points/result_n_28_awgn_ebno_p2p25.mat,28,2352,32928,0.1,0.5,2.25,44,1001962,3,1001962,4.39138410438719e-05,2.99412552571854e-06,4.39138410438719e-05,2.34539832847952e-05,56.0069144338807,0.267949545490684,1732,2003924,pilot; adaptive/event-or-cap stopping
id,ldpc_rate,results/noisy_channel_tradeoffs/server_full/id/ldpc_rate/summary_noisy_channel_tradeoff.mat,results/noisy_channel_tradeoffs/server_full/id/ldpc_rate/E2_0p1_Rc_0p5/points/result_n_28_awgn_ebno_p2p5.mat,28,2352,32928,0.1,0.5,2.5,44,1001962,1,1001962,4.39138410438719e-05,9.9804184190618e-07,4.39138410438719e-05,2.24559414428891e-05,56.0069144338807,0.267949545490684,1732,2003924,pilot; adaptive/event-or-cap stopping
id,ldpc_rate,results/noisy_channel_tradeoffs/server_full/id/ldpc_rate/summary_noisy_channel_tradeoff.mat,results/noisy_channel_tradeoffs/server_full/id/ldpc_rate/E2_0p1_Rc_0p5/points/result_n_28_awgn_ebno_p2p75.mat,28,2352,32928,0.1,0.5,2.75,44,1001962,0,1001962,4.39138410438719e-05,0,4.39138410438719e-05,2.1956920521936e-05,56.0069144338807,0.267949545490684,1732,2003924,pilot; adaptive/event-or-cap stopping
id,ldpc_rate,results/noisy_channel_tradeoffs/server_full/id/ldpc_rate/summary_noisy_channel_tradeoff.mat,results/noisy_channel_tradeoffs/server_full/id/ldpc_rate/E2_0p1_Rc_0p5/points/result_n_28_awgn_ebno_p3p0.mat,28,2352,32928,0.1,0.5,3,44,1001962,0,1001962,4.39138410438719e-05,0,4.39138410438719e-05,2.1956920521936e-05,56.0069144338807,0.267949545490684,1732,2003924,pilot; adaptive/event-or-cap stopping
id,ldpc_rate,results/noisy_channel_tradeoffs/server_full/id/ldpc_rate/summary_noisy_channel_tradeoff.mat,results/noisy_channel_tradeoffs/server_full/id/ldpc_rate/E2_0p1_Rc_0p5/points/result_n_28_awgn_ebno_p3p25.mat,28,2352,32928,0.1,0.5,3.25,44,1001962,0,1001962,4.39138410438719e-05,0,4.39138410438719e-05,2.1956920521936e-05,56.0069144338807,0.267949545490684,1732,2003924,pilot; adaptive/event-or-cap stopping
id,ldpc_rate,results/noisy_channel_tradeoffs/server_full/id/ldpc_rate/summary_noisy_channel_tradeoff.mat,results/noisy_channel_tradeoffs/server_full/id/ldpc_rate/E2_0p1_Rc_0p5/points/result_n_28_awgn_ebno_p3p5.mat,28,2352,32928,0.1,0.5,3.5,44,1001962,0,1001962,4.39138410438719e-05,0,4.39138410438719e-05,2.1956920521936e-05,56.0069144338807,0.267949545490684,1732,2003924,pilot; adaptive/event-or-cap stopping
id,ldpc_rate,results/noisy_channel_tradeoffs/server_full/id/ldpc_rate/summary_noisy_channel_tradeoff.mat,results/noisy_channel_tradeoffs/server_full/id/ldpc_rate/E2_0p1_Rc_0p5/points/result_n_28_awgn_ebno_p3p75.mat,28,2352,32928,0.1,0.5,3.75,44,1001962,0,1001962,4.39138410438719e-05,0,4.39138410438719e-05,2.1956920521936e-05,56.0069144338807,0.267949545490684,1732,2003924,pilot; adaptive/event-or-cap stopping
id,ldpc_rate,results/noisy_channel_tradeoffs/server_full/id/ldpc_rate/summary_noisy_channel_tradeoff.mat,results/noisy_channel_tradeoffs/server_full/id/ldpc_rate/E2_0p1_Rc_0p5/points/result_n_28_awgn_ebno_p4p0.mat,28,2352,32928,0.1,0.5,4,44,1001962,0,1001962,4.39138410438719e-05,0,4.39138410438719e-05,2.1956920521936e-05,56.0069144338807,0.267949545490684,1732,2003924,pilot; adaptive/event-or-cap stopping
id,ldpc_rate,results/noisy_channel_tradeoffs/server_full/id/ldpc_rate/summary_noisy_channel_tradeoff.mat,results/noisy_channel_tradeoffs/server_full/id/ldpc_rate/E2_0p1_Rc_0p5/points/result_n_28_awgn_ebno_p4p25.mat,28,2352,32928,0.1,0.5,4.25,44,1001962,0,1001962,4.39138410438719e-05,0,4.39138410438719e-05,2.1956920521936e-05,56.0069144338807,0.267949545490684,1732,2003924,pilot; adaptive/event-or-cap stopping
id,ldpc_rate,results/noisy_channel_tradeoffs/server_full/id/ldpc_rate/summary_noisy_channel_tradeoff.mat,results/noisy_channel_tradeoffs/server_full/id/ldpc_rate/E2_0p1_Rc_0p5/points/result_n_28_awgn_ebno_p4p5.mat,28,2352,32928,0.1,0.5,4.5,44,1001962,0,1001962,4.39138410438719e-05,0,4.39138410438719e-05,2.1956920521936e-05,56.0069144338807,0.267949545490684,1732,2003924,pilot; adaptive/event-or-cap stopping
id,ldpc_rate,results/noisy_channel_tradeoffs/server_full/id/ldpc_rate/summary_noisy_channel_tradeoff.mat,results/noisy_channel_tradeoffs/server_full/id/ldpc_rate/E2_0p1_Rc_0p5/points/result_n_28_awgn_ebno_p4p75.mat,28,2352,32928,0.1,0.5,4.75,44,1001962,0,1001962,4.39138410438719e-05,0,4.39138410438719e-05,2.1956920521936e-05,56.0069144338807,0.267949545490684,1732,2003924,pilot; adaptive/event-or-cap stopping
id,ldpc_rate,results/noisy_channel_tradeoffs/server_full/id/ldpc_rate/summary_noisy_channel_tradeoff.mat,results/noisy_channel_tradeoffs/server_full/id/ldpc_rate/E2_0p1_Rc_0p5/points/result_n_28_awgn_ebno_p5p0.mat,28,2352,32928,0.1,0.5,5,44,1001962,0,1001962,4.39138410438719e-05,0,4.39138410438719e-05,2.1956920521936e-05,56.0069144338807,0.267949545490684,1732,2003924,pilot; adaptive/event-or-cap stopping
id,ldpc_rate,results/noisy_channel_tradeoffs/server_full/id/ldpc_rate/summary_noisy_channel_tradeoff.mat,results/noisy_channel_tradeoffs/server_full/id/ldpc_rate/E2_0p1_Rc_0p6/points/result_n_28_awgn_ebno_p0p0.mat,28,2352,32928,0.1,0.6,0,67,1002136,992358,1002136,6.68571930356758e-05,0.990242841291002,0.990242841291002,0.495154849242019,46.685878962536,0.321446818618037,1444,2004272,pilot; adaptive/event-or-cap stopping
id,ldpc_rate,results/noisy_channel_tradeoffs/server_full/id/ldpc_rate/summary_noisy_channel_tradeoff.mat,results/noisy_channel_tradeoffs/server_full/id/ldpc_rate/E2_0p1_Rc_0p6/points/result_n_28_awgn_ebno_p0p25.mat,28,2352,32928,0.1,0.6,0.25,56,1002136,989422,1002136,5.58806389551917e-05,0.987313099220066,0.987313099220066,0.493684489929511,46.685878962536,0.321446818618037,1444,2004272,pilot; adaptive/event-or-cap stopping
id,ldpc_rate,results/noisy_channel_tradeoffs/server_full/id/ldpc_rate/summary_noisy_channel_tradeoff.mat,results/noisy_channel_tradeoffs/server_full/id/ldpc_rate/E2_0p1_Rc_0p6/points/result_n_28_awgn_ebno_p0p5.mat,28,2352,32928,0.1,0.6,0.5,60,1002136,985484,1002136,5.98721131662768e-05,0.983383492859253,0.983383492859253,0.491721682486209,46.685878962536,0.321446818618037,1444,2004272,pilot; adaptive/event-or-cap stopping
id,ldpc_rate,results/noisy_channel_tradeoffs/server_full/id/ldpc_rate/summary_noisy_channel_tradeoff.mat,results/noisy_channel_tradeoffs/server_full/id/ldpc_rate/E2_0p1_Rc_0p6/points/result_n_28_awgn_ebno_p0p75.mat,28,2352,32928,0.1,0.6,0.75,72,1002136,980294,1002136,7.18465357995322e-05,0.97820455507037,0.97820455507037,0.489138200803085,46.685878962536,0.321446818618037,1444,2004272,pilot; adaptive/event-or-cap stopping
id,ldpc_rate,results/noisy_channel_tradeoffs/server_full/id/ldpc_rate/summary_noisy_channel_tradeoff.mat,results/noisy_channel_tradeoffs/server_full/id/ldpc_rate/E2_0p1_Rc_0p6/points/result_n_28_awgn_ebno_p1p0.mat,28,2352,32928,0.1,0.6,1,63,1002136,971810,1002136,6.28657188245907e-05,0.969738638268658,0.969738638268658,0.484900751993741,46.685878962536,0.321446818618037,1444,2004272,pilot; adaptive/event-or-cap stopping
id,ldpc_rate,results/noisy_channel_tradeoffs/server_full/id/ldpc_rate/summary_noisy_channel_tradeoff.mat,results/noisy_channel_tradeoffs/server_full/id/ldpc_rate/E2_0p1_Rc_0p6/points/result_n_28_awgn_ebno_p1p25.mat,28,2352,32928,0.1,0.6,1.25,58,1002136,954731,1002136,5.78763760607343e-05,0.952696041255877,0.952696041255877,0.476376958815969,46.685878962536,0.321446818618037,1444,2004272,pilot; adaptive/event-or-cap stopping
id,ldpc_rate,results/noisy_channel_tradeoffs/server_full/id/ldpc_rate/summary_noisy_channel_tradeoff.mat,results/noisy_channel_tradeoffs/server_full/id/ldpc_rate/E2_0p1_Rc_0p6/points/result_n_28_awgn_ebno_p1p5.mat,28,2352,32928,0.1,0.6,1.5,43,1002136,77713,1002136,4.29083477691651e-05,0.0775473588415145,0.0775473588415145,0.0387951335946418,46.685878962536,0.321446818618037,1444,2004272,pilot; adaptive/event-or-cap stopping
id,ldpc_rate,results/noisy_channel_tradeoffs/server_full/id/ldpc_rate/summary_noisy_channel_tradeoff.mat,results/noisy_channel_tradeoffs/server_full/id/ldpc_rate/E2_0p1_Rc_0p6/points/result_n_28_awgn_ebno_p1p75.mat,28,2352,32928,0.1,0.6,1.75,44,1002136,2,1002136,4.39062163219363e-05,1.99573710554256e-06,4.39062163219363e-05,2.29509767137395e-05,46.685878962536,0.321446818618037,1444,2004272,pilot; adaptive/event-or-cap stopping
id,ldpc_rate,results/noisy_channel_tradeoffs/server_full/id/ldpc_rate/summary_noisy_channel_tradeoff.mat,results/noisy_channel_tradeoffs/server_full/id/ldpc_rate/E2_0p1_Rc_0p6/points/result_n_28_awgn_ebno_p2p0.mat,28,2352,32928,0.1,0.6,2,44,1002136,0,1002136,4.39062163219363e-05,0,4.39062163219363e-05,2.19531081609682e-05,46.685878962536,0.321446818618037,1444,2004272,pilot; adaptive/event-or-cap stopping
id,ldpc_rate,results/noisy_channel_tradeoffs/server_full/id/ldpc_rate/summary_noisy_channel_tradeoff.mat,results/noisy_channel_tradeoffs/server_full/id/ldpc_rate/E2_0p1_Rc_0p6/points/result_n_28_awgn_ebno_p2p25.mat,28,2352,32928,0.1,0.6,2.25,44,1002136,0,1002136,4.39062163219363e-05,0,4.39062163219363e-05,2.19531081609682e-05,46.685878962536,0.321446818618037,1444,2004272,pilot; adaptive/event-or-cap stopping
id,ldpc_rate,results/noisy_channel_tradeoffs/server_full/id/ldpc_rate/summary_noisy_channel_tradeoff.mat,results/noisy_channel_tradeoffs/server_full/id/ldpc_rate/E2_0p1_Rc_0p6/points/result_n_28_awgn_ebno_p2p5.mat,28,2352,32928,0.1,0.6,2.5,44,1002136,0,1002136,4.39062163219363e-05,0,4.39062163219363e-05,2.19531081609682e-05,46.685878962536,0.321446818618037,1444,2004272,pilot; adaptive/event-or-cap stopping
id,ldpc_rate,results/noisy_channel_tradeoffs/server_full/id/ldpc_rate/summary_noisy_channel_tradeoff.mat,results/noisy_channel_tradeoffs/server_full/id/ldpc_rate/E2_0p1_Rc_0p6/points/result_n_28_awgn_ebno_p2p75.mat,28,2352,32928,0.1,0.6,2.75,44,1002136,0,1002136,4.39062163219363e-05,0,4.39062163219363e-05,2.19531081609682e-05,46.685878962536,0.321446818618037,1444,2004272,pilot; adaptive/event-or-cap stopping
id,ldpc_rate,results/noisy_channel_tradeoffs/server_full/id/ldpc_rate/summary_noisy_channel_tradeoff.mat,results/noisy_channel_tradeoffs/server_full/id/ldpc_rate/E2_0p1_Rc_0p6/points/result_n_28_awgn_ebno_p3p0.mat,28,2352,32928,0.1,0.6,3,44,1002136,0,1002136,4.39062163219363e-05,0,4.39062163219363e-05,2.19531081609682e-05,46.685878962536,0.321446818618037,1444,2004272,pilot; adaptive/event-or-cap stopping
id,ldpc_rate,results/noisy_channel_tradeoffs/server_full/id/ldpc_rate/summary_noisy_channel_tradeoff.mat,results/noisy_channel_tradeoffs/server_full/id/ldpc_rate/E2_0p1_Rc_0p6/points/result_n_28_awgn_ebno_p3p25.mat,28,2352,32928,0.1,0.6,3.25,44,1002136,0,1002136,4.39062163219363e-05,0,4.39062163219363e-05,2.19531081609682e-05,46.685878962536,0.321446818618037,1444,2004272,pilot; adaptive/event-or-cap stopping
id,ldpc_rate,results/noisy_channel_tradeoffs/server_full/id/ldpc_rate/summary_noisy_channel_tradeoff.mat,results/noisy_channel_tradeoffs/server_full/id/ldpc_rate/E2_0p1_Rc_0p6/points/result_n_28_awgn_ebno_p3p5.mat,28,2352,32928,0.1,0.6,3.5,44,1002136,0,1002136,4.39062163219363e-05,0,4.39062163219363e-05,2.19531081609682e-05,46.685878962536,0.321446818618037,1444,2004272,pilot; adaptive/event-or-cap stopping
id,ldpc_rate,results/noisy_channel_tradeoffs/server_full/id/ldpc_rate/summary_noisy_channel_tradeoff.mat,results/noisy_channel_tradeoffs/server_full/id/ldpc_rate/E2_0p1_Rc_0p6/points/result_n_28_awgn_ebno_p3p75.mat,28,2352,32928,0.1,0.6,3.75,44,1002136,0,1002136,4.39062163219363e-05,0,4.39062163219363e-05,2.19531081609682e-05,46.685878962536,0.321446818618037,1444,2004272,pilot; adaptive/event-or-cap stopping
id,ldpc_rate,results/noisy_channel_tradeoffs/server_full/id/ldpc_rate/summary_noisy_channel_tradeoff.mat,results/noisy_channel_tradeoffs/server_full/id/ldpc_rate/E2_0p1_Rc_0p6/points/result_n_28_awgn_ebno_p4p0.mat,28,2352,32928,0.1,0.6,4,44,1002136,0,1002136,4.39062163219363e-05,0,4.39062163219363e-05,2.19531081609682e-05,46.685878962536,0.321446818618037,1444,2004272,pilot; adaptive/event-or-cap stopping
id,ldpc_rate,results/noisy_channel_tradeoffs/server_full/id/ldpc_rate/summary_noisy_channel_tradeoff.mat,results/noisy_channel_tradeoffs/server_full/id/ldpc_rate/E2_0p1_Rc_0p6/points/result_n_28_awgn_ebno_p4p25.mat,28,2352,32928,0.1,0.6,4.25,44,1002136,0,1002136,4.39062163219363e-05,0,4.39062163219363e-05,2.19531081609682e-05,46.685878962536,0.321446818618037,1444,2004272,pilot; adaptive/event-or-cap stopping
id,ldpc_rate,results/noisy_channel_tradeoffs/server_full/id/ldpc_rate/summary_noisy_channel_tradeoff.mat,results/noisy_channel_tradeoffs/server_full/id/ldpc_rate/E2_0p1_Rc_0p6/points/result_n_28_awgn_ebno_p4p5.mat,28,2352,32928,0.1,0.6,4.5,44,1002136,0,1002136,4.39062163219363e-05,0,4.39062163219363e-05,2.19531081609682e-05,46.685878962536,0.321446818618037,1444,2004272,pilot; adaptive/event-or-cap stopping
id,ldpc_rate,results/noisy_channel_tradeoffs/server_full/id/ldpc_rate/summary_noisy_channel_tradeoff.mat,results/noisy_channel_tradeoffs/server_full/id/ldpc_rate/E2_0p1_Rc_0p6/points/result_n_28_awgn_ebno_p4p75.mat,28,2352,32928,0.1,0.6,4.75,44,1002136,0,1002136,4.39062163219363e-05,0,4.39062163219363e-05,2.19531081609682e-05,46.685878962536,0.321446818618037,1444,2004272,pilot; adaptive/event-or-cap stopping
id,ldpc_rate,results/noisy_channel_tradeoffs/server_full/id/ldpc_rate/summary_noisy_channel_tradeoff.mat,results/noisy_channel_tradeoffs/server_full/id/ldpc_rate/E2_0p1_Rc_0p6/points/result_n_28_awgn_ebno_p5p0.mat,28,2352,32928,0.1,0.6,5,44,1002136,0,1002136,4.39062163219363e-05,0,4.39062163219363e-05,2.19531081609682e-05,46.685878962536,0.321446818618037,1444,2004272,pilot; adaptive/event-or-cap stopping
id,ldpc_rate,results/noisy_channel_tradeoffs/server_full/id/ldpc_rate/summary_noisy_channel_tradeoff.mat,results/noisy_channel_tradeoffs/server_full/id/ldpc_rate/E2_0p1_Rc_0p6667/points/result_n_28_awgn_ebno_p0p0.mat,28,2352,32928,0.1,0.666666666666667,0,61,1002300,980922,1002300,6.08600219495161e-05,0.978671056569889,0.978671056569889,0.489365958295919,42.0233463035019,0.357111667369606,1300,2004600,pilot; adaptive/event-or-cap stopping
id,ldpc_rate,results/noisy_channel_tradeoffs/server_full/id/ldpc_rate/summary_noisy_channel_tradeoff.mat,results/noisy_channel_tradeoffs/server_full/id/ldpc_rate/E2_0p1_Rc_0p6667/points/result_n_28_awgn_ebno_p0p25.mat,28,2352,32928,0.1,0.666666666666667,0.25,52,1002300,973084,1002300,5.18806744487678e-05,0.970851042602015,0.970851042602015,0.485451461638232,42.0233463035019,0.357111667369606,1300,2004600,pilot; adaptive/event-or-cap stopping
id,ldpc_rate,results/noisy_channel_tradeoffs/server_full/id/ldpc_rate/summary_noisy_channel_tradeoff.mat,results/noisy_channel_tradeoffs/server_full/id/ldpc_rate/E2_0p1_Rc_0p6667/points/result_n_28_awgn_ebno_p0p5.mat,28,2352,32928,0.1,0.666666666666667,0.5,81,1002300,960264,1002300,8.08141275067345e-05,0.958060460939838,0.958060460939838,0.479070637533673,42.0233463035019,0.357111667369606,1300,2004600,pilot; adaptive/event-or-cap stopping
id,ldpc_rate,results/noisy_channel_tradeoffs/server_full/id/ldpc_rate/summary_noisy_channel_tradeoff.mat,results/noisy_channel_tradeoffs/server_full/id/ldpc_rate/E2_0p1_Rc_0p6667/points/result_n_28_awgn_ebno_p0p75.mat,28,2352,32928,0.1,0.666666666666667,0.75,62,1002300,938417,1002300,6.1857727227377e-05,0.936263593734411,0.936263593734411,0.468162725730819,42.0233463035019,0.357111667369606,1300,2004600,pilot; adaptive/event-or-cap stopping
id,ldpc_rate,results/noisy_channel_tradeoffs/server_full/id/ldpc_rate/summary_noisy_channel_tradeoff.mat,results/noisy_channel_tradeoffs/server_full/id/ldpc_rate/E2_0p1_Rc_0p6667/points/result_n_28_awgn_ebno_p1p0.mat,28,2352,32928,0.1,0.666666666666667,1,61,1002300,895811,1002300,6.08600219495161e-05,0.893755362665869,0.893755362665869,0.446908111343909,42.0233463035019,0.357111667369606,1300,2004600,pilot; adaptive/event-or-cap stopping
id,ldpc_rate,results/noisy_channel_tradeoffs/server_full/id/ldpc_rate/summary_noisy_channel_tradeoff.mat,results/noisy_channel_tradeoffs/server_full/id/ldpc_rate/E2_0p1_Rc_0p6667/points/result_n_28_awgn_ebno_p1p25.mat,28,2352,32928,0.1,0.666666666666667,1.25,61,1002300,795101,1002300,6.08600219495161e-05,0.793276464132495,0.793276464132495,0.396668662077222,42.0233463035019,0.357111667369606,1300,2004600,pilot; adaptive/event-or-cap stopping
id,ldpc_rate,results/noisy_channel_tradeoffs/server_full/id/ldpc_rate/summary_noisy_channel_tradeoff.mat,results/noisy_channel_tradeoffs/server_full/id/ldpc_rate/E2_0p1_Rc_0p6667/points/result_n_28_awgn_ebno_p1p5.mat,28,2352,32928,0.1,0.666666666666667,1.5,59,1002300,573840,1002300,5.88646113937943e-05,0.57252319664771,0.57252319664771,0.286291030629552,42.0233463035019,0.357111667369606,1300,2004600,pilot; adaptive/event-or-cap stopping
id,ldpc_rate,results/noisy_channel_tradeoffs/server_full/id/ldpc_rate/summary_noisy_channel_tradeoff.mat,results/noisy_channel_tradeoffs/server_full/id/ldpc_rate/E2_0p1_Rc_0p6667/points/result_n_28_awgn_ebno_p1p75.mat,28,2352,32928,0.1,0.666666666666667,1.75,47,1002300,83707,1002300,4.68921480594632e-05,0.083514915693904,0.083514915693904,0.0417809039209817,42.0233463035019,0.357111667369606,1300,2004600,pilot; adaptive/event-or-cap stopping
id,ldpc_rate,results/noisy_channel_tradeoffs/server_full/id/ldpc_rate/summary_noisy_channel_tradeoff.mat,results/noisy_channel_tradeoffs/server_full/id/ldpc_rate/E2_0p1_Rc_0p6667/points/result_n_28_awgn_ebno_p2p0.mat,28,2352,32928,0.1,0.666666666666667,2,44,1002300,2,1002300,4.38990322258805e-05,1.99541055572184e-06,4.38990322258805e-05,2.29472213908012e-05,42.0233463035019,0.357111667369606,1300,2004600,pilot; adaptive/event-or-cap stopping
id,ldpc_rate,results/noisy_channel_tradeoffs/server_full/id/ldpc_rate/summary_noisy_channel_tradeoff.mat,results/noisy_channel_tradeoffs/server_full/id/ldpc_rate/E2_0p1_Rc_0p6667/points/result_n_28_awgn_ebno_p2p25.mat,28,2352,32928,0.1,0.666666666666667,2.25,44,1002300,7,1002300,4.38990322258805e-05,6.98393694502644e-06,4.38990322258805e-05,2.54414845854535e-05,42.0233463035019,0.357111667369606,1300,2004600,pilot; adaptive/event-or-cap stopping
id,ldpc_rate,results/noisy_channel_tradeoffs/server_full/id/ldpc_rate/summary_noisy_channel_tradeoff.mat,results/noisy_channel_tradeoffs/server_full/id/ldpc_rate/E2_0p1_Rc_0p6667/points/result_n_28_awgn_ebno_p2p5.mat,28,2352,32928,0.1,0.666666666666667,2.5,44,1002300,1,1002300,4.38990322258805e-05,9.9770527786092e-07,4.38990322258805e-05,2.24483687518707e-05,42.0233463035019,0.357111667369606,1300,2004600,pilot; adaptive/event-or-cap stopping
id,ldpc_rate,results/noisy_channel_tradeoffs/server_full/id/ldpc_rate/summary_noisy_channel_tradeoff.mat,results/noisy_channel_tradeoffs/server_full/id/ldpc_rate/E2_0p1_Rc_0p6667/points/result_n_28_awgn_ebno_p2p75.mat,28,2352,32928,0.1,0.666666666666667,2.75,44,1002300,0,1002300,4.38990322258805e-05,0,4.38990322258805e-05,2.19495161129402e-05,42.0233463035019,0.357111667369606,1300,2004600,pilot; adaptive/event-or-cap stopping
id,ldpc_rate,results/noisy_channel_tradeoffs/server_full/id/ldpc_rate/summary_noisy_channel_tradeoff.mat,results/noisy_channel_tradeoffs/server_full/id/ldpc_rate/E2_0p1_Rc_0p6667/points/result_n_28_awgn_ebno_p3p0.mat,28,2352,32928,0.1,0.666666666666667,3,44,1002300,0,1002300,4.38990322258805e-05,0,4.38990322258805e-05,2.19495161129402e-05,42.0233463035019,0.357111667369606,1300,2004600,pilot; adaptive/event-or-cap stopping
id,ldpc_rate,results/noisy_channel_tradeoffs/server_full/id/ldpc_rate/summary_noisy_channel_tradeoff.mat,results/noisy_channel_tradeoffs/server_full/id/ldpc_rate/E2_0p1_Rc_0p6667/points/result_n_28_awgn_ebno_p3p25.mat,28,2352,32928,0.1,0.666666666666667,3.25,44,1002300,0,1002300,4.38990322258805e-05,0,4.38990322258805e-05,2.19495161129402e-05,42.0233463035019,0.357111667369606,1300,2004600,pilot; adaptive/event-or-cap stopping
id,ldpc_rate,results/noisy_channel_tradeoffs/server_full/id/ldpc_rate/summary_noisy_channel_tradeoff.mat,results/noisy_channel_tradeoffs/server_full/id/ldpc_rate/E2_0p1_Rc_0p6667/points/result_n_28_awgn_ebno_p3p5.mat,28,2352,32928,0.1,0.666666666666667,3.5,44,1002300,0,1002300,4.38990322258805e-05,0,4.38990322258805e-05,2.19495161129402e-05,42.0233463035019,0.357111667369606,1300,2004600,pilot; adaptive/event-or-cap stopping
id,ldpc_rate,results/noisy_channel_tradeoffs/server_full/id/ldpc_rate/summary_noisy_channel_tradeoff.mat,results/noisy_channel_tradeoffs/server_full/id/ldpc_rate/E2_0p1_Rc_0p6667/points/result_n_28_awgn_ebno_p3p75.mat,28,2352,32928,0.1,0.666666666666667,3.75,44,1002300,0,1002300,4.38990322258805e-05,0,4.38990322258805e-05,2.19495161129402e-05,42.0233463035019,0.357111667369606,1300,2004600,pilot; adaptive/event-or-cap stopping
id,ldpc_rate,results/noisy_channel_tradeoffs/server_full/id/ldpc_rate/summary_noisy_channel_tradeoff.mat,results/noisy_channel_tradeoffs/server_full/id/ldpc_rate/E2_0p1_Rc_0p6667/points/result_n_28_awgn_ebno_p4p0.mat,28,2352,32928,0.1,0.666666666666667,4,44,1002300,0,1002300,4.38990322258805e-05,0,4.38990322258805e-05,2.19495161129402e-05,42.0233463035019,0.357111667369606,1300,2004600,pilot; adaptive/event-or-cap stopping
id,ldpc_rate,results/noisy_channel_tradeoffs/server_full/id/ldpc_rate/summary_noisy_channel_tradeoff.mat,results/noisy_channel_tradeoffs/server_full/id/ldpc_rate/E2_0p1_Rc_0p6667/points/result_n_28_awgn_ebno_p4p25.mat,28,2352,32928,0.1,0.666666666666667,4.25,44,1002300,0,1002300,4.38990322258805e-05,0,4.38990322258805e-05,2.19495161129402e-05,42.0233463035019,0.357111667369606,1300,2004600,pilot; adaptive/event-or-cap stopping
id,ldpc_rate,results/noisy_channel_tradeoffs/server_full/id/ldpc_rate/summary_noisy_channel_tradeoff.mat,results/noisy_channel_tradeoffs/server_full/id/ldpc_rate/E2_0p1_Rc_0p6667/points/result_n_28_awgn_ebno_p4p5.mat,28,2352,32928,0.1,0.666666666666667,4.5,44,1002300,0,1002300,4.38990322258805e-05,0,4.38990322258805e-05,2.19495161129402e-05,42.0233463035019,0.357111667369606,1300,2004600,pilot; adaptive/event-or-cap stopping
id,ldpc_rate,results/noisy_channel_tradeoffs/server_full/id/ldpc_rate/summary_noisy_channel_tradeoff.mat,results/noisy_channel_tradeoffs/server_full/id/ldpc_rate/E2_0p1_Rc_0p6667/points/result_n_28_awgn_ebno_p4p75.mat,28,2352,32928,0.1,0.666666666666667,4.75,44,1002300,0,1002300,4.38990322258805e-05,0,4.38990322258805e-05,2.19495161129402e-05,42.0233463035019,0.357111667369606,1300,2004600,pilot; adaptive/event-or-cap stopping
id,ldpc_rate,results/noisy_channel_tradeoffs/server_full/id/ldpc_rate/summary_noisy_channel_tradeoff.mat,results/noisy_channel_tradeoffs/server_full/id/ldpc_rate/E2_0p1_Rc_0p6667/points/result_n_28_awgn_ebno_p5p0.mat,28,2352,32928,0.1,0.666666666666667,5,44,1002300,0,1002300,4.38990322258805e-05,0,4.38990322258805e-05,2.19495161129402e-05,42.0233463035019,0.357111667369606,1300,2004600,pilot; adaptive/event-or-cap stopping
id,ldpc_rate,results/noisy_channel_tradeoffs/server_full/id/ldpc_rate/summary_noisy_channel_tradeoff.mat,results/noisy_channel_tradeoffs/server_full/id/ldpc_rate/E2_0p1_Rc_0p3333/points/result_n_40_awgn_ebno_p0p0.mat,40,65536,1310720,0.1,0.333333333333333,0,0,1000080,821036,1000080,0,0.82097032237421,0.82097032237421,0.410485161187105,120,0.169349400790728,3704,2000160,pilot; adaptive/event-or-cap stopping
id,ldpc_rate,results/noisy_channel_tradeoffs/server_full/id/ldpc_rate/summary_noisy_channel_tradeoff.mat,results/noisy_channel_tradeoffs/server_full/id/ldpc_rate/E2_0p1_Rc_0p3333/points/result_n_40_awgn_ebno_p0p25.mat,40,65536,1310720,0.1,0.333333333333333,0.25,1,1000080,598749,1000080,9.99920006399488e-07,0.598701103911687,0.598701103911687,0.299351051915847,120,0.169349400790728,3704,2000160,pilot; adaptive/event-or-cap stopping
id,ldpc_rate,results/noisy_channel_tradeoffs/server_full/id/ldpc_rate/summary_noisy_channel_tradeoff.mat,results/noisy_channel_tradeoffs/server_full/id/ldpc_rate/E2_0p1_Rc_0p3333/points/result_n_40_awgn_ebno_p0p5.mat,40,65536,1310720,0.1,0.333333333333333,0.5,2,1000080,468854,1000080,1.99984001279898e-06,0.468816494680426,0.468816494680426,0.234409247260219,120,0.169349400790728,3704,2000160,pilot; adaptive/event-or-cap stopping
id,ldpc_rate,results/noisy_channel_tradeoffs/server_full/id/ldpc_rate/summary_noisy_channel_tradeoff.mat,results/noisy_channel_tradeoffs/server_full/id/ldpc_rate/E2_0p1_Rc_0p3333/points/result_n_40_awgn_ebno_p0p75.mat,40,65536,1310720,0.1,0.333333333333333,0.75,2,1000080,327739,1000080,1.99984001279898e-06,0.327712782977362,0.327712782977362,0.163857391408687,120,0.169349400790728,3704,2000160,pilot; adaptive/event-or-cap stopping
id,ldpc_rate,results/noisy_channel_tradeoffs/server_full/id/ldpc_rate/summary_noisy_channel_tradeoff.mat,results/noisy_channel_tradeoffs/server_full/id/ldpc_rate/E2_0p1_Rc_0p3333/points/result_n_40_awgn_ebno_p1p0.mat,40,65536,1310720,0.1,0.333333333333333,1,2,1000080,188958,1000080,1.99984001279898e-06,0.188942884569234,0.188942884569234,0.0944724422046236,120,0.169349400790728,3704,2000160,pilot; adaptive/event-or-cap stopping
id,ldpc_rate,results/noisy_channel_tradeoffs/server_full/id/ldpc_rate/summary_noisy_channel_tradeoff.mat,results/noisy_channel_tradeoffs/server_full/id/ldpc_rate/E2_0p1_Rc_0p3333/points/result_n_40_awgn_ebno_p1p25.mat,40,65536,1310720,0.1,0.333333333333333,1.25,3,1000080,88455,1000080,2.99976001919846e-06,0.0884479241660667,0.0884479241660667,0.044225461963043,120,0.169349400790728,3704,2000160,pilot; adaptive/event-or-cap stopping
id,ldpc_rate,results/noisy_channel_tradeoffs/server_full/id/ldpc_rate/summary_noisy_channel_tradeoff.mat,results/noisy_channel_tradeoffs/server_full/id/ldpc_rate/E2_0p1_Rc_0p3333/points/result_n_40_awgn_ebno_p1p5.mat,40,65536,1310720,0.1,0.333333333333333,1.5,4,1000080,36251,1000080,3.99968002559795e-06,0.0362481001519878,0.0362481001519878,0.0181260499160067,120,0.169349400790728,3704,2000160,pilot; adaptive/event-or-cap stopping
id,ldpc_rate,results/noisy_channel_tradeoffs/server_full/id/ldpc_rate/summary_noisy_channel_tradeoff.mat,results/noisy_channel_tradeoffs/server_full/id/ldpc_rate/E2_0p1_Rc_0p3333/points/result_n_40_awgn_ebno_p1p75.mat,40,65536,1310720,0.1,0.333333333333333,1.75,2,1000080,13904,1000080,1.99984001279898e-06,0.0139028877689785,0.0139028877689785,0.00695244380449564,120,0.169349400790728,3704,2000160,pilot; adaptive/event-or-cap stopping
id,ldpc_rate,results/noisy_channel_tradeoffs/server_full/id/ldpc_rate/summary_noisy_channel_tradeoff.mat,results/noisy_channel_tradeoffs/server_full/id/ldpc_rate/E2_0p1_Rc_0p3333/points/result_n_40_awgn_ebno_p2p0.mat,40,65536,1310720,0.1,0.333333333333333,2,3,1000080,5207,1000080,2.99976001919846e-06,0.00520658347332213,0.00520658347332213,0.00260479161667067,120,0.169349400790728,3704,2000160,pilot; adaptive/event-or-cap stopping
id,ldpc_rate,results/noisy_channel_tradeoffs/server_full/id/ldpc_rate/summary_noisy_channel_tradeoff.mat,results/noisy_channel_tradeoffs/server_full/id/ldpc_rate/E2_0p1_Rc_0p3333/points/result_n_40_awgn_ebno_p2p25.mat,40,65536,1310720,0.1,0.333333333333333,2.25,3,1000080,1870,1000080,2.99976001919846e-06,0.00186985041196704,0.00186985041196704,0.000936425085993121,120,0.169349400790728,3704,2000160,pilot; adaptive/event-or-cap stopping
id,ldpc_rate,results/noisy_channel_tradeoffs/server_full/id/ldpc_rate/summary_noisy_channel_tradeoff.mat,results/noisy_channel_tradeoffs/server_full/id/ldpc_rate/E2_0p1_Rc_0p3333/points/result_n_40_awgn_ebno_p2p5.mat,40,65536,1310720,0.1,0.333333333333333,2.5,3,1000080,687,1000080,2.99976001919846e-06,0.000686945044396448,0.000686945044396448,0.000344972402207823,120,0.169349400790728,3704,2000160,pilot; adaptive/event-or-cap stopping
id,ldpc_rate,results/noisy_channel_tradeoffs/server_full/id/ldpc_rate/summary_noisy_channel_tradeoff.mat,results/noisy_channel_tradeoffs/server_full/id/ldpc_rate/E2_0p1_Rc_0p3333/points/result_n_40_awgn_ebno_p2p75.mat,40,65536,1310720,0.1,0.333333333333333,2.75,3,1000080,238,1000080,2.99976001919846e-06,0.000237980961523078,0.000237980961523078,0.000120490360771138,120,0.169349400790728,3704,2000160,pilot; adaptive/event-or-cap stopping
id,ldpc_rate,results/noisy_channel_tradeoffs/server_full/id/ldpc_rate/summary_noisy_channel_tradeoff.mat,results/noisy_channel_tradeoffs/server_full/id/ldpc_rate/E2_0p1_Rc_0p3333/points/result_n_40_awgn_ebno_p3p0.mat,40,65536,1310720,0.1,0.333333333333333,3,3,1000080,114,1000080,2.99976001919846e-06,0.000113990880729542,0.000113990880729542,5.84953203743701e-05,120,0.169349400790728,3704,2000160,pilot; adaptive/event-or-cap stopping
id,ldpc_rate,results/noisy_channel_tradeoffs/server_full/id/ldpc_rate/summary_noisy_channel_tradeoff.mat,results/noisy_channel_tradeoffs/server_full/id/ldpc_rate/E2_0p1_Rc_0p3333/points/result_n_40_awgn_ebno_p3p25.mat,40,65536,1310720,0.1,0.333333333333333,3.25,3,1000080,39,1000080,2.99976001919846e-06,3.899688024958e-05,3.899688024958e-05,2.09983201343892e-05,120,0.169349400790728,3704,2000160,pilot; adaptive/event-or-cap stopping
id,ldpc_rate,results/noisy_channel_tradeoffs/server_full/id/ldpc_rate/summary_noisy_channel_tradeoff.mat,results/noisy_channel_tradeoffs/server_full/id/ldpc_rate/E2_0p1_Rc_0p3333/points/result_n_40_awgn_ebno_p3p5.mat,40,65536,1310720,0.1,0.333333333333333,3.5,3,1000080,14,1000080,2.99976001919846e-06,1.39988800895928e-05,1.39988800895928e-05,8.49932005439565e-06,120,0.169349400790728,3704,2000160,pilot; adaptive/event-or-cap stopping
id,ldpc_rate,results/noisy_channel_tradeoffs/server_full/id/ldpc_rate/summary_noisy_channel_tradeoff.mat,results/noisy_channel_tradeoffs/server_full/id/ldpc_rate/E2_0p1_Rc_0p3333/points/result_n_40_awgn_ebno_p3p75.mat,40,65536,1310720,0.1,0.333333333333333,3.75,3,1000080,2,1000080,2.99976001919846e-06,1.99984001279898e-06,2.99976001919846e-06,2.49980001599872e-06,120,0.169349400790728,3704,2000160,pilot; adaptive/event-or-cap stopping
id,ldpc_rate,results/noisy_channel_tradeoffs/server_full/id/ldpc_rate/summary_noisy_channel_tradeoff.mat,results/noisy_channel_tradeoffs/server_full/id/ldpc_rate/E2_0p1_Rc_0p3333/points/result_n_40_awgn_ebno_p4p0.mat,40,65536,1310720,0.1,0.333333333333333,4,3,1000080,1,1000080,2.99976001919846e-06,9.99920006399488e-07,2.99976001919846e-06,1.99984001279898e-06,120,0.169349400790728,3704,2000160,pilot; adaptive/event-or-cap stopping
id,ldpc_rate,results/noisy_channel_tradeoffs/server_full/id/ldpc_rate/summary_noisy_channel_tradeoff.mat,results/noisy_channel_tradeoffs/server_full/id/ldpc_rate/E2_0p1_Rc_0p3333/points/result_n_40_awgn_ebno_p4p25.mat,40,65536,1310720,0.1,0.333333333333333,4.25,3,1000080,1,1000080,2.99976001919846e-06,9.99920006399488e-07,2.99976001919846e-06,1.99984001279898e-06,120,0.169349400790728,3704,2000160,pilot; adaptive/event-or-cap stopping
id,ldpc_rate,results/noisy_channel_tradeoffs/server_full/id/ldpc_rate/summary_noisy_channel_tradeoff.mat,results/noisy_channel_tradeoffs/server_full/id/ldpc_rate/E2_0p1_Rc_0p3333/points/result_n_40_awgn_ebno_p4p5.mat,40,65536,1310720,0.1,0.333333333333333,4.5,3,1000080,0,1000080,2.99976001919846e-06,0,2.99976001919846e-06,1.49988000959923e-06,120,0.169349400790728,3704,2000160,pilot; adaptive/event-or-cap stopping
id,ldpc_rate,results/noisy_channel_tradeoffs/server_full/id/ldpc_rate/summary_noisy_channel_tradeoff.mat,results/noisy_channel_tradeoffs/server_full/id/ldpc_rate/E2_0p1_Rc_0p3333/points/result_n_40_awgn_ebno_p4p75.mat,40,65536,1310720,0.1,0.333333333333333,4.75,3,1000080,0,1000080,2.99976001919846e-06,0,2.99976001919846e-06,1.49988000959923e-06,120,0.169349400790728,3704,2000160,pilot; adaptive/event-or-cap stopping
id,ldpc_rate,results/noisy_channel_tradeoffs/server_full/id/ldpc_rate/summary_noisy_channel_tradeoff.mat,results/noisy_channel_tradeoffs/server_full/id/ldpc_rate/E2_0p1_Rc_0p3333/points/result_n_40_awgn_ebno_p5p0.mat,40,65536,1310720,0.1,0.333333333333333,5,3,1000080,0,1000080,2.99976001919846e-06,0,2.99976001919846e-06,1.49988000959923e-06,120,0.169349400790728,3704,2000160,pilot; adaptive/event-or-cap stopping
id,ldpc_rate,results/noisy_channel_tradeoffs/server_full/id/ldpc_rate/summary_noisy_channel_tradeoff.mat,results/noisy_channel_tradeoffs/server_full/id/ldpc_rate/E2_0p1_Rc_0p4/points/result_n_40_awgn_ebno_p0p0.mat,40,65536,1310720,0.1,0.4,0,0,1000512,999747,1000512,0,0.999235391479562,0.999235391479562,0.499617695739781,100,0.203219280948874,3088,2001024,pilot; adaptive/event-or-cap stopping
id,ldpc_rate,results/noisy_channel_tradeoffs/server_full/id/ldpc_rate/summary_noisy_channel_tradeoff.mat,results/noisy_channel_tradeoffs/server_full/id/ldpc_rate/E2_0p1_Rc_0p4/points/result_n_40_awgn_ebno_p0p25.mat,40,65536,1310720,0.1,0.4,0.25,1,1000512,984712,1000512,9.99488262009851e-07,0.984208085460244,0.984208085460244,0.492104542474253,100,0.203219280948874,3088,2001024,pilot; adaptive/event-or-cap stopping
id,ldpc_rate,results/noisy_channel_tradeoffs/server_full/id/ldpc_rate/summary_noisy_channel_tradeoff.mat,results/noisy_channel_tradeoffs/server_full/id/ldpc_rate/E2_0p1_Rc_0p4/points/result_n_40_awgn_ebno_p0p5.mat,40,65536,1310720,0.1,0.4,0.5,3,1000512,282038,1000512,2.99846478602955e-06,0.281893670440734,0.281893670440734,0.14094833445276,100,0.203219280948874,3088,2001024,pilot; adaptive/event-or-cap stopping
id,ldpc_rate,results/noisy_channel_tradeoffs/server_full/id/ldpc_rate/summary_noisy_channel_tradeoff.mat,results/noisy_channel_tradeoffs/server_full/id/ldpc_rate/E2_0p1_Rc_0p4/points/result_n_40_awgn_ebno_p0p75.mat,40,65536,1310720,0.1,0.4,0.75,3,1000512,134568,1000512,2.99846478602955e-06,0.134499136442142,0.134499136442142,0.0672510674534638,100,0.203219280948874,3088,2001024,pilot; adaptive/event-or-cap stopping
id,ldpc_rate,results/noisy_channel_tradeoffs/server_full/id/ldpc_rate/summary_noisy_channel_tradeoff.mat,results/noisy_channel_tradeoffs/server_full/id/ldpc_rate/E2_0p1_Rc_0p4/points/result_n_40_awgn_ebno_p1p0.mat,40,65536,1310720,0.1,0.4,1,2,1000512,50402,1000512,1.9989765240197e-06,0.0503762073818205,0.0503762073818205,0.0251891031791723,100,0.203219280948874,3088,2001024,pilot; adaptive/event-or-cap stopping
id,ldpc_rate,results/noisy_channel_tradeoffs/server_full/id/ldpc_rate/summary_noisy_channel_tradeoff.mat,results/noisy_channel_tradeoffs/server_full/id/ldpc_rate/E2_0p1_Rc_0p4/points/result_n_40_awgn_ebno_p1p25.mat,40,65536,1310720,0.1,0.4,1.25,3,1000512,15981,1000512,2.99846478602955e-06,0.0159728219151794,0.0159728219151794,0.00798791018998273,100,0.203219280948874,3088,2001024,pilot; adaptive/event-or-cap stopping
id,ldpc_rate,results/noisy_channel_tradeoffs/server_full/id/ldpc_rate/summary_noisy_channel_tradeoff.mat,results/noisy_channel_tradeoffs/server_full/id/ldpc_rate/E2_0p1_Rc_0p4/points/result_n_40_awgn_ebno_p1p5.mat,40,65536,1310720,0.1,0.4,1.5,3,1000512,4901,1000512,2.99846478602955e-06,0.00489849197211028,0.00489849197211028,0.00245074521844815,100,0.203219280948874,3088,2001024,pilot; adaptive/event-or-cap stopping
id,ldpc_rate,results/noisy_channel_tradeoffs/server_full/id/ldpc_rate/summary_noisy_channel_tradeoff.mat,results/noisy_channel_tradeoffs/server_full/id/ldpc_rate/E2_0p1_Rc_0p4/points/result_n_40_awgn_ebno_p1p75.mat,40,65536,1310720,0.1,0.4,1.75,3,1000512,1568,1000512,2.99846478602955e-06,0.00156719759483145,0.00156719759483145,0.000785098029808738,100,0.203219280948874,3088,2001024,pilot; adaptive/event-or-cap stopping
id,ldpc_rate,results/noisy_channel_tradeoffs/server_full/id/ldpc_rate/summary_noisy_channel_tradeoff.mat,results/noisy_channel_tradeoffs/server_full/id/ldpc_rate/E2_0p1_Rc_0p4/points/result_n_40_awgn_ebno_p2p0.mat,40,65536,1310720,0.1,0.4,2,3,1000512,512,1000512,2.99846478602955e-06,0.000511737990149044,0.000511737990149044,0.000257368227467537,100,0.203219280948874,3088,2001024,pilot; adaptive/event-or-cap stopping
id,ldpc_rate,results/noisy_channel_tradeoffs/server_full/id/ldpc_rate/summary_noisy_channel_tradeoff.mat,results/noisy_channel_tradeoffs/server_full/id/ldpc_rate/E2_0p1_Rc_0p4/points/result_n_40_awgn_ebno_p2p25.mat,40,65536,1310720,0.1,0.4,2.25,3,1000512,157,1000512,2.99846478602955e-06,0.000156919657135547,0.000156919657135547,7.99590609607881e-05,100,0.203219280948874,3088,2001024,pilot; adaptive/event-or-cap stopping
id,ldpc_rate,results/noisy_channel_tradeoffs/server_full/id/ldpc_rate/summary_noisy_channel_tradeoff.mat,results/noisy_channel_tradeoffs/server_full/id/ldpc_rate/E2_0p1_Rc_0p4/points/result_n_40_awgn_ebno_p2p5.mat,40,65536,1310720,0.1,0.4,2.5,3,1000512,52,1000512,2.99846478602955e-06,5.19733896245123e-05,5.19733896245123e-05,2.74859272052709e-05,100,0.203219280948874,3088,2001024,pilot; adaptive/event-or-cap stopping
id,ldpc_rate,results/noisy_channel_tradeoffs/server_full/id/ldpc_rate/summary_noisy_channel_tradeoff.mat,results/noisy_channel_tradeoffs/server_full/id/ldpc_rate/E2_0p1_Rc_0p4/points/result_n_40_awgn_ebno_p2p75.mat,40,65536,1310720,0.1,0.4,2.75,3,1000512,16,1000512,2.99846478602955e-06,1.59918121921576e-05,1.59918121921576e-05,9.49513848909358e-06,100,0.203219280948874,3088,2001024,pilot; adaptive/event-or-cap stopping
id,ldpc_rate,results/noisy_channel_tradeoffs/server_full/id/ldpc_rate/summary_noisy_channel_tradeoff.mat,results/noisy_channel_tradeoffs/server_full/id/ldpc_rate/E2_0p1_Rc_0p4/points/result_n_40_awgn_ebno_p3p0.mat,40,65536,1310720,0.1,0.4,3,3,1000512,4,1000512,2.99846478602955e-06,3.9979530480394e-06,3.9979530480394e-06,3.49820891703448e-06,100,0.203219280948874,3088,2001024,pilot; adaptive/event-or-cap stopping
id,ldpc_rate,results/noisy_channel_tradeoffs/server_full/id/ldpc_rate/summary_noisy_channel_tradeoff.mat,results/noisy_channel_tradeoffs/server_full/id/ldpc_rate/E2_0p1_Rc_0p4/points/result_n_40_awgn_ebno_p3p25.mat,40,65536,1310720,0.1,0.4,3.25,3,1000512,3,1000512,2.99846478602955e-06,2.99846478602955e-06,2.99846478602955e-06,2.99846478602955e-06,100,0.203219280948874,3088,2001024,pilot; adaptive/event-or-cap stopping
id,ldpc_rate,results/noisy_channel_tradeoffs/server_full/id/ldpc_rate/summary_noisy_channel_tradeoff.mat,results/noisy_channel_tradeoffs/server_full/id/ldpc_rate/E2_0p1_Rc_0p4/points/result_n_40_awgn_ebno_p3p5.mat,40,65536,1310720,0.1,0.4,3.5,3,1000512,0,1000512,2.99846478602955e-06,0,2.99846478602955e-06,1.49923239301478e-06,100,0.203219280948874,3088,2001024,pilot; adaptive/event-or-cap stopping
id,ldpc_rate,results/noisy_channel_tradeoffs/server_full/id/ldpc_rate/summary_noisy_channel_tradeoff.mat,results/noisy_channel_tradeoffs/server_full/id/ldpc_rate/E2_0p1_Rc_0p4/points/result_n_40_awgn_ebno_p3p75.mat,40,65536,1310720,0.1,0.4,3.75,3,1000512,0,1000512,2.99846478602955e-06,0,2.99846478602955e-06,1.49923239301478e-06,100,0.203219280948874,3088,2001024,pilot; adaptive/event-or-cap stopping
id,ldpc_rate,results/noisy_channel_tradeoffs/server_full/id/ldpc_rate/summary_noisy_channel_tradeoff.mat,results/noisy_channel_tradeoffs/server_full/id/ldpc_rate/E2_0p1_Rc_0p4/points/result_n_40_awgn_ebno_p4p0.mat,40,65536,1310720,0.1,0.4,4,3,1000512,0,1000512,2.99846478602955e-06,0,2.99846478602955e-06,1.49923239301478e-06,100,0.203219280948874,3088,2001024,pilot; adaptive/event-or-cap stopping
id,ldpc_rate,results/noisy_channel_tradeoffs/server_full/id/ldpc_rate/summary_noisy_channel_tradeoff.mat,results/noisy_channel_tradeoffs/server_full/id/ldpc_rate/E2_0p1_Rc_0p4/points/result_n_40_awgn_ebno_p4p25.mat,40,65536,1310720,0.1,0.4,4.25,3,1000512,0,1000512,2.99846478602955e-06,0,2.99846478602955e-06,1.49923239301478e-06,100,0.203219280948874,3088,2001024,pilot; adaptive/event-or-cap stopping
id,ldpc_rate,results/noisy_channel_tradeoffs/server_full/id/ldpc_rate/summary_noisy_channel_tradeoff.mat,results/noisy_channel_tradeoffs/server_full/id/ldpc_rate/E2_0p1_Rc_0p4/points/result_n_40_awgn_ebno_p4p5.mat,40,65536,1310720,0.1,0.4,4.5,3,1000512,0,1000512,2.99846478602955e-06,0,2.99846478602955e-06,1.49923239301478e-06,100,0.203219280948874,3088,2001024,pilot; adaptive/event-or-cap stopping
id,ldpc_rate,results/noisy_channel_tradeoffs/server_full/id/ldpc_rate/summary_noisy_channel_tradeoff.mat,results/noisy_channel_tradeoffs/server_full/id/ldpc_rate/E2_0p1_Rc_0p4/points/result_n_40_awgn_ebno_p4p75.mat,40,65536,1310720,0.1,0.4,4.75,3,1000512,0,1000512,2.99846478602955e-06,0,2.99846478602955e-06,1.49923239301478e-06,100,0.203219280948874,3088,2001024,pilot; adaptive/event-or-cap stopping
id,ldpc_rate,results/noisy_channel_tradeoffs/server_full/id/ldpc_rate/summary_noisy_channel_tradeoff.mat,results/noisy_channel_tradeoffs/server_full/id/ldpc_rate/E2_0p1_Rc_0p4/points/result_n_40_awgn_ebno_p5p0.mat,40,65536,1310720,0.1,0.4,5,3,1000512,0,1000512,2.99846478602955e-06,0,2.99846478602955e-06,1.49923239301478e-06,100,0.203219280948874,3088,2001024,pilot; adaptive/event-or-cap stopping
id,ldpc_rate,results/noisy_channel_tradeoffs/server_full/id/ldpc_rate/summary_noisy_channel_tradeoff.mat,results/noisy_channel_tradeoffs/server_full/id/ldpc_rate/E2_0p1_Rc_0p5/points/result_n_40_awgn_ebno_p0p0.mat,40,65536,1310720,0.1,0.5,0,2,1001160,999779,1001160,1.99768268808182e-06,0.99862060010388,0.99862060010388,0.499311298893284,80,0.254024101186092,2472,2002320,pilot; adaptive/event-or-cap stopping
id,ldpc_rate,results/noisy_channel_tradeoffs/server_full/id/ldpc_rate/summary_noisy_channel_tradeoff.mat,results/noisy_channel_tradeoffs/server_full/id/ldpc_rate/E2_0p1_Rc_0p5/points/result_n_40_awgn_ebno_p0p25.mat,40,65536,1310720,0.1,0.5,0.25,1,1001160,998338,1001160,9.98841344040912e-07,0.997181269727117,0.997181269727117,0.49859113428423,80,0.254024101186092,2472,2002320,pilot; adaptive/event-or-cap stopping
id,ldpc_rate,results/noisy_channel_tradeoffs/server_full/id/ldpc_rate/summary_noisy_channel_tradeoff.mat,results/noisy_channel_tradeoffs/server_full/id/ldpc_rate/E2_0p1_Rc_0p5/points/result_n_40_awgn_ebno_p0p5.mat,40,65536,1310720,0.1,0.5,0.5,0,1001160,993146,1001160,0,0.991995285468856,0.991995285468856,0.495997642734428,80,0.254024101186092,2472,2002320,pilot; adaptive/event-or-cap stopping
id,ldpc_rate,results/noisy_channel_tradeoffs/server_full/id/ldpc_rate/summary_noisy_channel_tradeoff.mat,results/noisy_channel_tradeoffs/server_full/id/ldpc_rate/E2_0p1_Rc_0p5/points/result_n_40_awgn_ebno_p0p75.mat,40,65536,1310720,0.1,0.5,0.75,4,1001160,780628,1001160,3.99536537616365e-06,0.77972352071597,0.77972352071597,0.389863758040673,80,0.254024101186092,2472,2002320,pilot; adaptive/event-or-cap stopping
id,ldpc_rate,results/noisy_channel_tradeoffs/server_full/id/ldpc_rate/summary_noisy_channel_tradeoff.mat,results/noisy_channel_tradeoffs/server_full/id/ldpc_rate/E2_0p1_Rc_0p5/points/result_n_40_awgn_ebno_p1p0.mat,40,65536,1310720,0.1,0.5,1,3,1001160,4998,1001160,2.99652403212274e-06,0.00499220903751648,0.00499220903751648,0.0024976027807743,80,0.254024101186092,2472,2002320,pilot; adaptive/event-or-cap stopping
id,ldpc_rate,results/noisy_channel_tradeoffs/server_full/id/ldpc_rate/summary_noisy_channel_tradeoff.mat,results/noisy_channel_tradeoffs/server_full/id/ldpc_rate/E2_0p1_Rc_0p5/points/result_n_40_awgn_ebno_p1p25.mat,40,65536,1310720,0.1,0.5,1.25,3,1001160,864,1001160,2.99652403212274e-06,0.000862998921251348,0.000862998921251348,0.000432997722641736,80,0.254024101186092,2472,2002320,pilot; adaptive/event-or-cap stopping
id,ldpc_rate,results/noisy_channel_tradeoffs/server_full/id/ldpc_rate/summary_noisy_channel_tradeoff.mat,results/noisy_channel_tradeoffs/server_full/id/ldpc_rate/E2_0p1_Rc_0p5/points/result_n_40_awgn_ebno_p1p5.mat,40,65536,1310720,0.1,0.5,1.5,3,1001160,210,1001160,2.99652403212274e-06,0.000209756682248592,0.000209756682248592,0.000106376603140357,80,0.254024101186092,2472,2002320,pilot; adaptive/event-or-cap stopping
id,ldpc_rate,results/noisy_channel_tradeoffs/server_full/id/ldpc_rate/summary_noisy_channel_tradeoff.mat,results/noisy_channel_tradeoffs/server_full/id/ldpc_rate/E2_0p1_Rc_0p5/points/result_n_40_awgn_ebno_p1p75.mat,40,65536,1310720,0.1,0.5,1.75,3,1001160,44,1001160,2.99652403212274e-06,4.39490191378002e-05,4.39490191378002e-05,2.34727715849614e-05,80,0.254024101186092,2472,2002320,pilot; adaptive/event-or-cap stopping
id,ldpc_rate,results/noisy_channel_tradeoffs/server_full/id/ldpc_rate/summary_noisy_channel_tradeoff.mat,results/noisy_channel_tradeoffs/server_full/id/ldpc_rate/E2_0p1_Rc_0p5/points/result_n_40_awgn_ebno_p2p0.mat,40,65536,1310720,0.1,0.5,2,3,1001160,15,1001160,2.99652403212274e-06,1.49826201606137e-05,1.49826201606137e-05,8.98957209636821e-06,80,0.254024101186092,2472,2002320,pilot; adaptive/event-or-cap stopping
id,ldpc_rate,results/noisy_channel_tradeoffs/server_full/id/ldpc_rate/summary_noisy_channel_tradeoff.mat,results/noisy_channel_tradeoffs/server_full/id/ldpc_rate/E2_0p1_Rc_0p5/points/result_n_40_awgn_ebno_p2p25.mat,40,65536,1310720,0.1,0.5,2.25,3,1001160,4,1001160,2.99652403212274e-06,3.99536537616365e-06,3.99536537616365e-06,3.49594470414319e-06,80,0.254024101186092,2472,2002320,pilot; adaptive/event-or-cap stopping
id,ldpc_rate,results/noisy_channel_tradeoffs/server_full/id/ldpc_rate/summary_noisy_channel_tradeoff.mat,results/noisy_channel_tradeoffs/server_full/id/ldpc_rate/E2_0p1_Rc_0p5/points/result_n_40_awgn_ebno_p2p5.mat,40,65536,1310720,0.1,0.5,2.5,3,1001160,0,1001160,2.99652403212274e-06,0,2.99652403212274e-06,1.49826201606137e-06,80,0.254024101186092,2472,2002320,pilot; adaptive/event-or-cap stopping
id,ldpc_rate,results/noisy_channel_tradeoffs/server_full/id/ldpc_rate/summary_noisy_channel_tradeoff.mat,results/noisy_channel_tradeoffs/server_full/id/ldpc_rate/E2_0p1_Rc_0p5/points/result_n_40_awgn_ebno_p2p75.mat,40,65536,1310720,0.1,0.5,2.75,3,1001160,0,1001160,2.99652403212274e-06,0,2.99652403212274e-06,1.49826201606137e-06,80,0.254024101186092,2472,2002320,pilot; adaptive/event-or-cap stopping
id,ldpc_rate,results/noisy_channel_tradeoffs/server_full/id/ldpc_rate/summary_noisy_channel_tradeoff.mat,results/noisy_channel_tradeoffs/server_full/id/ldpc_rate/E2_0p1_Rc_0p5/points/result_n_40_awgn_ebno_p3p0.mat,40,65536,1310720,0.1,0.5,3,3,1001160,0,1001160,2.99652403212274e-06,0,2.99652403212274e-06,1.49826201606137e-06,80,0.254024101186092,2472,2002320,pilot; adaptive/event-or-cap stopping
id,ldpc_rate,results/noisy_channel_tradeoffs/server_full/id/ldpc_rate/summary_noisy_channel_tradeoff.mat,results/noisy_channel_tradeoffs/server_full/id/ldpc_rate/E2_0p1_Rc_0p5/points/result_n_40_awgn_ebno_p3p25.mat,40,65536,1310720,0.1,0.5,3.25,3,1001160,0,1001160,2.99652403212274e-06,0,2.99652403212274e-06,1.49826201606137e-06,80,0.254024101186092,2472,2002320,pilot; adaptive/event-or-cap stopping
id,ldpc_rate,results/noisy_channel_tradeoffs/server_full/id/ldpc_rate/summary_noisy_channel_tradeoff.mat,results/noisy_channel_tradeoffs/server_full/id/ldpc_rate/E2_0p1_Rc_0p5/points/result_n_40_awgn_ebno_p3p5.mat,40,65536,1310720,0.1,0.5,3.5,3,1001160,0,1001160,2.99652403212274e-06,0,2.99652403212274e-06,1.49826201606137e-06,80,0.254024101186092,2472,2002320,pilot; adaptive/event-or-cap stopping
id,ldpc_rate,results/noisy_channel_tradeoffs/server_full/id/ldpc_rate/summary_noisy_channel_tradeoff.mat,results/noisy_channel_tradeoffs/server_full/id/ldpc_rate/E2_0p1_Rc_0p5/points/result_n_40_awgn_ebno_p3p75.mat,40,65536,1310720,0.1,0.5,3.75,3,1001160,0,1001160,2.99652403212274e-06,0,2.99652403212274e-06,1.49826201606137e-06,80,0.254024101186092,2472,2002320,pilot; adaptive/event-or-cap stopping
id,ldpc_rate,results/noisy_channel_tradeoffs/server_full/id/ldpc_rate/summary_noisy_channel_tradeoff.mat,results/noisy_channel_tradeoffs/server_full/id/ldpc_rate/E2_0p1_Rc_0p5/points/result_n_40_awgn_ebno_p4p0.mat,40,65536,1310720,0.1,0.5,4,3,1001160,0,1001160,2.99652403212274e-06,0,2.99652403212274e-06,1.49826201606137e-06,80,0.254024101186092,2472,2002320,pilot; adaptive/event-or-cap stopping
id,ldpc_rate,results/noisy_channel_tradeoffs/server_full/id/ldpc_rate/summary_noisy_channel_tradeoff.mat,results/noisy_channel_tradeoffs/server_full/id/ldpc_rate/E2_0p1_Rc_0p5/points/result_n_40_awgn_ebno_p4p25.mat,40,65536,1310720,0.1,0.5,4.25,3,1001160,0,1001160,2.99652403212274e-06,0,2.99652403212274e-06,1.49826201606137e-06,80,0.254024101186092,2472,2002320,pilot; adaptive/event-or-cap stopping
id,ldpc_rate,results/noisy_channel_tradeoffs/server_full/id/ldpc_rate/summary_noisy_channel_tradeoff.mat,results/noisy_channel_tradeoffs/server_full/id/ldpc_rate/E2_0p1_Rc_0p5/points/result_n_40_awgn_ebno_p4p5.mat,40,65536,1310720,0.1,0.5,4.5,3,1001160,0,1001160,2.99652403212274e-06,0,2.99652403212274e-06,1.49826201606137e-06,80,0.254024101186092,2472,2002320,pilot; adaptive/event-or-cap stopping
id,ldpc_rate,results/noisy_channel_tradeoffs/server_full/id/ldpc_rate/summary_noisy_channel_tradeoff.mat,results/noisy_channel_tradeoffs/server_full/id/ldpc_rate/E2_0p1_Rc_0p5/points/result_n_40_awgn_ebno_p4p75.mat,40,65536,1310720,0.1,0.5,4.75,3,1001160,0,1001160,2.99652403212274e-06,0,2.99652403212274e-06,1.49826201606137e-06,80,0.254024101186092,2472,2002320,pilot; adaptive/event-or-cap stopping
id,ldpc_rate,results/noisy_channel_tradeoffs/server_full/id/ldpc_rate/summary_noisy_channel_tradeoff.mat,results/noisy_channel_tradeoffs/server_full/id/ldpc_rate/E2_0p1_Rc_0p5/points/result_n_40_awgn_ebno_p5p0.mat,40,65536,1310720,0.1,0.5,5,3,1001160,0,1001160,2.99652403212274e-06,0,2.99652403212274e-06,1.49826201606137e-06,80,0.254024101186092,2472,2002320,pilot; adaptive/event-or-cap stopping
id,ldpc_rate,results/noisy_channel_tradeoffs/server_full/id/ldpc_rate/summary_noisy_channel_tradeoff.mat,results/noisy_channel_tradeoffs/server_full/id/ldpc_rate/E2_0p1_Rc_0p6/points/result_n_40_awgn_ebno_p0p0.mat,40,65536,1310720,0.1,0.6,0,0,1001160,999764,1001160,0,0.998605617483719,0.998605617483719,0.499302808741859,66.6666666666667,0.30482892142331,2060,2002320,pilot; adaptive/event-or-cap stopping
id,ldpc_rate,results/noisy_channel_tradeoffs/server_full/id/ldpc_rate/summary_noisy_channel_tradeoff.mat,results/noisy_channel_tradeoffs/server_full/id/ldpc_rate/E2_0p1_Rc_0p6/points/result_n_40_awgn_ebno_p0p25.mat,40,65536,1310720,0.1,0.6,0.25,0,1001160,999214,1001160,0,0.998056254744496,0.998056254744496,0.499028127372248,66.6666666666667,0.30482892142331,2060,2002320,pilot; adaptive/event-or-cap stopping
id,ldpc_rate,results/noisy_channel_tradeoffs/server_full/id/ldpc_rate/summary_noisy_channel_tradeoff.mat,results/noisy_channel_tradeoffs/server_full/id/ldpc_rate/E2_0p1_Rc_0p6/points/result_n_40_awgn_ebno_p0p5.mat,40,65536,1310720,0.1,0.6,0.5,0,1001160,998180,1001160,0,0.997023452794758,0.997023452794758,0.498511726397379,66.6666666666667,0.30482892142331,2060,2002320,pilot; adaptive/event-or-cap stopping
id,ldpc_rate,results/noisy_channel_tradeoffs/server_full/id/ldpc_rate/summary_noisy_channel_tradeoff.mat,results/noisy_channel_tradeoffs/server_full/id/ldpc_rate/E2_0p1_Rc_0p6/points/result_n_40_awgn_ebno_p0p75.mat,40,65536,1310720,0.1,0.6,0.75,0,1001160,996939,1001160,0,0.995783890686803,0.995783890686803,0.497891945343402,66.6666666666667,0.30482892142331,2060,2002320,pilot; adaptive/event-or-cap stopping
id,ldpc_rate,results/noisy_channel_tradeoffs/server_full/id/ldpc_rate/summary_noisy_channel_tradeoff.mat,results/noisy_channel_tradeoffs/server_full/id/ldpc_rate/E2_0p1_Rc_0p6/points/result_n_40_awgn_ebno_p1p0.mat,40,65536,1310720,0.1,0.6,1,0,1001160,994290,1001160,0,0.993137959966439,0.993137959966439,0.496568979983219,66.6666666666667,0.30482892142331,2060,2002320,pilot; adaptive/event-or-cap stopping
id,ldpc_rate,results/noisy_channel_tradeoffs/server_full/id/ldpc_rate/summary_noisy_channel_tradeoff.mat,results/noisy_channel_tradeoffs/server_full/id/ldpc_rate/E2_0p1_Rc_0p6/points/result_n_40_awgn_ebno_p1p25.mat,40,65536,1310720,0.1,0.6,1.25,1,1001160,988173,1001160,9.98841344040912e-07,0.987028047464941,0.987028047464941,0.493514523153142,66.6666666666667,0.30482892142331,2060,2002320,pilot; adaptive/event-or-cap stopping
id,ldpc_rate,results/noisy_channel_tradeoffs/server_full/id/ldpc_rate/summary_noisy_channel_tradeoff.mat,results/noisy_channel_tradeoffs/server_full/id/ldpc_rate/E2_0p1_Rc_0p6/points/result_n_40_awgn_ebno_p1p5.mat,40,65536,1310720,0.1,0.6,1.5,3,1001160,80140,1001160,2.99652403212274e-06,0.0800471453114387,0.0800471453114387,0.0400250709177354,66.6666666666667,0.30482892142331,2060,2002320,pilot; adaptive/event-or-cap stopping
id,ldpc_rate,results/noisy_channel_tradeoffs/server_full/id/ldpc_rate/summary_noisy_channel_tradeoff.mat,results/noisy_channel_tradeoffs/server_full/id/ldpc_rate/E2_0p1_Rc_0p6/points/result_n_40_awgn_ebno_p1p75.mat,40,65536,1310720,0.1,0.6,1.75,3,1001160,2,1001160,2.99652403212274e-06,1.99768268808182e-06,2.99652403212274e-06,2.49710336010228e-06,66.6666666666667,0.30482892142331,2060,2002320,pilot; adaptive/event-or-cap stopping
id,ldpc_rate,results/noisy_channel_tradeoffs/server_full/id/ldpc_rate/summary_noisy_channel_tradeoff.mat,results/noisy_channel_tradeoffs/server_full/id/ldpc_rate/E2_0p1_Rc_0p6/points/result_n_40_awgn_ebno_p2p0.mat,40,65536,1310720,0.1,0.6,2,3,1001160,1,1001160,2.99652403212274e-06,9.98841344040912e-07,2.99652403212274e-06,1.99768268808182e-06,66.6666666666667,0.30482892142331,2060,2002320,pilot; adaptive/event-or-cap stopping
id,ldpc_rate,results/noisy_channel_tradeoffs/server_full/id/ldpc_rate/summary_noisy_channel_tradeoff.mat,results/noisy_channel_tradeoffs/server_full/id/ldpc_rate/E2_0p1_Rc_0p6/points/result_n_40_awgn_ebno_p2p25.mat,40,65536,1310720,0.1,0.6,2.25,3,1001160,0,1001160,2.99652403212274e-06,0,2.99652403212274e-06,1.49826201606137e-06,66.6666666666667,0.30482892142331,2060,2002320,pilot; adaptive/event-or-cap stopping
id,ldpc_rate,results/noisy_channel_tradeoffs/server_full/id/ldpc_rate/summary_noisy_channel_tradeoff.mat,results/noisy_channel_tradeoffs/server_full/id/ldpc_rate/E2_0p1_Rc_0p6/points/result_n_40_awgn_ebno_p2p5.mat,40,65536,1310720,0.1,0.6,2.5,3,1001160,0,1001160,2.99652403212274e-06,0,2.99652403212274e-06,1.49826201606137e-06,66.6666666666667,0.30482892142331,2060,2002320,pilot; adaptive/event-or-cap stopping
id,ldpc_rate,results/noisy_channel_tradeoffs/server_full/id/ldpc_rate/summary_noisy_channel_tradeoff.mat,results/noisy_channel_tradeoffs/server_full/id/ldpc_rate/E2_0p1_Rc_0p6/points/result_n_40_awgn_ebno_p2p75.mat,40,65536,1310720,0.1,0.6,2.75,3,1001160,0,1001160,2.99652403212274e-06,0,2.99652403212274e-06,1.49826201606137e-06,66.6666666666667,0.30482892142331,2060,2002320,pilot; adaptive/event-or-cap stopping
id,ldpc_rate,results/noisy_channel_tradeoffs/server_full/id/ldpc_rate/summary_noisy_channel_tradeoff.mat,results/noisy_channel_tradeoffs/server_full/id/ldpc_rate/E2_0p1_Rc_0p6/points/result_n_40_awgn_ebno_p3p0.mat,40,65536,1310720,0.1,0.6,3,3,1001160,0,1001160,2.99652403212274e-06,0,2.99652403212274e-06,1.49826201606137e-06,66.6666666666667,0.30482892142331,2060,2002320,pilot; adaptive/event-or-cap stopping
id,ldpc_rate,results/noisy_channel_tradeoffs/server_full/id/ldpc_rate/summary_noisy_channel_tradeoff.mat,results/noisy_channel_tradeoffs/server_full/id/ldpc_rate/E2_0p1_Rc_0p6/points/result_n_40_awgn_ebno_p3p25.mat,40,65536,1310720,0.1,0.6,3.25,3,1001160,0,1001160,2.99652403212274e-06,0,2.99652403212274e-06,1.49826201606137e-06,66.6666666666667,0.30482892142331,2060,2002320,pilot; adaptive/event-or-cap stopping
id,ldpc_rate,results/noisy_channel_tradeoffs/server_full/id/ldpc_rate/summary_noisy_channel_tradeoff.mat,results/noisy_channel_tradeoffs/server_full/id/ldpc_rate/E2_0p1_Rc_0p6/points/result_n_40_awgn_ebno_p3p5.mat,40,65536,1310720,0.1,0.6,3.5,3,1001160,0,1001160,2.99652403212274e-06,0,2.99652403212274e-06,1.49826201606137e-06,66.6666666666667,0.30482892142331,2060,2002320,pilot; adaptive/event-or-cap stopping
id,ldpc_rate,results/noisy_channel_tradeoffs/server_full/id/ldpc_rate/summary_noisy_channel_tradeoff.mat,results/noisy_channel_tradeoffs/server_full/id/ldpc_rate/E2_0p1_Rc_0p6/points/result_n_40_awgn_ebno_p3p75.mat,40,65536,1310720,0.1,0.6,3.75,3,1001160,0,1001160,2.99652403212274e-06,0,2.99652403212274e-06,1.49826201606137e-06,66.6666666666667,0.30482892142331,2060,2002320,pilot; adaptive/event-or-cap stopping
id,ldpc_rate,results/noisy_channel_tradeoffs/server_full/id/ldpc_rate/summary_noisy_channel_tradeoff.mat,results/noisy_channel_tradeoffs/server_full/id/ldpc_rate/E2_0p1_Rc_0p6/points/result_n_40_awgn_ebno_p4p0.mat,40,65536,1310720,0.1,0.6,4,3,1001160,0,1001160,2.99652403212274e-06,0,2.99652403212274e-06,1.49826201606137e-06,66.6666666666667,0.30482892142331,2060,2002320,pilot; adaptive/event-or-cap stopping
id,ldpc_rate,results/noisy_channel_tradeoffs/server_full/id/ldpc_rate/summary_noisy_channel_tradeoff.mat,results/noisy_channel_tradeoffs/server_full/id/ldpc_rate/E2_0p1_Rc_0p6/points/result_n_40_awgn_ebno_p4p25.mat,40,65536,1310720,0.1,0.6,4.25,3,1001160,0,1001160,2.99652403212274e-06,0,2.99652403212274e-06,1.49826201606137e-06,66.6666666666667,0.30482892142331,2060,2002320,pilot; adaptive/event-or-cap stopping
id,ldpc_rate,results/noisy_channel_tradeoffs/server_full/id/ldpc_rate/summary_noisy_channel_tradeoff.mat,results/noisy_channel_tradeoffs/server_full/id/ldpc_rate/E2_0p1_Rc_0p6/points/result_n_40_awgn_ebno_p4p5.mat,40,65536,1310720,0.1,0.6,4.5,3,1001160,0,1001160,2.99652403212274e-06,0,2.99652403212274e-06,1.49826201606137e-06,66.6666666666667,0.30482892142331,2060,2002320,pilot; adaptive/event-or-cap stopping
id,ldpc_rate,results/noisy_channel_tradeoffs/server_full/id/ldpc_rate/summary_noisy_channel_tradeoff.mat,results/noisy_channel_tradeoffs/server_full/id/ldpc_rate/E2_0p1_Rc_0p6/points/result_n_40_awgn_ebno_p4p75.mat,40,65536,1310720,0.1,0.6,4.75,3,1001160,0,1001160,2.99652403212274e-06,0,2.99652403212274e-06,1.49826201606137e-06,66.6666666666667,0.30482892142331,2060,2002320,pilot; adaptive/event-or-cap stopping
id,ldpc_rate,results/noisy_channel_tradeoffs/server_full/id/ldpc_rate/summary_noisy_channel_tradeoff.mat,results/noisy_channel_tradeoffs/server_full/id/ldpc_rate/E2_0p1_Rc_0p6/points/result_n_40_awgn_ebno_p5p0.mat,40,65536,1310720,0.1,0.6,5,3,1001160,0,1001160,2.99652403212274e-06,0,2.99652403212274e-06,1.49826201606137e-06,66.6666666666667,0.30482892142331,2060,2002320,pilot; adaptive/event-or-cap stopping
id,ldpc_rate,results/noisy_channel_tradeoffs/server_full/id/ldpc_rate/summary_noisy_channel_tradeoff.mat,results/noisy_channel_tradeoffs/server_full/id/ldpc_rate/E2_0p1_Rc_0p6667/points/result_n_40_awgn_ebno_p0p0.mat,40,65536,1310720,0.1,0.666666666666667,0,2,1000080,995951,1000080,1.99984001279898e-06,0.995871330293577,0.995871330293577,0.497936665066795,60,0.338698801581456,1852,2000160,pilot; adaptive/event-or-cap stopping
id,ldpc_rate,results/noisy_channel_tradeoffs/server_full/id/ldpc_rate/summary_noisy_channel_tradeoff.mat,results/noisy_channel_tradeoffs/server_full/id/ldpc_rate/E2_0p1_Rc_0p6667/points/result_n_40_awgn_ebno_p0p25.mat,40,65536,1310720,0.1,0.666666666666667,0.25,2,1000080,993721,1000080,1.99984001279898e-06,0.993641508679306,0.993641508679306,0.496821754259659,60,0.338698801581456,1852,2000160,pilot; adaptive/event-or-cap stopping
id,ldpc_rate,results/noisy_channel_tradeoffs/server_full/id/ldpc_rate/summary_noisy_channel_tradeoff.mat,results/noisy_channel_tradeoffs/server_full/id/ldpc_rate/E2_0p1_Rc_0p6667/points/result_n_40_awgn_ebno_p0p5.mat,40,65536,1310720,0.1,0.666666666666667,0.5,2,1000080,989223,1000080,1.99984001279898e-06,0.989143868490521,0.989143868490521,0.494572934165267,60,0.338698801581456,1852,2000160,pilot; adaptive/event-or-cap stopping
id,ldpc_rate,results/noisy_channel_tradeoffs/server_full/id/ldpc_rate/summary_noisy_channel_tradeoff.mat,results/noisy_channel_tradeoffs/server_full/id/ldpc_rate/E2_0p1_Rc_0p6667/points/result_n_40_awgn_ebno_p0p75.mat,40,65536,1310720,0.1,0.666666666666667,0.75,1,1000080,979942,1000080,9.99920006399488e-07,0.979863610911127,0.979863610911127,0.489932305415567,60,0.338698801581456,1852,2000160,pilot; adaptive/event-or-cap stopping
id,ldpc_rate,results/noisy_channel_tradeoffs/server_full/id/ldpc_rate/summary_noisy_channel_tradeoff.mat,results/noisy_channel_tradeoffs/server_full/id/ldpc_rate/E2_0p1_Rc_0p6667/points/result_n_40_awgn_ebno_p1p0.mat,40,65536,1310720,0.1,0.666666666666667,1,0,1000080,956330,1000080,0,0.956253499720022,0.956253499720022,0.478126749860011,60,0.338698801581456,1852,2000160,pilot; adaptive/event-or-cap stopping
id,ldpc_rate,results/noisy_channel_tradeoffs/server_full/id/ldpc_rate/summary_noisy_channel_tradeoff.mat,results/noisy_channel_tradeoffs/server_full/id/ldpc_rate/E2_0p1_Rc_0p6667/points/result_n_40_awgn_ebno_p1p25.mat,40,65536,1310720,0.1,0.666666666666667,1.25,0,1000080,885691,1000080,0,0.885620150387969,0.885620150387969,0.442810075193984,60,0.338698801581456,1852,2000160,pilot; adaptive/event-or-cap stopping
id,ldpc_rate,results/noisy_channel_tradeoffs/server_full/id/ldpc_rate/summary_noisy_channel_tradeoff.mat,results/noisy_channel_tradeoffs/server_full/id/ldpc_rate/E2_0p1_Rc_0p6667/points/result_n_40_awgn_ebno_p1p5.mat,40,65536,1310720,0.1,0.666666666666667,1.5,1,1000080,683507,1000080,9.99920006399488e-07,0.683452323814095,0.683452323814095,0.341726661867051,60,0.338698801581456,1852,2000160,pilot; adaptive/event-or-cap stopping
id,ldpc_rate,results/noisy_channel_tradeoffs/server_full/id/ldpc_rate/summary_noisy_channel_tradeoff.mat,results/noisy_channel_tradeoffs/server_full/id/ldpc_rate/E2_0p1_Rc_0p6667/points/result_n_40_awgn_ebno_p1p75.mat,40,65536,1310720,0.1,0.666666666666667,1.75,2,1000080,104246,1000080,1.99984001279898e-06,0.104237660987121,0.104237660987121,0.0521198304135669,60,0.338698801581456,1852,2000160,pilot; adaptive/event-or-cap stopping
id,ldpc_rate,results/noisy_channel_tradeoffs/server_full/id/ldpc_rate/summary_noisy_channel_tradeoff.mat,results/noisy_channel_tradeoffs/server_full/id/ldpc_rate/E2_0p1_Rc_0p6667/points/result_n_40_awgn_ebno_p2p0.mat,40,65536,1310720,0.1,0.666666666666667,2,3,1000080,9,1000080,2.99976001919846e-06,8.99928005759539e-06,8.99928005759539e-06,5.99952003839693e-06,60,0.338698801581456,1852,2000160,pilot; adaptive/event-or-cap stopping
id,ldpc_rate,results/noisy_channel_tradeoffs/server_full/id/ldpc_rate/summary_noisy_channel_tradeoff.mat,results/noisy_channel_tradeoffs/server_full/id/ldpc_rate/E2_0p1_Rc_0p6667/points/result_n_40_awgn_ebno_p2p25.mat,40,65536,1310720,0.1,0.666666666666667,2.25,3,1000080,2,1000080,2.99976001919846e-06,1.99984001279898e-06,2.99976001919846e-06,2.49980001599872e-06,60,0.338698801581456,1852,2000160,pilot; adaptive/event-or-cap stopping
id,ldpc_rate,results/noisy_channel_tradeoffs/server_full/id/ldpc_rate/summary_noisy_channel_tradeoff.mat,results/noisy_channel_tradeoffs/server_full/id/ldpc_rate/E2_0p1_Rc_0p6667/points/result_n_40_awgn_ebno_p2p5.mat,40,65536,1310720,0.1,0.666666666666667,2.5,3,1000080,2,1000080,2.99976001919846e-06,1.99984001279898e-06,2.99976001919846e-06,2.49980001599872e-06,60,0.338698801581456,1852,2000160,pilot; adaptive/event-or-cap stopping
id,ldpc_rate,results/noisy_channel_tradeoffs/server_full/id/ldpc_rate/summary_noisy_channel_tradeoff.mat,results/noisy_channel_tradeoffs/server_full/id/ldpc_rate/E2_0p1_Rc_0p6667/points/result_n_40_awgn_ebno_p2p75.mat,40,65536,1310720,0.1,0.666666666666667,2.75,3,1000080,1,1000080,2.99976001919846e-06,9.99920006399488e-07,2.99976001919846e-06,1.99984001279898e-06,60,0.338698801581456,1852,2000160,pilot; adaptive/event-or-cap stopping
id,ldpc_rate,results/noisy_channel_tradeoffs/server_full/id/ldpc_rate/summary_noisy_channel_tradeoff.mat,results/noisy_channel_tradeoffs/server_full/id/ldpc_rate/E2_0p1_Rc_0p6667/points/result_n_40_awgn_ebno_p3p0.mat,40,65536,1310720,0.1,0.666666666666667,3,3,1000080,0,1000080,2.99976001919846e-06,0,2.99976001919846e-06,1.49988000959923e-06,60,0.338698801581456,1852,2000160,pilot; adaptive/event-or-cap stopping
id,ldpc_rate,results/noisy_channel_tradeoffs/server_full/id/ldpc_rate/summary_noisy_channel_tradeoff.mat,results/noisy_channel_tradeoffs/server_full/id/ldpc_rate/E2_0p1_Rc_0p6667/points/result_n_40_awgn_ebno_p3p25.mat,40,65536,1310720,0.1,0.666666666666667,3.25,3,1000080,0,1000080,2.99976001919846e-06,0,2.99976001919846e-06,1.49988000959923e-06,60,0.338698801581456,1852,2000160,pilot; adaptive/event-or-cap stopping
id,ldpc_rate,results/noisy_channel_tradeoffs/server_full/id/ldpc_rate/summary_noisy_channel_tradeoff.mat,results/noisy_channel_tradeoffs/server_full/id/ldpc_rate/E2_0p1_Rc_0p6667/points/result_n_40_awgn_ebno_p3p5.mat,40,65536,1310720,0.1,0.666666666666667,3.5,3,1000080,0,1000080,2.99976001919846e-06,0,2.99976001919846e-06,1.49988000959923e-06,60,0.338698801581456,1852,2000160,pilot; adaptive/event-or-cap stopping
id,ldpc_rate,results/noisy_channel_tradeoffs/server_full/id/ldpc_rate/summary_noisy_channel_tradeoff.mat,results/noisy_channel_tradeoffs/server_full/id/ldpc_rate/E2_0p1_Rc_0p6667/points/result_n_40_awgn_ebno_p3p75.mat,40,65536,1310720,0.1,0.666666666666667,3.75,3,1000080,0,1000080,2.99976001919846e-06,0,2.99976001919846e-06,1.49988000959923e-06,60,0.338698801581456,1852,2000160,pilot; adaptive/event-or-cap stopping
id,ldpc_rate,results/noisy_channel_tradeoffs/server_full/id/ldpc_rate/summary_noisy_channel_tradeoff.mat,results/noisy_channel_tradeoffs/server_full/id/ldpc_rate/E2_0p1_Rc_0p6667/points/result_n_40_awgn_ebno_p4p0.mat,40,65536,1310720,0.1,0.666666666666667,4,3,1000080,0,1000080,2.99976001919846e-06,0,2.99976001919846e-06,1.49988000959923e-06,60,0.338698801581456,1852,2000160,pilot; adaptive/event-or-cap stopping
id,ldpc_rate,results/noisy_channel_tradeoffs/server_full/id/ldpc_rate/summary_noisy_channel_tradeoff.mat,results/noisy_channel_tradeoffs/server_full/id/ldpc_rate/E2_0p1_Rc_0p6667/points/result_n_40_awgn_ebno_p4p25.mat,40,65536,1310720,0.1,0.666666666666667,4.25,3,1000080,0,1000080,2.99976001919846e-06,0,2.99976001919846e-06,1.49988000959923e-06,60,0.338698801581456,1852,2000160,pilot; adaptive/event-or-cap stopping
id,ldpc_rate,results/noisy_channel_tradeoffs/server_full/id/ldpc_rate/summary_noisy_channel_tradeoff.mat,results/noisy_channel_tradeoffs/server_full/id/ldpc_rate/E2_0p1_Rc_0p6667/points/result_n_40_awgn_ebno_p4p5.mat,40,65536,1310720,0.1,0.666666666666667,4.5,3,1000080,0,1000080,2.99976001919846e-06,0,2.99976001919846e-06,1.49988000959923e-06,60,0.338698801581456,1852,2000160,pilot; adaptive/event-or-cap stopping
id,ldpc_rate,results/noisy_channel_tradeoffs/server_full/id/ldpc_rate/summary_noisy_channel_tradeoff.mat,results/noisy_channel_tradeoffs/server_full/id/ldpc_rate/E2_0p1_Rc_0p6667/points/result_n_40_awgn_ebno_p4p75.mat,40,65536,1310720,0.1,0.666666666666667,4.75,3,1000080,0,1000080,2.99976001919846e-06,0,2.99976001919846e-06,1.49988000959923e-06,60,0.338698801581456,1852,2000160,pilot; adaptive/event-or-cap stopping
id,ldpc_rate,results/noisy_channel_tradeoffs/server_full/id/ldpc_rate/summary_noisy_channel_tradeoff.mat,results/noisy_channel_tradeoffs/server_full/id/ldpc_rate/E2_0p1_Rc_0p6667/points/result_n_40_awgn_ebno_p5p0.mat,40,65536,1310720,0.1,0.666666666666667,5,3,1000080,0,1000080,2.99976001919846e-06,0,2.99976001919846e-06,1.49988000959923e-06,60,0.338698801581456,1852,2000160,pilot; adaptive/event-or-cap stopping
rank,e2,results/noisy_channel_tradeoffs/server_full/rank/e2/summary_noisy_channel_tradeoff.mat,results/noisy_channel_tradeoffs/server_full/rank/e2/E2_0p05_Rc_0p5/points/result_n_24_awgn_ebno_p0p0.mat,24,84,1008,0.05,0.5,0,385,67500,65488,67500,0.0057037037037037,0.970192592592593,0.970192592592593,0.487948148148148,48,0.207859998406248,100,135000,pilot; adaptive/event-or-cap stopping
rank,e2,results/noisy_channel_tradeoffs/server_full/rank/e2/summary_noisy_channel_tradeoff.mat,results/noisy_channel_tradeoffs/server_full/rank/e2/E2_0p05_Rc_0p5/points/result_n_24_awgn_ebno_p0p25.mat,24,84,1008,0.05,0.5,0.25,342,67500,64687,67500,0.00506666666666667,0.958325925925926,0.958325925925926,0.481696296296296,48,0.207859998406248,100,135000,pilot; adaptive/event-or-cap stopping
rank,e2,results/noisy_channel_tradeoffs/server_full/rank/e2/summary_noisy_channel_tradeoff.mat,results/noisy_channel_tradeoffs/server_full/rank/e2/E2_0p05_Rc_0p5/points/result_n_24_awgn_ebno_p0p5.mat,24,84,1008,0.05,0.5,0.5,356,67500,62967,67500,0.00527407407407407,0.932844444444444,0.932844444444444,0.469059259259259,48,0.207859998406248,100,135000,pilot; adaptive/event-or-cap stopping
rank,e2,results/noisy_channel_tradeoffs/server_full/rank/e2/summary_noisy_channel_tradeoff.mat,results/noisy_channel_tradeoffs/server_full/rank/e2/E2_0p05_Rc_0p5/points/result_n_24_awgn_ebno_p0p75.mat,24,84,1008,0.05,0.5,0.75,349,67500,46530,67500,0.00517037037037037,0.689333333333333,0.689333333333333,0.347251851851852,48,0.207859998406248,100,135000,pilot; adaptive/event-or-cap stopping
rank,e2,results/noisy_channel_tradeoffs/server_full/rank/e2/summary_noisy_channel_tradeoff.mat,results/noisy_channel_tradeoffs/server_full/rank/e2/E2_0p05_Rc_0p5/points/result_n_24_awgn_ebno_p1p0.mat,24,84,1008,0.05,0.5,1,464,89100,201,89100,0.00520763187429854,0.00225589225589226,0.00520763187429854,0.0037317620650954,48,0.207859998406248,132,178200,pilot; adaptive/event-or-cap stopping
rank,e2,results/noisy_channel_tradeoffs/server_full/rank/e2/summary_noisy_channel_tradeoff.mat,results/noisy_channel_tradeoffs/server_full/rank/e2/E2_0p05_Rc_0p5/points/result_n_24_awgn_ebno_p1p25.mat,24,84,1008,0.05,0.5,1.25,2102,410400,202,410400,0.00512183235867446,0.000492202729044834,0.00512183235867446,0.00280701754385965,48,0.207859998406248,608,820800,pilot; adaptive/event-or-cap stopping
rank,e2,results/noisy_channel_tradeoffs/server_full/rank/e2/summary_noisy_channel_tradeoff.mat,results/noisy_channel_tradeoffs/server_full/rank/e2/E2_0p05_Rc_0p5/points/result_n_24_awgn_ebno_p1p5.mat,24,84,1008,0.05,0.5,1.5,5106,1001700,113,1001700,0.0050973345312968,0.000112808226015773,0.0050973345312968,0.00260507137865628,48,0.207859998406248,1484,2003400,pilot; adaptive/event-or-cap stopping
rank,e2,results/noisy_channel_tradeoffs/server_full/rank/e2/summary_noisy_channel_tradeoff.mat,results/noisy_channel_tradeoffs/server_full/rank/e2/E2_0p05_Rc_0p5/points/result_n_24_awgn_ebno_p1p75.mat,24,84,1008,0.05,0.5,1.75,5105,1001700,26,1001700,0.0050963362284117,2.59558750124788e-05,0.0050963362284117,0.00256114605171209,48,0.207859998406248,1484,2003400,pilot; adaptive/event-or-cap stopping
rank,e2,results/noisy_channel_tradeoffs/server_full/rank/e2/summary_noisy_channel_tradeoff.mat,results/noisy_channel_tradeoffs/server_full/rank/e2/E2_0p05_Rc_0p5/points/result_n_24_awgn_ebno_p2p0.mat,24,84,1008,0.05,0.5,2,5105,1001700,8,1001700,0.0050963362284117,7.9864230807627e-06,0.0050963362284117,0.00255216132574623,48,0.207859998406248,1484,2003400,pilot; adaptive/event-or-cap stopping
rank,e2,results/noisy_channel_tradeoffs/server_full/rank/e2/summary_noisy_channel_tradeoff.mat,results/noisy_channel_tradeoffs/server_full/rank/e2/E2_0p05_Rc_0p5/points/result_n_24_awgn_ebno_p2p25.mat,24,84,1008,0.05,0.5,2.25,5105,1001700,2,1001700,0.0050963362284117,1.99660577019068e-06,0.0050963362284117,0.00254916641709095,48,0.207859998406248,1484,2003400,pilot; adaptive/event-or-cap stopping
rank,e2,results/noisy_channel_tradeoffs/server_full/rank/e2/summary_noisy_channel_tradeoff.mat,results/noisy_channel_tradeoffs/server_full/rank/e2/E2_0p05_Rc_0p5/points/result_n_24_awgn_ebno_p2p5.mat,24,84,1008,0.05,0.5,2.5,5105,1001700,0,1001700,0.0050963362284117,0,0.0050963362284117,0.00254816811420585,48,0.207859998406248,1484,2003400,pilot; adaptive/event-or-cap stopping
rank,e2,results/noisy_channel_tradeoffs/server_full/rank/e2/summary_noisy_channel_tradeoff.mat,results/noisy_channel_tradeoffs/server_full/rank/e2/E2_0p05_Rc_0p5/points/result_n_24_awgn_ebno_p2p75.mat,24,84,1008,0.05,0.5,2.75,5105,1001700,1,1001700,0.0050963362284117,9.98302885095338e-07,0.0050963362284117,0.0025486672656484,48,0.207859998406248,1484,2003400,pilot; adaptive/event-or-cap stopping
rank,e2,results/noisy_channel_tradeoffs/server_full/rank/e2/summary_noisy_channel_tradeoff.mat,results/noisy_channel_tradeoffs/server_full/rank/e2/E2_0p05_Rc_0p5/points/result_n_24_awgn_ebno_p3p0.mat,24,84,1008,0.05,0.5,3,5105,1001700,0,1001700,0.0050963362284117,0,0.0050963362284117,0.00254816811420585,48,0.207859998406248,1484,2003400,pilot; adaptive/event-or-cap stopping
rank,e2,results/noisy_channel_tradeoffs/server_full/rank/e2/summary_noisy_channel_tradeoff.mat,results/noisy_channel_tradeoffs/server_full/rank/e2/E2_0p1_Rc_0p5/points/result_n_24_awgn_ebno_p0p0.mat,24,36,432,0.1,0.5,0,376,67500,65567,67500,0.00557037037037037,0.971362962962963,0.971362962962963,0.488466666666667,48,0.182393489628406,100,135000,pilot; adaptive/event-or-cap stopping
rank,e2,results/noisy_channel_tradeoffs/server_full/rank/e2/summary_noisy_channel_tradeoff.mat,results/noisy_channel_tradeoffs/server_full/rank/e2/E2_0p1_Rc_0p5/points/result_n_24_awgn_ebno_p0p25.mat,24,36,432,0.1,0.5,0.25,342,67500,64672,67500,0.00506666666666667,0.958103703703704,0.958103703703704,0.481585185185185,48,0.182393489628406,100,135000,pilot; adaptive/event-or-cap stopping
rank,e2,results/noisy_channel_tradeoffs/server_full/rank/e2/summary_noisy_channel_tradeoff.mat,results/noisy_channel_tradeoffs/server_full/rank/e2/E2_0p1_Rc_0p5/points/result_n_24_awgn_ebno_p0p5.mat,24,36,432,0.1,0.5,0.5,333,67500,63114,67500,0.00493333333333333,0.935022222222222,0.935022222222222,0.469977777777778,48,0.182393489628406,100,135000,pilot; adaptive/event-or-cap stopping
rank,e2,results/noisy_channel_tradeoffs/server_full/rank/e2/summary_noisy_channel_tradeoff.mat,results/noisy_channel_tradeoffs/server_full/rank/e2/E2_0p1_Rc_0p5/points/result_n_24_awgn_ebno_p0p75.mat,24,36,432,0.1,0.5,0.75,342,67500,45443,67500,0.00506666666666667,0.67322962962963,0.67322962962963,0.339148148148148,48,0.182393489628406,100,135000,pilot; adaptive/event-or-cap stopping
rank,e2,results/noisy_channel_tradeoffs/server_full/rank/e2/summary_noisy_channel_tradeoff.mat,results/noisy_channel_tradeoffs/server_full/rank/e2/E2_0p1_Rc_0p5/points/result_n_24_awgn_ebno_p1p0.mat,24,36,432,0.1,0.5,1,385,81000,200,81000,0.00475308641975309,0.00246913580246914,0.00475308641975309,0.00361111111111111,48,0.182393489628406,120,162000,pilot; adaptive/event-or-cap stopping
rank,e2,results/noisy_channel_tradeoffs/server_full/rank/e2/summary_noisy_channel_tradeoff.mat,results/noisy_channel_tradeoffs/server_full/rank/e2/E2_0p1_Rc_0p5/points/result_n_24_awgn_ebno_p1p25.mat,24,36,432,0.1,0.5,1.25,2445,483300,200,483300,0.00505896958410925,0.000413821642871922,0.00505896958410925,0.00273639561349059,48,0.182393489628406,716,966600,pilot; adaptive/event-or-cap stopping
rank,e2,results/noisy_channel_tradeoffs/server_full/rank/e2/summary_noisy_channel_tradeoff.mat,results/noisy_channel_tradeoffs/server_full/rank/e2/E2_0p1_Rc_0p5/points/result_n_24_awgn_ebno_p1p5.mat,24,36,432,0.1,0.5,1.5,5135,1001700,129,1001700,0.00512628531496456,0.000128781072177299,0.00512628531496456,0.00262753319357093,48,0.182393489628406,1484,2003400,pilot; adaptive/event-or-cap stopping
rank,e2,results/noisy_channel_tradeoffs/server_full/rank/e2/summary_noisy_channel_tradeoff.mat,results/noisy_channel_tradeoffs/server_full/rank/e2/E2_0p1_Rc_0p5/points/result_n_24_awgn_ebno_p1p75.mat,24,36,432,0.1,0.5,1.75,5135,1001700,35,1001700,0.00512628531496456,3.49406009783368e-05,0.00512628531496456,0.00258061295797145,48,0.182393489628406,1484,2003400,pilot; adaptive/event-or-cap stopping
rank,e2,results/noisy_channel_tradeoffs/server_full/rank/e2/summary_noisy_channel_tradeoff.mat,results/noisy_channel_tradeoffs/server_full/rank/e2/E2_0p1_Rc_0p5/points/result_n_24_awgn_ebno_p2p0.mat,24,36,432,0.1,0.5,2,5135,1001700,4,1001700,0.00512628531496456,3.99321154038135e-06,0.00512628531496456,0.00256513926325247,48,0.182393489628406,1484,2003400,pilot; adaptive/event-or-cap stopping
rank,e2,results/noisy_channel_tradeoffs/server_full/rank/e2/summary_noisy_channel_tradeoff.mat,results/noisy_channel_tradeoffs/server_full/rank/e2/E2_0p1_Rc_0p5/points/result_n_24_awgn_ebno_p2p25.mat,24,36,432,0.1,0.5,2.25,5135,1001700,1,1001700,0.00512628531496456,9.98302885095338e-07,0.00512628531496456,0.00256364180892483,48,0.182393489628406,1484,2003400,pilot; adaptive/event-or-cap stopping
rank,e2,results/noisy_channel_tradeoffs/server_full/rank/e2/summary_noisy_channel_tradeoff.mat,results/noisy_channel_tradeoffs/server_full/rank/e2/E2_0p1_Rc_0p5/points/result_n_24_awgn_ebno_p2p5.mat,24,36,432,0.1,0.5,2.5,5135,1001700,1,1001700,0.00512628531496456,9.98302885095338e-07,0.00512628531496456,0.00256364180892483,48,0.182393489628406,1484,2003400,pilot; adaptive/event-or-cap stopping
rank,e2,results/noisy_channel_tradeoffs/server_full/rank/e2/summary_noisy_channel_tradeoff.mat,results/noisy_channel_tradeoffs/server_full/rank/e2/E2_0p1_Rc_0p5/points/result_n_24_awgn_ebno_p2p75.mat,24,36,432,0.1,0.5,2.75,5135,1001700,0,1001700,0.00512628531496456,0,0.00512628531496456,0.00256314265748228,48,0.182393489628406,1484,2003400,pilot; adaptive/event-or-cap stopping
rank,e2,results/noisy_channel_tradeoffs/server_full/rank/e2/summary_noisy_channel_tradeoff.mat,results/noisy_channel_tradeoffs/server_full/rank/e2/E2_0p1_Rc_0p5/points/result_n_24_awgn_ebno_p3p0.mat,24,36,432,0.1,0.5,3,5135,1001700,0,1001700,0.00512628531496456,0,0.00512628531496456,0.00256314265748228,48,0.182393489628406,1484,2003400,pilot; adaptive/event-or-cap stopping
rank,e2,results/noisy_channel_tradeoffs/server_full/rank/e2/summary_noisy_channel_tradeoff.mat,results/noisy_channel_tradeoffs/server_full/rank/e2/E2_0p15_Rc_0p5/points/result_n_24_awgn_ebno_p0p0.mat,24,16,192,0.15,0.5,0,339,67500,65517,67500,0.00502222222222222,0.970622222222222,0.970622222222222,0.487822222222222,48,0.158020052098357,100,135000,pilot; adaptive/event-or-cap stopping
rank,e2,results/noisy_channel_tradeoffs/server_full/rank/e2/summary_noisy_channel_tradeoff.mat,results/noisy_channel_tradeoffs/server_full/rank/e2/E2_0p15_Rc_0p5/points/result_n_24_awgn_ebno_p0p25.mat,24,16,192,0.15,0.5,0.25,359,67500,64747,67500,0.00531851851851852,0.959214814814815,0.959214814814815,0.482266666666667,48,0.158020052098357,100,135000,pilot; adaptive/event-or-cap stopping
rank,e2,results/noisy_channel_tradeoffs/server_full/rank/e2/summary_noisy_channel_tradeoff.mat,results/noisy_channel_tradeoffs/server_full/rank/e2/E2_0p15_Rc_0p5/points/result_n_24_awgn_ebno_p0p5.mat,24,16,192,0.15,0.5,0.5,325,67500,63102,67500,0.00481481481481482,0.934844444444444,0.934844444444444,0.46982962962963,48,0.158020052098357,100,135000,pilot; adaptive/event-or-cap stopping
rank,e2,results/noisy_channel_tradeoffs/server_full/rank/e2/summary_noisy_channel_tradeoff.mat,results/noisy_channel_tradeoffs/server_full/rank/e2/E2_0p15_Rc_0p5/points/result_n_24_awgn_ebno_p0p75.mat,24,16,192,0.15,0.5,0.75,359,67500,46862,67500,0.00531851851851852,0.694251851851852,0.694251851851852,0.349785185185185,48,0.158020052098357,100,135000,pilot; adaptive/event-or-cap stopping
rank,e2,results/noisy_channel_tradeoffs/server_full/rank/e2/summary_noisy_channel_tradeoff.mat,results/noisy_channel_tradeoffs/server_full/rank/e2/E2_0p15_Rc_0p5/points/result_n_24_awgn_ebno_p1p0.mat,24,16,192,0.15,0.5,1,374,72900,202,72900,0.00513031550068587,0.00277091906721536,0.00513031550068587,0.00395061728395062,48,0.158020052098357,108,145800,pilot; adaptive/event-or-cap stopping
rank,e2,results/noisy_channel_tradeoffs/server_full/rank/e2/summary_noisy_channel_tradeoff.mat,results/noisy_channel_tradeoffs/server_full/rank/e2/E2_0p15_Rc_0p5/points/result_n_24_awgn_ebno_p1p25.mat,24,16,192,0.15,0.5,1.25,2039,421200,201,421200,0.00484093067426401,0.000477207977207977,0.00484093067426401,0.00265906932573599,48,0.158020052098357,624,842400,pilot; adaptive/event-or-cap stopping
rank,e2,results/noisy_channel_tradeoffs/server_full/rank/e2/summary_noisy_channel_tradeoff.mat,results/noisy_channel_tradeoffs/server_full/rank/e2/E2_0p15_Rc_0p5/points/result_n_24_awgn_ebno_p1p5.mat,24,16,192,0.15,0.5,1.5,5156,1001700,129,1001700,0.00514724967555156,0.000128781072177299,0.00514724967555156,0.00263801537386443,48,0.158020052098357,1484,2003400,pilot; adaptive/event-or-cap stopping
rank,e2,results/noisy_channel_tradeoffs/server_full/rank/e2/summary_noisy_channel_tradeoff.mat,results/noisy_channel_tradeoffs/server_full/rank/e2/E2_0p15_Rc_0p5/points/result_n_24_awgn_ebno_p1p75.mat,24,16,192,0.15,0.5,1.75,5157,1001700,30,1001700,0.00514824797843666,2.99490865528601e-05,0.00514824797843666,0.00258909853249476,48,0.158020052098357,1484,2003400,pilot; adaptive/event-or-cap stopping
rank,e2,results/noisy_channel_tradeoffs/server_full/rank/e2/summary_noisy_channel_tradeoff.mat,results/noisy_channel_tradeoffs/server_full/rank/e2/E2_0p15_Rc_0p5/points/result_n_24_awgn_ebno_p2p0.mat,24,16,192,0.15,0.5,2,5157,1001700,9,1001700,0.00514824797843666,8.98472596585804e-06,0.00514824797843666,0.00257861635220126,48,0.158020052098357,1484,2003400,pilot; adaptive/event-or-cap stopping
rank,e2,results/noisy_channel_tradeoffs/server_full/rank/e2/summary_noisy_channel_tradeoff.mat,results/noisy_channel_tradeoffs/server_full/rank/e2/E2_0p15_Rc_0p5/points/result_n_24_awgn_ebno_p2p25.mat,24,16,192,0.15,0.5,2.25,5157,1001700,1,1001700,0.00514824797843666,9.98302885095338e-07,0.00514824797843666,0.00257462314066088,48,0.158020052098357,1484,2003400,pilot; adaptive/event-or-cap stopping
rank,e2,results/noisy_channel_tradeoffs/server_full/rank/e2/summary_noisy_channel_tradeoff.mat,results/noisy_channel_tradeoffs/server_full/rank/e2/E2_0p15_Rc_0p5/points/result_n_24_awgn_ebno_p2p5.mat,24,16,192,0.15,0.5,2.5,5157,1001700,1,1001700,0.00514824797843666,9.98302885095338e-07,0.00514824797843666,0.00257462314066088,48,0.158020052098357,1484,2003400,pilot; adaptive/event-or-cap stopping
rank,e2,results/noisy_channel_tradeoffs/server_full/rank/e2/summary_noisy_channel_tradeoff.mat,results/noisy_channel_tradeoffs/server_full/rank/e2/E2_0p15_Rc_0p5/points/result_n_24_awgn_ebno_p2p75.mat,24,16,192,0.15,0.5,2.75,5157,1001700,0,1001700,0.00514824797843666,0,0.00514824797843666,0.00257412398921833,48,0.158020052098357,1484,2003400,pilot; adaptive/event-or-cap stopping
rank,e2,results/noisy_channel_tradeoffs/server_full/rank/e2/summary_noisy_channel_tradeoff.mat,results/noisy_channel_tradeoffs/server_full/rank/e2/E2_0p15_Rc_0p5/points/result_n_24_awgn_ebno_p3p0.mat,24,16,192,0.15,0.5,3,5157,1001700,0,1001700,0.00514824797843666,0,0.00514824797843666,0.00257412398921833,48,0.158020052098357,1484,2003400,pilot; adaptive/event-or-cap stopping
rank,e2,results/noisy_channel_tradeoffs/server_full/rank/e2/summary_noisy_channel_tradeoff.mat,results/noisy_channel_tradeoffs/server_full/rank/e2/E2_0p2_Rc_0p5/points/result_n_24_awgn_ebno_p0p0.mat,24,7,84,0.2,0.5,0,349,67500,65598,67500,0.00517037037037037,0.971822222222222,0.971822222222222,0.488496296296296,48,0.133173279641224,100,135000,pilot; adaptive/event-or-cap stopping
rank,e2,results/noisy_channel_tradeoffs/server_full/rank/e2/summary_noisy_channel_tradeoff.mat,results/noisy_channel_tradeoffs/server_full/rank/e2/E2_0p2_Rc_0p5/points/result_n_24_awgn_ebno_p0p25.mat,24,7,84,0.2,0.5,0.25,327,67500,64763,67500,0.00484444444444444,0.959451851851852,0.959451851851852,0.482148148148148,48,0.133173279641224,100,135000,pilot; adaptive/event-or-cap stopping
rank,e2,results/noisy_channel_tradeoffs/server_full/rank/e2/summary_noisy_channel_tradeoff.mat,results/noisy_channel_tradeoffs/server_full/rank/e2/E2_0p2_Rc_0p5/points/result_n_24_awgn_ebno_p0p5.mat,24,7,84,0.2,0.5,0.5,352,67500,62891,67500,0.00521481481481481,0.931718518518519,0.931718518518519,0.468466666666667,48,0.133173279641224,100,135000,pilot; adaptive/event-or-cap stopping
rank,e2,results/noisy_channel_tradeoffs/server_full/rank/e2/summary_noisy_channel_tradeoff.mat,results/noisy_channel_tradeoffs/server_full/rank/e2/E2_0p2_Rc_0p5/points/result_n_24_awgn_ebno_p0p75.mat,24,7,84,0.2,0.5,0.75,342,67500,48399,67500,0.00506666666666667,0.717022222222222,0.717022222222222,0.361044444444444,48,0.133173279641224,100,135000,pilot; adaptive/event-or-cap stopping
rank,e2,results/noisy_channel_tradeoffs/server_full/rank/e2/summary_noisy_channel_tradeoff.mat,results/noisy_channel_tradeoffs/server_full/rank/e2/E2_0p2_Rc_0p5/points/result_n_24_awgn_ebno_p1p0.mat,24,7,84,0.2,0.5,1,338,67500,209,67500,0.00500740740740741,0.0030962962962963,0.00500740740740741,0.00405185185185185,48,0.133173279641224,100,135000,pilot; adaptive/event-or-cap stopping
rank,e2,results/noisy_channel_tradeoffs/server_full/rank/e2/summary_noisy_channel_tradeoff.mat,results/noisy_channel_tradeoffs/server_full/rank/e2/E2_0p2_Rc_0p5/points/result_n_24_awgn_ebno_p1p25.mat,24,7,84,0.2,0.5,1.25,2316,456300,202,456300,0.00507560815253123,0.000442691211921981,0.00507560815253123,0.00275914968222661,48,0.133173279641224,676,912600,pilot; adaptive/event-or-cap stopping
rank,e2,results/noisy_channel_tradeoffs/server_full/rank/e2/summary_noisy_channel_tradeoff.mat,results/noisy_channel_tradeoffs/server_full/rank/e2/E2_0p2_Rc_0p5/points/result_n_24_awgn_ebno_p1p5.mat,24,7,84,0.2,0.5,1.5,5146,1001700,113,1001700,0.00513726664670061,0.000112808226015773,0.00513726664670061,0.00262503743635819,48,0.133173279641224,1484,2003400,pilot; adaptive/event-or-cap stopping
rank,e2,results/noisy_channel_tradeoffs/server_full/rank/e2/summary_noisy_channel_tradeoff.mat,results/noisy_channel_tradeoffs/server_full/rank/e2/E2_0p2_Rc_0p5/points/result_n_24_awgn_ebno_p1p75.mat,24,7,84,0.2,0.5,1.75,5146,1001700,15,1001700,0.00513726664670061,1.49745432764301e-05,0.00513726664670061,0.00257612059498852,48,0.133173279641224,1484,2003400,pilot; adaptive/event-or-cap stopping
rank,e2,results/noisy_channel_tradeoffs/server_full/rank/e2/summary_noisy_channel_tradeoff.mat,results/noisy_channel_tradeoffs/server_full/rank/e2/E2_0p2_Rc_0p5/points/result_n_24_awgn_ebno_p2p0.mat,24,7,84,0.2,0.5,2,5146,1001700,2,1001700,0.00513726664670061,1.99660577019068e-06,0.00513726664670061,0.0025696316262354,48,0.133173279641224,1484,2003400,pilot; adaptive/event-or-cap stopping
rank,e2,results/noisy_channel_tradeoffs/server_full/rank/e2/summary_noisy_channel_tradeoff.mat,results/noisy_channel_tradeoffs/server_full/rank/e2/E2_0p2_Rc_0p5/points/result_n_24_awgn_ebno_p2p25.mat,24,7,84,0.2,0.5,2.25,5146,1001700,3,1001700,0.00513726664670061,2.99490865528601e-06,0.00513726664670061,0.00257013077767795,48,0.133173279641224,1484,2003400,pilot; adaptive/event-or-cap stopping
rank,e2,results/noisy_channel_tradeoffs/server_full/rank/e2/summary_noisy_channel_tradeoff.mat,results/noisy_channel_tradeoffs/server_full/rank/e2/E2_0p2_Rc_0p5/points/result_n_24_awgn_ebno_p2p5.mat,24,7,84,0.2,0.5,2.5,5146,1001700,0,1001700,0.00513726664670061,0,0.00513726664670061,0.0025686333233503,48,0.133173279641224,1484,2003400,pilot; adaptive/event-or-cap stopping
rank,e2,results/noisy_channel_tradeoffs/server_full/rank/e2/summary_noisy_channel_tradeoff.mat,results/noisy_channel_tradeoffs/server_full/rank/e2/E2_0p2_Rc_0p5/points/result_n_24_awgn_ebno_p2p75.mat,24,7,84,0.2,0.5,2.75,5146,1001700,0,1001700,0.00513726664670061,0,0.00513726664670061,0.0025686333233503,48,0.133173279641224,1484,2003400,pilot; adaptive/event-or-cap stopping
rank,e2,results/noisy_channel_tradeoffs/server_full/rank/e2/summary_noisy_channel_tradeoff.mat,results/noisy_channel_tradeoffs/server_full/rank/e2/E2_0p2_Rc_0p5/points/result_n_24_awgn_ebno_p3p0.mat,24,7,84,0.2,0.5,3,5146,1001700,0,1001700,0.00513726664670061,0,0.00513726664670061,0.0025686333233503,48,0.133173279641224,1484,2003400,pilot; adaptive/event-or-cap stopping
rank,e2,results/noisy_channel_tradeoffs/server_full/rank/e2/summary_noisy_channel_tradeoff.mat,results/noisy_channel_tradeoffs/server_full/rank/e2/E2_0p05_Rc_0p5/points/result_n_32_awgn_ebno_p0p0.mat,32,1029,16464,0.05,0.5,0,200,659824,653671,659824,0.000303111132665681,0.99067478600354,0.99067478600354,0.495488948568103,64.0316205533597,0.218751722131122,1304,1319648,pilot; adaptive/event-or-cap stopping
rank,e2,results/noisy_channel_tradeoffs/server_full/rank/e2/summary_noisy_channel_tradeoff.mat,results/noisy_channel_tradeoffs/server_full/rank/e2/E2_0p05_Rc_0p5/points/result_n_32_awgn_ebno_p0p25.mat,32,1029,16464,0.05,0.5,0.25,200,588984,580191,588984,0.00033956779810657,0.985070901756245,0.985070901756245,0.492705234777176,64.0316205533597,0.218751722131122,1164,1177968,pilot; adaptive/event-or-cap stopping
rank,e2,results/noisy_channel_tradeoffs/server_full/rank/e2/summary_noisy_channel_tradeoff.mat,results/noisy_channel_tradeoffs/server_full/rank/e2/E2_0p05_Rc_0p5/points/result_n_32_awgn_ebno_p0p5.mat,32,1029,16464,0.05,0.5,0.5,200,615296,598433,615296,0.000325046806740171,0.972593678489702,0.972593678489702,0.486459362648221,64.0316205533597,0.218751722131122,1216,1230592,pilot; adaptive/event-or-cap stopping
rank,e2,results/noisy_channel_tradeoffs/server_full/rank/e2/summary_noisy_channel_tradeoff.mat,results/noisy_channel_tradeoffs/server_full/rank/e2/E2_0p05_Rc_0p5/points/result_n_32_awgn_ebno_p0p75.mat,32,1029,16464,0.05,0.5,0.75,200,597080,438141,597080,0.000334963488979701,0.733806190125276,0.733806190125276,0.367070576807128,64.0316205533597,0.218751722131122,1180,1194160,pilot; adaptive/event-or-cap stopping
rank,e2,results/noisy_channel_tradeoffs/server_full/rank/e2/summary_noisy_channel_tradeoff.mat,results/noisy_channel_tradeoffs/server_full/rank/e2/E2_0p05_Rc_0p5/points/result_n_32_awgn_ebno_p1p0.mat,32,1029,16464,0.05,0.5,1,200,631488,2620,631488,0.000316712273234012,0.00414893077936556,0.00414893077936556,0.00223282152629979,64.0316205533597,0.218751722131122,1248,1262976,pilot; adaptive/event-or-cap stopping
rank,e2,results/noisy_channel_tradeoffs/server_full/rank/e2/summary_noisy_channel_tradeoff.mat,results/noisy_channel_tradeoffs/server_full/rank/e2/E2_0p05_Rc_0p5/points/result_n_32_awgn_ebno_p1p25.mat,32,1029,16464,0.05,0.5,1.25,200,641608,421,641608,0.000311716811511078,0.00065616388823082,0.00065616388823082,0.000483940349870949,64.0316205533597,0.218751722131122,1268,1283216,pilot; adaptive/event-or-cap stopping
rank,e2,results/noisy_channel_tradeoffs/server_full/rank/e2/summary_noisy_channel_tradeoff.mat,results/noisy_channel_tradeoffs/server_full/rank/e2/E2_0p05_Rc_0p5/points/result_n_32_awgn_ebno_p1p5.mat,32,1029,16464,0.05,0.5,1.5,310,1001880,156,1001880,0.000309418293608017,0.000155707270331776,0.000309418293608017,0.000232562781969897,64.0316205533597,0.218751722131122,1980,2003760,pilot; adaptive/event-or-cap stopping
rank,e2,results/noisy_channel_tradeoffs/server_full/rank/e2/summary_noisy_channel_tradeoff.mat,results/noisy_channel_tradeoffs/server_full/rank/e2/E2_0p05_Rc_0p5/points/result_n_32_awgn_ebno_p1p75.mat,32,1029,16464,0.05,0.5,1.75,310,1001880,37,1001880,0.000309418293608017,3.69305705274085e-05,0.000309418293608017,0.000173174432067713,64.0316205533597,0.218751722131122,1980,2003760,pilot; adaptive/event-or-cap stopping
rank,e2,results/noisy_channel_tradeoffs/server_full/rank/e2/summary_noisy_channel_tradeoff.mat,results/noisy_channel_tradeoffs/server_full/rank/e2/E2_0p05_Rc_0p5/points/result_n_32_awgn_ebno_p2p0.mat,32,1029,16464,0.05,0.5,2,310,1001880,11,1001880,0.000309418293608017,1.09793588054458e-05,0.000309418293608017,0.000160198826206731,64.0316205533597,0.218751722131122,1980,2003760,pilot; adaptive/event-or-cap stopping
rank,e2,results/noisy_channel_tradeoffs/server_full/rank/e2/summary_noisy_channel_tradeoff.mat,results/noisy_channel_tradeoffs/server_full/rank/e2/E2_0p05_Rc_0p5/points/result_n_32_awgn_ebno_p2p25.mat,32,1029,16464,0.05,0.5,2.25,310,1001880,2,1001880,0.000309418293608017,1.99624705553559e-06,0.000309418293608017,0.000155707270331776,64.0316205533597,0.218751722131122,1980,2003760,pilot; adaptive/event-or-cap stopping
rank,e2,results/noisy_channel_tradeoffs/server_full/rank/e2/summary_noisy_channel_tradeoff.mat,results/noisy_channel_tradeoffs/server_full/rank/e2/E2_0p05_Rc_0p5/points/result_n_32_awgn_ebno_p2p5.mat,32,1029,16464,0.05,0.5,2.5,310,1001880,2,1001880,0.000309418293608017,1.99624705553559e-06,0.000309418293608017,0.000155707270331776,64.0316205533597,0.218751722131122,1980,2003760,pilot; adaptive/event-or-cap stopping
rank,e2,results/noisy_channel_tradeoffs/server_full/rank/e2/summary_noisy_channel_tradeoff.mat,results/noisy_channel_tradeoffs/server_full/rank/e2/E2_0p05_Rc_0p5/points/result_n_32_awgn_ebno_p2p75.mat,32,1029,16464,0.05,0.5,2.75,310,1001880,0,1001880,0.000309418293608017,0,0.000309418293608017,0.000154709146804008,64.0316205533597,0.218751722131122,1980,2003760,pilot; adaptive/event-or-cap stopping
rank,e2,results/noisy_channel_tradeoffs/server_full/rank/e2/summary_noisy_channel_tradeoff.mat,results/noisy_channel_tradeoffs/server_full/rank/e2/E2_0p05_Rc_0p5/points/result_n_32_awgn_ebno_p3p0.mat,32,1029,16464,0.05,0.5,3,310,1001880,0,1001880,0.000309418293608017,0,0.000309418293608017,0.000154709146804008,64.0316205533597,0.218751722131122,1980,2003760,pilot; adaptive/event-or-cap stopping
rank,e2,results/noisy_channel_tradeoffs/server_full/rank/e2/summary_noisy_channel_tradeoff.mat,results/noisy_channel_tradeoffs/server_full/rank/e2/E2_0p1_Rc_0p5/points/result_n_32_awgn_ebno_p0p0.mat,32,339,5424,0.1,0.5,0,200,653752,648210,653752,0.00030592640634369,0.991522779280216,0.991522779280216,0.49591435284328,64.0316205533597,0.193734616677376,1292,1307504,pilot; adaptive/event-or-cap stopping
rank,e2,results/noisy_channel_tradeoffs/server_full/rank/e2/summary_noisy_channel_tradeoff.mat,results/noisy_channel_tradeoffs/server_full/rank/e2/E2_0p1_Rc_0p5/points/result_n_32_awgn_ebno_p0p25.mat,32,339,5424,0.1,0.5,0.25,200,603152,594850,603152,0.000331591373318832,0.986235642093535,0.986235642093535,0.493283616733427,64.0316205533597,0.193734616677376,1192,1206304,pilot; adaptive/event-or-cap stopping
rank,e2,results/noisy_channel_tradeoffs/server_full/rank/e2/summary_noisy_channel_tradeoff.mat,results/noisy_channel_tradeoffs/server_full/rank/e2/E2_0p1_Rc_0p5/points/result_n_32_awgn_ebno_p0p5.mat,32,339,5424,0.1,0.5,0.5,201,657800,640627,657800,0.000305564001216175,0.973893280632411,0.973893280632411,0.487099422316814,64.0316205533597,0.193734616677376,1300,1315600,pilot; adaptive/event-or-cap stopping
rank,e2,results/noisy_channel_tradeoffs/server_full/rank/e2/summary_noisy_channel_tradeoff.mat,results/noisy_channel_tradeoffs/server_full/rank/e2/E2_0p1_Rc_0p5/points/result_n_32_awgn_ebno_p0p75.mat,32,339,5424,0.1,0.5,0.75,200,669944,490789,669944,0.000298532414649583,0.73258212626727,0.73258212626727,0.36644032934096,64.0316205533597,0.193734616677376,1324,1339888,pilot; adaptive/event-or-cap stopping
rank,e2,results/noisy_channel_tradeoffs/server_full/rank/e2/summary_noisy_channel_tradeoff.mat,results/noisy_channel_tradeoffs/server_full/rank/e2/E2_0p1_Rc_0p5/points/result_n_32_awgn_ebno_p1p0.mat,32,339,5424,0.1,0.5,1,202,615296,2295,615296,0.000328297274807572,0.00372991210734346,0.00372991210734346,0.00202910469107551,64.0316205533597,0.193734616677376,1216,1230592,pilot; adaptive/event-or-cap stopping
rank,e2,results/noisy_channel_tradeoffs/server_full/rank/e2/summary_noisy_channel_tradeoff.mat,results/noisy_channel_tradeoffs/server_full/rank/e2/E2_0p1_Rc_0p5/points/result_n_32_awgn_ebno_p1p25.mat,32,339,5424,0.1,0.5,1.25,200,613272,404,613272,0.000326119568478587,0.000658761528326746,0.000658761528326746,0.000492440548402666,64.0316205533597,0.193734616677376,1212,1226544,pilot; adaptive/event-or-cap stopping
rank,e2,results/noisy_channel_tradeoffs/server_full/rank/e2/summary_noisy_channel_tradeoff.mat,results/noisy_channel_tradeoffs/server_full/rank/e2/E2_0p1_Rc_0p5/points/result_n_32_awgn_ebno_p1p5.mat,32,339,5424,0.1,0.5,1.5,334,1001880,165,1001880,0.000333373258274444,0.000164690382081686,0.000333373258274444,0.000249031820178065,64.0316205533597,0.193734616677376,1980,2003760,pilot; adaptive/event-or-cap stopping
rank,e2,results/noisy_channel_tradeoffs/server_full/rank/e2/summary_noisy_channel_tradeoff.mat,results/noisy_channel_tradeoffs/server_full/rank/e2/E2_0p1_Rc_0p5/points/result_n_32_awgn_ebno_p1p75.mat,32,339,5424,0.1,0.5,1.75,334,1001880,49,1001880,0.000333373258274444,4.8908052860622e-05,0.000333373258274444,0.000191140655567533,64.0316205533597,0.193734616677376,1980,2003760,pilot; adaptive/event-or-cap stopping
rank,e2,results/noisy_channel_tradeoffs/server_full/rank/e2/summary_noisy_channel_tradeoff.mat,results/noisy_channel_tradeoffs/server_full/rank/e2/E2_0p1_Rc_0p5/points/result_n_32_awgn_ebno_p2p0.mat,32,339,5424,0.1,0.5,2,334,1001880,8,1001880,0.000333373258274444,7.98498822214237e-06,0.000333373258274444,0.000170679123248293,64.0316205533597,0.193734616677376,1980,2003760,pilot; adaptive/event-or-cap stopping
rank,e2,results/noisy_channel_tradeoffs/server_full/rank/e2/summary_noisy_channel_tradeoff.mat,results/noisy_channel_tradeoffs/server_full/rank/e2/E2_0p1_Rc_0p5/points/result_n_32_awgn_ebno_p2p25.mat,32,339,5424,0.1,0.5,2.25,334,1001880,4,1001880,0.000333373258274444,3.99249411107119e-06,0.000333373258274444,0.000168682876192758,64.0316205533597,0.193734616677376,1980,2003760,pilot; adaptive/event-or-cap stopping
rank,e2,results/noisy_channel_tradeoffs/server_full/rank/e2/summary_noisy_channel_tradeoff.mat,results/noisy_channel_tradeoffs/server_full/rank/e2/E2_0p1_Rc_0p5/points/result_n_32_awgn_ebno_p2p5.mat,32,339,5424,0.1,0.5,2.5,334,1001880,0,1001880,0.000333373258274444,0,0.000333373258274444,0.000166686629137222,64.0316205533597,0.193734616677376,1980,2003760,pilot; adaptive/event-or-cap stopping
rank,e2,results/noisy_channel_tradeoffs/server_full/rank/e2/summary_noisy_channel_tradeoff.mat,results/noisy_channel_tradeoffs/server_full/rank/e2/E2_0p1_Rc_0p5/points/result_n_32_awgn_ebno_p2p75.mat,32,339,5424,0.1,0.5,2.75,334,1001880,0,1001880,0.000333373258274444,0,0.000333373258274444,0.000166686629137222,64.0316205533597,0.193734616677376,1980,2003760,pilot; adaptive/event-or-cap stopping
rank,e2,results/noisy_channel_tradeoffs/server_full/rank/e2/summary_noisy_channel_tradeoff.mat,results/noisy_channel_tradeoffs/server_full/rank/e2/E2_0p1_Rc_0p5/points/result_n_32_awgn_ebno_p3p0.mat,32,339,5424,0.1,0.5,3,334,1001880,0,1001880,0.000333373258274444,0,0.000333373258274444,0.000166686629137222,64.0316205533597,0.193734616677376,1980,2003760,pilot; adaptive/event-or-cap stopping
rank,e2,results/noisy_channel_tradeoffs/server_full/rank/e2/summary_noisy_channel_tradeoff.mat,results/noisy_channel_tradeoffs/server_full/rank/e2/E2_0p15_Rc_0p5/points/result_n_32_awgn_ebno_p0p0.mat,32,112,1792,0.15,0.5,0,200,623392,617954,623392,0.000320825419639649,0.991276756839998,0.991276756839998,0.495798791129819,64.0316205533597,0.168781530572875,1232,1246784,pilot; adaptive/event-or-cap stopping
rank,e2,results/noisy_channel_tradeoffs/server_full/rank/e2/summary_noisy_channel_tradeoff.mat,results/noisy_channel_tradeoffs/server_full/rank/e2/E2_0p15_Rc_0p5/points/result_n_32_awgn_ebno_p0p25.mat,32,112,1792,0.15,0.5,0.25,200,619344,610888,619344,0.000322922317807228,0.98634684440311,0.98634684440311,0.493334883360459,64.0316205533597,0.168781530572875,1224,1238688,pilot; adaptive/event-or-cap stopping
rank,e2,results/noisy_channel_tradeoffs/server_full/rank/e2/summary_noisy_channel_tradeoff.mat,results/noisy_channel_tradeoffs/server_full/rank/e2/E2_0p15_Rc_0p5/points/result_n_32_awgn_ebno_p0p5.mat,32,112,1792,0.15,0.5,0.5,200,546480,532183,546480,0.000365978626848192,0.973838017859757,0.973838017859757,0.487101998243303,64.0316205533597,0.168781530572875,1080,1092960,pilot; adaptive/event-or-cap stopping
rank,e2,results/noisy_channel_tradeoffs/server_full/rank/e2/summary_noisy_channel_tradeoff.mat,results/noisy_channel_tradeoffs/server_full/rank/e2/E2_0p15_Rc_0p5/points/result_n_32_awgn_ebno_p0p75.mat,32,112,1792,0.15,0.5,0.75,200,718520,535243,718520,0.000278349941546512,0.744924288815899,0.744924288815899,0.372601319378723,64.0316205533597,0.168781530572875,1420,1437040,pilot; adaptive/event-or-cap stopping
rank,e2,results/noisy_channel_tradeoffs/server_full/rank/e2/summary_noisy_channel_tradeoff.mat,results/noisy_channel_tradeoffs/server_full/rank/e2/E2_0p15_Rc_0p5/points/result_n_32_awgn_ebno_p1p0.mat,32,112,1792,0.15,0.5,1,200,633512,2484,633512,0.00031570041293614,0.00392099912866686,0.00392099912866686,0.0021183497708015,64.0316205533597,0.168781530572875,1252,1267024,pilot; adaptive/event-or-cap stopping
rank,e2,results/noisy_channel_tradeoffs/server_full/rank/e2/summary_noisy_channel_tradeoff.mat,results/noisy_channel_tradeoffs/server_full/rank/e2/E2_0p15_Rc_0p5/points/result_n_32_awgn_ebno_p1p25.mat,32,112,1792,0.15,0.5,1.25,200,631488,369,631488,0.000316712273234012,0.000584334144116753,0.000584334144116753,0.000450523208675383,64.0316205533597,0.168781530572875,1248,1262976,pilot; adaptive/event-or-cap stopping
rank,e2,results/noisy_channel_tradeoffs/server_full/rank/e2/summary_noisy_channel_tradeoff.mat,results/noisy_channel_tradeoffs/server_full/rank/e2/E2_0p15_Rc_0p5/points/result_n_32_awgn_ebno_p1p5.mat,32,112,1792,0.15,0.5,1.5,310,1001880,156,1001880,0.000309418293608017,0.000155707270331776,0.000309418293608017,0.000232562781969897,64.0316205533597,0.168781530572875,1980,2003760,pilot; adaptive/event-or-cap stopping
rank,e2,results/noisy_channel_tradeoffs/server_full/rank/e2/summary_noisy_channel_tradeoff.mat,results/noisy_channel_tradeoffs/server_full/rank/e2/E2_0p15_Rc_0p5/points/result_n_32_awgn_ebno_p1p75.mat,32,112,1792,0.15,0.5,1.75,310,1001880,38,1001880,0.000309418293608017,3.79286940551763e-05,0.000309418293608017,0.000173673493831597,64.0316205533597,0.168781530572875,1980,2003760,pilot; adaptive/event-or-cap stopping
rank,e2,results/noisy_channel_tradeoffs/server_full/rank/e2/summary_noisy_channel_tradeoff.mat,results/noisy_channel_tradeoffs/server_full/rank/e2/E2_0p15_Rc_0p5/points/result_n_32_awgn_ebno_p2p0.mat,32,112,1792,0.15,0.5,2,310,1001880,6,1001880,0.000309418293608017,5.98874116660678e-06,0.000309418293608017,0.000157703517387312,64.0316205533597,0.168781530572875,1980,2003760,pilot; adaptive/event-or-cap stopping
rank,e2,results/noisy_channel_tradeoffs/server_full/rank/e2/summary_noisy_channel_tradeoff.mat,results/noisy_channel_tradeoffs/server_full/rank/e2/E2_0p15_Rc_0p5/points/result_n_32_awgn_ebno_p2p25.mat,32,112,1792,0.15,0.5,2.25,310,1001880,4,1001880,0.000309418293608017,3.99249411107119e-06,0.000309418293608017,0.000156705393859544,64.0316205533597,0.168781530572875,1980,2003760,pilot; adaptive/event-or-cap stopping
rank,e2,results/noisy_channel_tradeoffs/server_full/rank/e2/summary_noisy_channel_tradeoff.mat,results/noisy_channel_tradeoffs/server_full/rank/e2/E2_0p15_Rc_0p5/points/result_n_32_awgn_ebno_p2p5.mat,32,112,1792,0.15,0.5,2.5,310,1001880,0,1001880,0.000309418293608017,0,0.000309418293608017,0.000154709146804008,64.0316205533597,0.168781530572875,1980,2003760,pilot; adaptive/event-or-cap stopping
rank,e2,results/noisy_channel_tradeoffs/server_full/rank/e2/summary_noisy_channel_tradeoff.mat,results/noisy_channel_tradeoffs/server_full/rank/e2/E2_0p15_Rc_0p5/points/result_n_32_awgn_ebno_p2p75.mat,32,112,1792,0.15,0.5,2.75,310,1001880,0,1001880,0.000309418293608017,0,0.000309418293608017,0.000154709146804008,64.0316205533597,0.168781530572875,1980,2003760,pilot; adaptive/event-or-cap stopping
rank,e2,results/noisy_channel_tradeoffs/server_full/rank/e2/summary_noisy_channel_tradeoff.mat,results/noisy_channel_tradeoffs/server_full/rank/e2/E2_0p15_Rc_0p5/points/result_n_32_awgn_ebno_p3p0.mat,32,112,1792,0.15,0.5,3,310,1001880,0,1001880,0.000309418293608017,0,0.000309418293608017,0.000154709146804008,64.0316205533597,0.168781530572875,1980,2003760,pilot; adaptive/event-or-cap stopping
rank,e2,results/noisy_channel_tradeoffs/server_full/rank/e2/summary_noisy_channel_tradeoff.mat,results/noisy_channel_tradeoffs/server_full/rank/e2/E2_0p2_Rc_0p5/points/result_n_32_awgn_ebno_p0p0.mat,32,36,576,0.2,0.5,0,200,617320,612148,617320,0.000323981079504957,0.991621849284002,0.991621849284002,0.495972915181753,64.0316205533597,0.143209322553389,1220,1234640,pilot; adaptive/event-or-cap stopping
rank,e2,results/noisy_channel_tradeoffs/server_full/rank/e2/summary_noisy_channel_tradeoff.mat,results/noisy_channel_tradeoffs/server_full/rank/e2/E2_0p2_Rc_0p5/points/result_n_32_awgn_ebno_p0p25.mat,32,36,576,0.2,0.5,0.25,200,570768,563174,570768,0.000350405068258907,0.986695119558209,0.986695119558209,0.493522762313234,64.0316205533597,0.143209322553389,1128,1141536,pilot; adaptive/event-or-cap stopping
rank,e2,results/noisy_channel_tradeoffs/server_full/rank/e2/summary_noisy_channel_tradeoff.mat,results/noisy_channel_tradeoffs/server_full/rank/e2/E2_0p2_Rc_0p5/points/result_n_32_awgn_ebno_p0p5.mat,32,36,576,0.2,0.5,0.5,201,599104,583669,599104,0.000335501014848841,0.974236526546309,0.974236526546309,0.487286013780579,64.0316205533597,0.143209322553389,1184,1198208,pilot; adaptive/event-or-cap stopping
rank,e2,results/noisy_channel_tradeoffs/server_full/rank/e2/summary_noisy_channel_tradeoff.mat,results/noisy_channel_tradeoffs/server_full/rank/e2/E2_0p2_Rc_0p5/points/result_n_32_awgn_ebno_p0p75.mat,32,36,576,0.2,0.5,0.75,200,657800,487910,657800,0.000304043782304652,0.741730009121313,0.741730009121313,0.371017026451809,64.0316205533597,0.143209322553389,1300,1315600,pilot; adaptive/event-or-cap stopping
rank,e2,results/noisy_channel_tradeoffs/server_full/rank/e2/summary_noisy_channel_tradeoff.mat,results/noisy_channel_tradeoffs/server_full/rank/e2/E2_0p2_Rc_0p5/points/result_n_32_awgn_ebno_p1p0.mat,32,36,576,0.2,0.5,1,200,665896,2543,665896,0.000300347201364778,0.00381891466535315,0.00381891466535315,0.00205963093335896,64.0316205533597,0.143209322553389,1316,1331792,pilot; adaptive/event-or-cap stopping
rank,e2,results/noisy_channel_tradeoffs/server_full/rank/e2/summary_noisy_channel_tradeoff.mat,results/noisy_channel_tradeoffs/server_full/rank/e2/E2_0p2_Rc_0p5/points/result_n_32_awgn_ebno_p1p25.mat,32,36,576,0.2,0.5,1.25,200,667920,422,667920,0.000299437058330339,0.000631812193077015,0.000631812193077015,0.000465624625703677,64.0316205533597,0.143209322553389,1320,1335840,pilot; adaptive/event-or-cap stopping
rank,e2,results/noisy_channel_tradeoffs/server_full/rank/e2/summary_noisy_channel_tradeoff.mat,results/noisy_channel_tradeoffs/server_full/rank/e2/E2_0p2_Rc_0p5/points/result_n_32_awgn_ebno_p1p5.mat,32,36,576,0.2,0.5,1.5,302,1001880,161,1001880,0.000301433305385875,0.000160697887970615,0.000301433305385875,0.000231065596678245,64.0316205533597,0.143209322553389,1980,2003760,pilot; adaptive/event-or-cap stopping
rank,e2,results/noisy_channel_tradeoffs/server_full/rank/e2/summary_noisy_channel_tradeoff.mat,results/noisy_channel_tradeoffs/server_full/rank/e2/E2_0p2_Rc_0p5/points/result_n_32_awgn_ebno_p1p75.mat,32,36,576,0.2,0.5,1.75,302,1001880,41,1001880,0.000301433305385875,4.09230646384797e-05,0.000301433305385875,0.000171178185012177,64.0316205533597,0.143209322553389,1980,2003760,pilot; adaptive/event-or-cap stopping
rank,e2,results/noisy_channel_tradeoffs/server_full/rank/e2/summary_noisy_channel_tradeoff.mat,results/noisy_channel_tradeoffs/server_full/rank/e2/E2_0p2_Rc_0p5/points/result_n_32_awgn_ebno_p2p0.mat,32,36,576,0.2,0.5,2,302,1001880,10,1001880,0.000301433305385875,9.98123527767797e-06,0.000301433305385875,0.000155707270331776,64.0316205533597,0.143209322553389,1980,2003760,pilot; adaptive/event-or-cap stopping
rank,e2,results/noisy_channel_tradeoffs/server_full/rank/e2/summary_noisy_channel_tradeoff.mat,results/noisy_channel_tradeoffs/server_full/rank/e2/E2_0p2_Rc_0p5/points/result_n_32_awgn_ebno_p2p25.mat,32,36,576,0.2,0.5,2.25,302,1001880,0,1001880,0.000301433305385875,0,0.000301433305385875,0.000150716652692937,64.0316205533597,0.143209322553389,1980,2003760,pilot; adaptive/event-or-cap stopping
rank,e2,results/noisy_channel_tradeoffs/server_full/rank/e2/summary_noisy_channel_tradeoff.mat,results/noisy_channel_tradeoffs/server_full/rank/e2/E2_0p2_Rc_0p5/points/result_n_32_awgn_ebno_p2p5.mat,32,36,576,0.2,0.5,2.5,302,1001880,0,1001880,0.000301433305385875,0,0.000301433305385875,0.000150716652692937,64.0316205533597,0.143209322553389,1980,2003760,pilot; adaptive/event-or-cap stopping
rank,e2,results/noisy_channel_tradeoffs/server_full/rank/e2/summary_noisy_channel_tradeoff.mat,results/noisy_channel_tradeoffs/server_full/rank/e2/E2_0p2_Rc_0p5/points/result_n_32_awgn_ebno_p2p75.mat,32,36,576,0.2,0.5,2.75,302,1001880,1,1001880,0.000301433305385875,9.98123527767797e-07,0.000301433305385875,0.000151215714456821,64.0316205533597,0.143209322553389,1980,2003760,pilot; adaptive/event-or-cap stopping
rank,e2,results/noisy_channel_tradeoffs/server_full/rank/e2/summary_noisy_channel_tradeoff.mat,results/noisy_channel_tradeoffs/server_full/rank/e2/E2_0p2_Rc_0p5/points/result_n_32_awgn_ebno_p3p0.mat,32,36,576,0.2,0.5,3,302,1001880,0,1001880,0.000301433305385875,0,0.000301433305385875,0.000150716652692937,64.0316205533597,0.143209322553389,1980,2003760,pilot; adaptive/event-or-cap stopping
rank,e2,results/noisy_channel_tradeoffs/server_full/rank/e2/summary_noisy_channel_tradeoff.mat,results/noisy_channel_tradeoffs/server_full/rank/e2/E2_0p05_Rc_0p5/points/result_n_40_awgn_ebno_p0p0.mat,40,12483,249660,0.05,0.5,0,23,1001160,998096,1001160,2.2973350912941e-05,0.996939550121859,0.996939550121859,0.498481261736386,80,0.224120064608166,2472,2002320,pilot; adaptive/event-or-cap stopping
rank,e2,results/noisy_channel_tradeoffs/server_full/rank/e2/summary_noisy_channel_tradeoff.mat,results/noisy_channel_tradeoffs/server_full/rank/e2/E2_0p05_Rc_0p5/points/result_n_40_awgn_ebno_p0p25.mat,40,12483,249660,0.05,0.5,0.25,18,950940,945808,950940,1.89286390308537e-05,0.994603234694092,0.994603234694092,0.497311081666562,80,0.224120064608166,2348,1901880,pilot; adaptive/event-or-cap stopping
rank,e2,results/noisy_channel_tradeoffs/server_full/rank/e2/summary_noisy_channel_tradeoff.mat,results/noisy_channel_tradeoffs/server_full/rank/e2/E2_0p05_Rc_0p5/points/result_n_40_awgn_ebno_p0p5.mat,40,12483,249660,0.05,0.5,0.5,23,1001160,989590,1001160,2.2973350912941e-05,0.988443405649447,0.988443405649447,0.49423318950018,80,0.224120064608166,2472,2002320,pilot; adaptive/event-or-cap stopping
rank,e2,results/noisy_channel_tradeoffs/server_full/rank/e2/summary_noisy_channel_tradeoff.mat,results/noisy_channel_tradeoffs/server_full/rank/e2/E2_0p05_Rc_0p5/points/result_n_40_awgn_ebno_p0p75.mat,40,12483,249660,0.05,0.5,0.75,13,1001160,767511,1001160,1.29849374725319e-05,0.766621718806185,0.766621718806185,0.383317351871829,80,0.224120064608166,2472,2002320,pilot; adaptive/event-or-cap stopping
rank,e2,results/noisy_channel_tradeoffs/server_full/rank/e2/summary_noisy_channel_tradeoff.mat,results/noisy_channel_tradeoffs/server_full/rank/e2/E2_0p05_Rc_0p5/points/result_n_40_awgn_ebno_p1p0.mat,40,12483,249660,0.05,0.5,1,13,1001160,4808,1001160,1.29849374725319e-05,0.00480242918214871,0.00480242918214871,0.00240770705981062,80,0.224120064608166,2472,2002320,pilot; adaptive/event-or-cap stopping
rank,e2,results/noisy_channel_tradeoffs/server_full/rank/e2/summary_noisy_channel_tradeoff.mat,results/noisy_channel_tradeoffs/server_full/rank/e2/E2_0p05_Rc_0p5/points/result_n_40_awgn_ebno_p1p25.mat,40,12483,249660,0.05,0.5,1.25,12,1001160,851,1001160,1.1986096128491e-05,0.000850013983778817,0.000850013983778817,0.000431000039953654,80,0.224120064608166,2472,2002320,pilot; adaptive/event-or-cap stopping
rank,e2,results/noisy_channel_tradeoffs/server_full/rank/e2/summary_noisy_channel_tradeoff.mat,results/noisy_channel_tradeoffs/server_full/rank/e2/E2_0p05_Rc_0p5/points/result_n_40_awgn_ebno_p1p5.mat,40,12483,249660,0.05,0.5,1.5,12,1001160,176,1001160,1.1986096128491e-05,0.000175796076551201,0.000175796076551201,9.38910863398458e-05,80,0.224120064608166,2472,2002320,pilot; adaptive/event-or-cap stopping
rank,e2,results/noisy_channel_tradeoffs/server_full/rank/e2/summary_noisy_channel_tradeoff.mat,results/noisy_channel_tradeoffs/server_full/rank/e2/E2_0p05_Rc_0p5/points/result_n_40_awgn_ebno_p1p75.mat,40,12483,249660,0.05,0.5,1.75,12,1001160,52,1001160,1.1986096128491e-05,5.19397498901275e-05,5.19397498901275e-05,3.19629230093092e-05,80,0.224120064608166,2472,2002320,pilot; adaptive/event-or-cap stopping
rank,e2,results/noisy_channel_tradeoffs/server_full/rank/e2/summary_noisy_channel_tradeoff.mat,results/noisy_channel_tradeoffs/server_full/rank/e2/E2_0p05_Rc_0p5/points/result_n_40_awgn_ebno_p2p0.mat,40,12483,249660,0.05,0.5,2,12,1001160,12,1001160,1.1986096128491e-05,1.1986096128491e-05,1.1986096128491e-05,1.1986096128491e-05,80,0.224120064608166,2472,2002320,pilot; adaptive/event-or-cap stopping
rank,e2,results/noisy_channel_tradeoffs/server_full/rank/e2/summary_noisy_channel_tradeoff.mat,results/noisy_channel_tradeoffs/server_full/rank/e2/E2_0p05_Rc_0p5/points/result_n_40_awgn_ebno_p2p25.mat,40,12483,249660,0.05,0.5,2.25,12,1001160,1,1001160,1.1986096128491e-05,9.98841344040912e-07,1.1986096128491e-05,6.49246873626593e-06,80,0.224120064608166,2472,2002320,pilot; adaptive/event-or-cap stopping
rank,e2,results/noisy_channel_tradeoffs/server_full/rank/e2/summary_noisy_channel_tradeoff.mat,results/noisy_channel_tradeoffs/server_full/rank/e2/E2_0p05_Rc_0p5/points/result_n_40_awgn_ebno_p2p5.mat,40,12483,249660,0.05,0.5,2.5,12,1001160,1,1001160,1.1986096128491e-05,9.98841344040912e-07,1.1986096128491e-05,6.49246873626593e-06,80,0.224120064608166,2472,2002320,pilot; adaptive/event-or-cap stopping
rank,e2,results/noisy_channel_tradeoffs/server_full/rank/e2/summary_noisy_channel_tradeoff.mat,results/noisy_channel_tradeoffs/server_full/rank/e2/E2_0p05_Rc_0p5/points/result_n_40_awgn_ebno_p2p75.mat,40,12483,249660,0.05,0.5,2.75,12,1001160,0,1001160,1.1986096128491e-05,0,1.1986096128491e-05,5.99304806424548e-06,80,0.224120064608166,2472,2002320,pilot; adaptive/event-or-cap stopping
rank,e2,results/noisy_channel_tradeoffs/server_full/rank/e2/summary_noisy_channel_tradeoff.mat,results/noisy_channel_tradeoffs/server_full/rank/e2/E2_0p05_Rc_0p5/points/result_n_40_awgn_ebno_p3p0.mat,40,12483,249660,0.05,0.5,3,12,1001160,0,1001160,1.1986096128491e-05,0,1.1986096128491e-05,5.99304806424548e-06,80,0.224120064608166,2472,2002320,pilot; adaptive/event-or-cap stopping
rank,e2,results/noisy_channel_tradeoffs/server_full/rank/e2/summary_noisy_channel_tradeoff.mat,results/noisy_channel_tradeoffs/server_full/rank/e2/E2_0p1_Rc_0p5/points/result_n_40_awgn_ebno_p0p0.mat,40,3120,62400,0.1,0.5,0,20,1001160,998009,1001160,1.99768268808183e-05,0.996852650924927,0.996852650924927,0.498436313875904,80,0.199115730107962,2472,2002320,pilot; adaptive/event-or-cap stopping
rank,e2,results/noisy_channel_tradeoffs/server_full/rank/e2/summary_noisy_channel_tradeoff.mat,results/noisy_channel_tradeoffs/server_full/rank/e2/E2_0p1_Rc_0p5/points/result_n_40_awgn_ebno_p0p25.mat,40,3120,62400,0.1,0.5,0.25,9,1001160,995824,1001160,8.98957209636821e-06,0.994670182588198,0.994670182588198,0.497339586080147,80,0.199115730107962,2472,2002320,pilot; adaptive/event-or-cap stopping
rank,e2,results/noisy_channel_tradeoffs/server_full/rank/e2/summary_noisy_channel_tradeoff.mat,results/noisy_channel_tradeoffs/server_full/rank/e2/E2_0p1_Rc_0p5/points/result_n_40_awgn_ebno_p0p5.mat,40,3120,62400,0.1,0.5,0.5,12,1001160,989465,1001160,1.1986096128491e-05,0.988318550481442,0.988318550481442,0.494165268288785,80,0.199115730107962,2472,2002320,pilot; adaptive/event-or-cap stopping
rank,e2,results/noisy_channel_tradeoffs/server_full/rank/e2/summary_noisy_channel_tradeoff.mat,results/noisy_channel_tradeoffs/server_full/rank/e2/E2_0p1_Rc_0p5/points/result_n_40_awgn_ebno_p0p75.mat,40,3120,62400,0.1,0.5,0.75,24,1001160,768220,1001160,2.39721922569819e-05,0.76732989731911,0.76732989731911,0.383676934755683,80,0.199115730107962,2472,2002320,pilot; adaptive/event-or-cap stopping
rank,e2,results/noisy_channel_tradeoffs/server_full/rank/e2/summary_noisy_channel_tradeoff.mat,results/noisy_channel_tradeoffs/server_full/rank/e2/E2_0p1_Rc_0p5/points/result_n_40_awgn_ebno_p1p0.mat,40,3120,62400,0.1,0.5,1,26,1001160,4635,1001160,2.59698749450637e-05,0.00462962962962963,0.00462962962962963,0.00232779975228735,80,0.199115730107962,2472,2002320,pilot; adaptive/event-or-cap stopping
rank,e2,results/noisy_channel_tradeoffs/server_full/rank/e2/summary_noisy_channel_tradeoff.mat,results/noisy_channel_tradeoffs/server_full/rank/e2/E2_0p1_Rc_0p5/points/result_n_40_awgn_ebno_p1p25.mat,40,3120,62400,0.1,0.5,1.25,25,1001160,861,1001160,2.49710336010228e-05,0.000860002397219226,0.000860002397219226,0.000442486715410124,80,0.199115730107962,2472,2002320,pilot; adaptive/event-or-cap stopping
rank,e2,results/noisy_channel_tradeoffs/server_full/rank/e2/summary_noisy_channel_tradeoff.mat,results/noisy_channel_tradeoffs/server_full/rank/e2/E2_0p1_Rc_0p5/points/result_n_40_awgn_ebno_p1p5.mat,40,3120,62400,0.1,0.5,1.5,25,1001160,173,1001160,2.49710336010228e-05,0.000172799552519078,0.000172799552519078,9.88852930600503e-05,80,0.199115730107962,2472,2002320,pilot; adaptive/event-or-cap stopping
rank,e2,results/noisy_channel_tradeoffs/server_full/rank/e2/summary_noisy_channel_tradeoff.mat,results/noisy_channel_tradeoffs/server_full/rank/e2/E2_0p1_Rc_0p5/points/result_n_40_awgn_ebno_p1p75.mat,40,3120,62400,0.1,0.5,1.75,25,1001160,51,1001160,2.49710336010228e-05,5.09409085460865e-05,5.09409085460865e-05,3.79559710735547e-05,80,0.199115730107962,2472,2002320,pilot; adaptive/event-or-cap stopping
rank,e2,results/noisy_channel_tradeoffs/server_full/rank/e2/summary_noisy_channel_tradeoff.mat,results/noisy_channel_tradeoffs/server_full/rank/e2/E2_0p1_Rc_0p5/points/result_n_40_awgn_ebno_p2p0.mat,40,3120,62400,0.1,0.5,2,25,1001160,8,1001160,2.49710336010228e-05,7.9907307523273e-06,2.49710336010228e-05,1.64808821766751e-05,80,0.199115730107962,2472,2002320,pilot; adaptive/event-or-cap stopping
rank,e2,results/noisy_channel_tradeoffs/server_full/rank/e2/summary_noisy_channel_tradeoff.mat,results/noisy_channel_tradeoffs/server_full/rank/e2/E2_0p1_Rc_0p5/points/result_n_40_awgn_ebno_p2p25.mat,40,3120,62400,0.1,0.5,2.25,25,1001160,7,1001160,2.49710336010228e-05,6.99188940828639e-06,2.49710336010228e-05,1.59814615046546e-05,80,0.199115730107962,2472,2002320,pilot; adaptive/event-or-cap stopping
rank,e2,results/noisy_channel_tradeoffs/server_full/rank/e2/summary_noisy_channel_tradeoff.mat,results/noisy_channel_tradeoffs/server_full/rank/e2/E2_0p1_Rc_0p5/points/result_n_40_awgn_ebno_p2p5.mat,40,3120,62400,0.1,0.5,2.5,25,1001160,1,1001160,2.49710336010228e-05,9.98841344040912e-07,2.49710336010228e-05,1.29849374725319e-05,80,0.199115730107962,2472,2002320,pilot; adaptive/event-or-cap stopping
rank,e2,results/noisy_channel_tradeoffs/server_full/rank/e2/summary_noisy_channel_tradeoff.mat,results/noisy_channel_tradeoffs/server_full/rank/e2/E2_0p1_Rc_0p5/points/result_n_40_awgn_ebno_p2p75.mat,40,3120,62400,0.1,0.5,2.75,25,1001160,0,1001160,2.49710336010228e-05,0,2.49710336010228e-05,1.24855168005114e-05,80,0.199115730107962,2472,2002320,pilot; adaptive/event-or-cap stopping
rank,e2,results/noisy_channel_tradeoffs/server_full/rank/e2/summary_noisy_channel_tradeoff.mat,results/noisy_channel_tradeoffs/server_full/rank/e2/E2_0p1_Rc_0p5/points/result_n_40_awgn_ebno_p3p0.mat,40,3120,62400,0.1,0.5,3,25,1001160,0,1001160,2.49710336010228e-05,0,2.49710336010228e-05,1.24855168005114e-05,80,0.199115730107962,2472,2002320,pilot; adaptive/event-or-cap stopping
rank,e2,results/noisy_channel_tradeoffs/server_full/rank/e2/summary_noisy_channel_tradeoff.mat,results/noisy_channel_tradeoffs/server_full/rank/e2/E2_0p15_Rc_0p5/points/result_n_40_awgn_ebno_p0p0.mat,40,780,15600,0.15,0.5,0,25,1001160,998152,1001160,2.49710336010228e-05,0.996995485237125,0.996995485237125,0.498510228135363,80,0.174115730107962,2472,2002320,pilot; adaptive/event-or-cap stopping
rank,e2,results/noisy_channel_tradeoffs/server_full/rank/e2/summary_noisy_channel_tradeoff.mat,results/noisy_channel_tradeoffs/server_full/rank/e2/E2_0p15_Rc_0p5/points/result_n_40_awgn_ebno_p0p25.mat,40,780,15600,0.15,0.5,0.25,15,1001160,995832,1001160,1.49826201606137e-05,0.99467817331895,0.99467817331895,0.497346577969555,80,0.174115730107962,2472,2002320,pilot; adaptive/event-or-cap stopping
rank,e2,results/noisy_channel_tradeoffs/server_full/rank/e2/summary_noisy_channel_tradeoff.mat,results/noisy_channel_tradeoffs/server_full/rank/e2/E2_0p15_Rc_0p5/points/result_n_40_awgn_ebno_p0p5.mat,40,780,15600,0.15,0.5,0.5,15,1001160,989607,1001160,1.49826201606137e-05,0.988460385952295,0.988460385952295,0.494237684286228,80,0.174115730107962,2472,2002320,pilot; adaptive/event-or-cap stopping
rank,e2,results/noisy_channel_tradeoffs/server_full/rank/e2/summary_noisy_channel_tradeoff.mat,results/noisy_channel_tradeoffs/server_full/rank/e2/E2_0p15_Rc_0p5/points/result_n_40_awgn_ebno_p0p75.mat,40,780,15600,0.15,0.5,0.75,17,1001160,769410,1001160,1.69803028486955e-05,0.768518518518518,0.768518518518518,0.384267749410684,80,0.174115730107962,2472,2002320,pilot; adaptive/event-or-cap stopping
rank,e2,results/noisy_channel_tradeoffs/server_full/rank/e2/summary_noisy_channel_tradeoff.mat,results/noisy_channel_tradeoffs/server_full/rank/e2/E2_0p15_Rc_0p5/points/result_n_40_awgn_ebno_p1p0.mat,40,780,15600,0.15,0.5,1,15,1001160,4815,1001160,1.49826201606137e-05,0.00480942107155699,0.00480942107155699,0.0024122018458588,80,0.174115730107962,2472,2002320,pilot; adaptive/event-or-cap stopping
rank,e2,results/noisy_channel_tradeoffs/server_full/rank/e2/summary_noisy_channel_tradeoff.mat,results/noisy_channel_tradeoffs/server_full/rank/e2/E2_0p15_Rc_0p5/points/result_n_40_awgn_ebno_p1p25.mat,40,780,15600,0.15,0.5,1.25,15,1001160,880,1001160,1.49826201606137e-05,0.000878980382756003,0.000878980382756003,0.000446981501458308,80,0.174115730107962,2472,2002320,pilot; adaptive/event-or-cap stopping
rank,e2,results/noisy_channel_tradeoffs/server_full/rank/e2/summary_noisy_channel_tradeoff.mat,results/noisy_channel_tradeoffs/server_full/rank/e2/E2_0p15_Rc_0p5/points/result_n_40_awgn_ebno_p1p5.mat,40,780,15600,0.15,0.5,1.5,15,1001160,173,1001160,1.49826201606137e-05,0.000172799552519078,0.000172799552519078,9.38910863398458e-05,80,0.174115730107962,2472,2002320,pilot; adaptive/event-or-cap stopping
rank,e2,results/noisy_channel_tradeoffs/server_full/rank/e2/summary_noisy_channel_tradeoff.mat,results/noisy_channel_tradeoffs/server_full/rank/e2/E2_0p15_Rc_0p5/points/result_n_40_awgn_ebno_p1p75.mat,40,780,15600,0.15,0.5,1.75,15,1001160,54,1001160,1.49826201606137e-05,5.39374325782093e-05,5.39374325782093e-05,3.44600263694115e-05,80,0.174115730107962,2472,2002320,pilot; adaptive/event-or-cap stopping
rank,e2,results/noisy_channel_tradeoffs/server_full/rank/e2/summary_noisy_channel_tradeoff.mat,results/noisy_channel_tradeoffs/server_full/rank/e2/E2_0p15_Rc_0p5/points/result_n_40_awgn_ebno_p2p0.mat,40,780,15600,0.15,0.5,2,15,1001160,8,1001160,1.49826201606137e-05,7.9907307523273e-06,1.49826201606137e-05,1.14866754564705e-05,80,0.174115730107962,2472,2002320,pilot; adaptive/event-or-cap stopping
rank,e2,results/noisy_channel_tradeoffs/server_full/rank/e2/summary_noisy_channel_tradeoff.mat,results/noisy_channel_tradeoffs/server_full/rank/e2/E2_0p15_Rc_0p5/points/result_n_40_awgn_ebno_p2p25.mat,40,780,15600,0.15,0.5,2.25,15,1001160,6,1001160,1.49826201606137e-05,5.99304806424548e-06,1.49826201606137e-05,1.04878341124296e-05,80,0.174115730107962,2472,2002320,pilot; adaptive/event-or-cap stopping
rank,e2,results/noisy_channel_tradeoffs/server_full/rank/e2/summary_noisy_channel_tradeoff.mat,results/noisy_channel_tradeoffs/server_full/rank/e2/E2_0p15_Rc_0p5/points/result_n_40_awgn_ebno_p2p5.mat,40,780,15600,0.15,0.5,2.5,15,1001160,2,1001160,1.49826201606137e-05,1.99768268808182e-06,1.49826201606137e-05,8.49015142434776e-06,80,0.174115730107962,2472,2002320,pilot; adaptive/event-or-cap stopping
rank,e2,results/noisy_channel_tradeoffs/server_full/rank/e2/summary_noisy_channel_tradeoff.mat,results/noisy_channel_tradeoffs/server_full/rank/e2/E2_0p15_Rc_0p5/points/result_n_40_awgn_ebno_p2p75.mat,40,780,15600,0.15,0.5,2.75,15,1001160,0,1001160,1.49826201606137e-05,0,1.49826201606137e-05,7.49131008030684e-06,80,0.174115730107962,2472,2002320,pilot; adaptive/event-or-cap stopping
rank,e2,results/noisy_channel_tradeoffs/server_full/rank/e2/summary_noisy_channel_tradeoff.mat,results/noisy_channel_tradeoffs/server_full/rank/e2/E2_0p15_Rc_0p5/points/result_n_40_awgn_ebno_p3p0.mat,40,780,15600,0.15,0.5,3,15,1001160,0,1001160,1.49826201606137e-05,0,1.49826201606137e-05,7.49131008030684e-06,80,0.174115730107962,2472,2002320,pilot; adaptive/event-or-cap stopping
rank,e2,results/noisy_channel_tradeoffs/server_full/rank/e2/summary_noisy_channel_tradeoff.mat,results/noisy_channel_tradeoffs/server_full/rank/e2/E2_0p2_Rc_0p5/points/result_n_40_awgn_ebno_p0p0.mat,40,195,3900,0.2,0.5,0,12,1001160,998069,1001160,1.1986096128491e-05,0.996912581405569,0.996912581405569,0.498462283750849,80,0.149115730107962,2472,2002320,pilot; adaptive/event-or-cap stopping
rank,e2,results/noisy_channel_tradeoffs/server_full/rank/e2/summary_noisy_channel_tradeoff.mat,results/noisy_channel_tradeoffs/server_full/rank/e2/E2_0p2_Rc_0p5/points/result_n_40_awgn_ebno_p0p25.mat,40,195,3900,0.2,0.5,0.25,16,1001160,995793,1001160,1.59814615046546e-05,0.994639218506532,0.994639218506532,0.497327599984019,80,0.149115730107962,2472,2002320,pilot; adaptive/event-or-cap stopping
rank,e2,results/noisy_channel_tradeoffs/server_full/rank/e2/summary_noisy_channel_tradeoff.mat,results/noisy_channel_tradeoffs/server_full/rank/e2/E2_0p2_Rc_0p5/points/result_n_40_awgn_ebno_p0p5.mat,40,195,3900,0.2,0.5,0.5,24,1001160,989498,1001160,2.39721922569819e-05,0.988351512245795,0.988351512245795,0.494187742219026,80,0.149115730107962,2472,2002320,pilot; adaptive/event-or-cap stopping
rank,e2,results/noisy_channel_tradeoffs/server_full/rank/e2/summary_noisy_channel_tradeoff.mat,results/noisy_channel_tradeoffs/server_full/rank/e2/E2_0p2_Rc_0p5/points/result_n_40_awgn_ebno_p0p75.mat,40,195,3900,0.2,0.5,0.75,23,1001160,767680,1001160,2.2973350912941e-05,0.766790522993328,0.766790522993328,0.38340674817212,80,0.149115730107962,2472,2002320,pilot; adaptive/event-or-cap stopping
rank,e2,results/noisy_channel_tradeoffs/server_full/rank/e2/summary_noisy_channel_tradeoff.mat,results/noisy_channel_tradeoffs/server_full/rank/e2/E2_0p2_Rc_0p5/points/result_n_40_awgn_ebno_p1p0.mat,40,195,3900,0.2,0.5,1,15,1001160,4850,1001160,1.49826201606137e-05,0.00484438051859843,0.00484438051859843,0.00242968156937952,80,0.149115730107962,2472,2002320,pilot; adaptive/event-or-cap stopping
rank,e2,results/noisy_channel_tradeoffs/server_full/rank/e2/summary_noisy_channel_tradeoff.mat,results/noisy_channel_tradeoffs/server_full/rank/e2/E2_0p2_Rc_0p5/points/result_n_40_awgn_ebno_p1p25.mat,40,195,3900,0.2,0.5,1.25,14,1001160,891,1001160,1.39837788165728e-05,0.000889967637540453,0.000889967637540453,0.000451975708178513,80,0.149115730107962,2472,2002320,pilot; adaptive/event-or-cap stopping
rank,e2,results/noisy_channel_tradeoffs/server_full/rank/e2/summary_noisy_channel_tradeoff.mat,results/noisy_channel_tradeoffs/server_full/rank/e2/E2_0p2_Rc_0p5/points/result_n_40_awgn_ebno_p1p5.mat,40,195,3900,0.2,0.5,1.5,14,1001160,165,1001160,1.39837788165728e-05,0.000164808821766751,0.000164808821766751,8.93963002916617e-05,80,0.149115730107962,2472,2002320,pilot; adaptive/event-or-cap stopping
rank,e2,results/noisy_channel_tradeoffs/server_full/rank/e2/summary_noisy_channel_tradeoff.mat,results/noisy_channel_tradeoffs/server_full/rank/e2/E2_0p2_Rc_0p5/points/result_n_40_awgn_ebno_p1p75.mat,40,195,3900,0.2,0.5,1.75,14,1001160,45,1001160,1.39837788165728e-05,4.49478604818411e-05,4.49478604818411e-05,2.94658196492069e-05,80,0.149115730107962,2472,2002320,pilot; adaptive/event-or-cap stopping
rank,e2,results/noisy_channel_tradeoffs/server_full/rank/e2/summary_noisy_channel_tradeoff.mat,results/noisy_channel_tradeoffs/server_full/rank/e2/E2_0p2_Rc_0p5/points/result_n_40_awgn_ebno_p2p0.mat,40,195,3900,0.2,0.5,2,14,1001160,17,1001160,1.39837788165728e-05,1.69803028486955e-05,1.69803028486955e-05,1.54820408326341e-05,80,0.149115730107962,2472,2002320,pilot; adaptive/event-or-cap stopping
rank,e2,results/noisy_channel_tradeoffs/server_full/rank/e2/summary_noisy_channel_tradeoff.mat,results/noisy_channel_tradeoffs/server_full/rank/e2/E2_0p2_Rc_0p5/points/result_n_40_awgn_ebno_p2p25.mat,40,195,3900,0.2,0.5,2.25,14,1001160,4,1001160,1.39837788165728e-05,3.99536537616365e-06,1.39837788165728e-05,8.98957209636821e-06,80,0.149115730107962,2472,2002320,pilot; adaptive/event-or-cap stopping
rank,e2,results/noisy_channel_tradeoffs/server_full/rank/e2/summary_noisy_channel_tradeoff.mat,results/noisy_channel_tradeoffs/server_full/rank/e2/E2_0p2_Rc_0p5/points/result_n_40_awgn_ebno_p2p5.mat,40,195,3900,0.2,0.5,2.5,14,1001160,1,1001160,1.39837788165728e-05,9.98841344040912e-07,1.39837788165728e-05,7.49131008030684e-06,80,0.149115730107962,2472,2002320,pilot; adaptive/event-or-cap stopping
rank,e2,results/noisy_channel_tradeoffs/server_full/rank/e2/summary_noisy_channel_tradeoff.mat,results/noisy_channel_tradeoffs/server_full/rank/e2/E2_0p2_Rc_0p5/points/result_n_40_awgn_ebno_p2p75.mat,40,195,3900,0.2,0.5,2.75,14,1001160,0,1001160,1.39837788165728e-05,0,1.39837788165728e-05,6.99188940828639e-06,80,0.149115730107962,2472,2002320,pilot; adaptive/event-or-cap stopping
rank,e2,results/noisy_channel_tradeoffs/server_full/rank/e2/summary_noisy_channel_tradeoff.mat,results/noisy_channel_tradeoffs/server_full/rank/e2/E2_0p2_Rc_0p5/points/result_n_40_awgn_ebno_p3p0.mat,40,195,3900,0.2,0.5,3,14,1001160,0,1001160,1.39837788165728e-05,0,1.39837788165728e-05,6.99188940828639e-06,80,0.149115730107962,2472,2002320,pilot; adaptive/event-or-cap stopping
rank,ldpc_rate,results/noisy_channel_tradeoffs/server_full/rank/ldpc_rate/summary_noisy_channel_tradeoff.mat,results/noisy_channel_tradeoffs/server_full/rank/ldpc_rate/E2_0p1_Rc_0p3333/points/result_n_24_awgn_ebno_p0p0.mat,24,36,432,0.1,0.333333333333333,0,203,46800,33444,46800,0.00433760683760684,0.714615384615385,0.714615384615385,0.359476495726496,72,0.12159565975227,104,93600,pilot; adaptive/event-or-cap stopping
rank,ldpc_rate,results/noisy_channel_tradeoffs/server_full/rank/ldpc_rate/summary_noisy_channel_tradeoff.mat,results/noisy_channel_tradeoffs/server_full/rank/ldpc_rate/E2_0p1_Rc_0p3333/points/result_n_24_awgn_ebno_p0p25.mat,24,36,432,0.1,0.333333333333333,0.25,217,45000,21277,45000,0.00482222222222222,0.472822222222222,0.472822222222222,0.238822222222222,72,0.12159565975227,100,90000,pilot; adaptive/event-or-cap stopping
rank,ldpc_rate,results/noisy_channel_tradeoffs/server_full/rank/ldpc_rate/summary_noisy_channel_tradeoff.mat,results/noisy_channel_tradeoffs/server_full/rank/ldpc_rate/E2_0p1_Rc_0p3333/points/result_n_24_awgn_ebno_p0p5.mat,24,36,432,0.1,0.333333333333333,0.5,221,45000,15266,45000,0.00491111111111111,0.339244444444444,0.339244444444444,0.172077777777778,72,0.12159565975227,100,90000,pilot; adaptive/event-or-cap stopping
rank,ldpc_rate,results/noisy_channel_tradeoffs/server_full/rank/ldpc_rate/summary_noisy_channel_tradeoff.mat,results/noisy_channel_tradeoffs/server_full/rank/ldpc_rate/E2_0p1_Rc_0p3333/points/result_n_24_awgn_ebno_p0p75.mat,24,36,432,0.1,0.333333333333333,0.75,216,45000,9912,45000,0.0048,0.220266666666667,0.220266666666667,0.112533333333333,72,0.12159565975227,100,90000,pilot; adaptive/event-or-cap stopping
rank,ldpc_rate,results/noisy_channel_tradeoffs/server_full/rank/ldpc_rate/summary_noisy_channel_tradeoff.mat,results/noisy_channel_tradeoffs/server_full/rank/ldpc_rate/E2_0p1_Rc_0p3333/points/result_n_24_awgn_ebno_p1p0.mat,24,36,432,0.1,0.333333333333333,1,221,45000,5246,45000,0.00491111111111111,0.116577777777778,0.116577777777778,0.0607444444444444,72,0.12159565975227,100,90000,pilot; adaptive/event-or-cap stopping
rank,ldpc_rate,results/noisy_channel_tradeoffs/server_full/rank/ldpc_rate/summary_noisy_channel_tradeoff.mat,results/noisy_channel_tradeoffs/server_full/rank/ldpc_rate/E2_0p1_Rc_0p3333/points/result_n_24_awgn_ebno_p1p25.mat,24,36,432,0.1,0.333333333333333,1.25,222,45000,2303,45000,0.00493333333333333,0.0511777777777778,0.0511777777777778,0.0280555555555556,72,0.12159565975227,100,90000,pilot; adaptive/event-or-cap stopping
rank,ldpc_rate,results/noisy_channel_tradeoffs/server_full/rank/ldpc_rate/summary_noisy_channel_tradeoff.mat,results/noisy_channel_tradeoffs/server_full/rank/ldpc_rate/E2_0p1_Rc_0p3333/points/result_n_24_awgn_ebno_p1p5.mat,24,36,432,0.1,0.333333333333333,1.5,223,45000,936,45000,0.00495555555555556,0.0208,0.0208,0.0128777777777778,72,0.12159565975227,100,90000,pilot; adaptive/event-or-cap stopping
rank,ldpc_rate,results/noisy_channel_tradeoffs/server_full/rank/ldpc_rate/summary_noisy_channel_tradeoff.mat,results/noisy_channel_tradeoffs/server_full/rank/ldpc_rate/E2_0p1_Rc_0p3333/points/result_n_24_awgn_ebno_p1p75.mat,24,36,432,0.1,0.333333333333333,1.75,223,45000,377,45000,0.00495555555555556,0.00837777777777778,0.00837777777777778,0.00666666666666667,72,0.12159565975227,100,90000,pilot; adaptive/event-or-cap stopping
rank,ldpc_rate,results/noisy_channel_tradeoffs/server_full/rank/ldpc_rate/summary_noisy_channel_tradeoff.mat,results/noisy_channel_tradeoffs/server_full/rank/ldpc_rate/E2_0p1_Rc_0p3333/points/result_n_24_awgn_ebno_p2p0.mat,24,36,432,0.1,0.333333333333333,2,311,64800,202,64800,0.00479938271604938,0.00311728395061728,0.00479938271604938,0.00395833333333333,72,0.12159565975227,144,129600,pilot; adaptive/event-or-cap stopping
rank,ldpc_rate,results/noisy_channel_tradeoffs/server_full/rank/ldpc_rate/summary_noisy_channel_tradeoff.mat,results/noisy_channel_tradeoffs/server_full/rank/ldpc_rate/E2_0p1_Rc_0p3333/points/result_n_24_awgn_ebno_p2p25.mat,24,36,432,0.1,0.333333333333333,2.25,900,178200,200,178200,0.00505050505050505,0.00112233445566779,0.00505050505050505,0.00308641975308642,72,0.12159565975227,396,356400,pilot; adaptive/event-or-cap stopping
rank,ldpc_rate,results/noisy_channel_tradeoffs/server_full/rank/ldpc_rate/summary_noisy_channel_tradeoff.mat,results/noisy_channel_tradeoffs/server_full/rank/ldpc_rate/E2_0p1_Rc_0p3333/points/result_n_24_awgn_ebno_p2p5.mat,24,36,432,0.1,0.333333333333333,2.5,2292,450000,200,450000,0.00509333333333333,0.000444444444444444,0.00509333333333333,0.00276888888888889,72,0.12159565975227,1000,900000,pilot; adaptive/event-or-cap stopping
rank,ldpc_rate,results/noisy_channel_tradeoffs/server_full/rank/ldpc_rate/summary_noisy_channel_tradeoff.mat,results/noisy_channel_tradeoffs/server_full/rank/ldpc_rate/E2_0p1_Rc_0p3333/points/result_n_24_awgn_ebno_p2p75.mat,24,36,432,0.1,0.333333333333333,2.75,5133,1000800,156,1000800,0.005128896882494,0.000155875299760192,0.005128896882494,0.0026423860911271,72,0.12159565975227,2224,2001600,pilot; adaptive/event-or-cap stopping
rank,ldpc_rate,results/noisy_channel_tradeoffs/server_full/rank/ldpc_rate/summary_noisy_channel_tradeoff.mat,results/noisy_channel_tradeoffs/server_full/rank/ldpc_rate/E2_0p1_Rc_0p3333/points/result_n_24_awgn_ebno_p3p0.mat,24,36,432,0.1,0.333333333333333,3,5131,1000800,61,1000800,0.00512689848121503,6.0951239008793e-05,0.00512689848121503,0.00259392486011191,72,0.12159565975227,2224,2001600,pilot; adaptive/event-or-cap stopping
rank,ldpc_rate,results/noisy_channel_tradeoffs/server_full/rank/ldpc_rate/summary_noisy_channel_tradeoff.mat,results/noisy_channel_tradeoffs/server_full/rank/ldpc_rate/E2_0p1_Rc_0p3333/points/result_n_24_awgn_ebno_p3p25.mat,24,36,432,0.1,0.333333333333333,3.25,5133,1000800,20,1000800,0.005128896882494,1.99840127897682e-05,0.005128896882494,0.00257444044764189,72,0.12159565975227,2224,2001600,pilot; adaptive/event-or-cap stopping
rank,ldpc_rate,results/noisy_channel_tradeoffs/server_full/rank/ldpc_rate/summary_noisy_channel_tradeoff.mat,results/noisy_channel_tradeoffs/server_full/rank/ldpc_rate/E2_0p1_Rc_0p3333/points/result_n_24_awgn_ebno_p3p5.mat,24,36,432,0.1,0.333333333333333,3.5,5132,1000800,3,1000800,0.00512789768185452,2.99760191846523e-06,0.00512789768185452,0.00256544764188649,72,0.12159565975227,2224,2001600,pilot; adaptive/event-or-cap stopping
rank,ldpc_rate,results/noisy_channel_tradeoffs/server_full/rank/ldpc_rate/summary_noisy_channel_tradeoff.mat,results/noisy_channel_tradeoffs/server_full/rank/ldpc_rate/E2_0p1_Rc_0p3333/points/result_n_24_awgn_ebno_p3p75.mat,24,36,432,0.1,0.333333333333333,3.75,5132,1000800,3,1000800,0.00512789768185452,2.99760191846523e-06,0.00512789768185452,0.00256544764188649,72,0.12159565975227,2224,2001600,pilot; adaptive/event-or-cap stopping
rank,ldpc_rate,results/noisy_channel_tradeoffs/server_full/rank/ldpc_rate/summary_noisy_channel_tradeoff.mat,results/noisy_channel_tradeoffs/server_full/rank/ldpc_rate/E2_0p1_Rc_0p3333/points/result_n_24_awgn_ebno_p4p0.mat,24,36,432,0.1,0.333333333333333,4,5132,1000800,2,1000800,0.00512789768185452,1.99840127897682e-06,0.00512789768185452,0.00256494804156675,72,0.12159565975227,2224,2001600,pilot; adaptive/event-or-cap stopping
rank,ldpc_rate,results/noisy_channel_tradeoffs/server_full/rank/ldpc_rate/summary_noisy_channel_tradeoff.mat,results/noisy_channel_tradeoffs/server_full/rank/ldpc_rate/E2_0p1_Rc_0p3333/points/result_n_24_awgn_ebno_p4p25.mat,24,36,432,0.1,0.333333333333333,4.25,5132,1000800,0,1000800,0.00512789768185452,0,0.00512789768185452,0.00256394884092726,72,0.12159565975227,2224,2001600,pilot; adaptive/event-or-cap stopping
rank,ldpc_rate,results/noisy_channel_tradeoffs/server_full/rank/ldpc_rate/summary_noisy_channel_tradeoff.mat,results/noisy_channel_tradeoffs/server_full/rank/ldpc_rate/E2_0p1_Rc_0p3333/points/result_n_24_awgn_ebno_p4p5.mat,24,36,432,0.1,0.333333333333333,4.5,5132,1000800,0,1000800,0.00512789768185452,0,0.00512789768185452,0.00256394884092726,72,0.12159565975227,2224,2001600,pilot; adaptive/event-or-cap stopping
rank,ldpc_rate,results/noisy_channel_tradeoffs/server_full/rank/ldpc_rate/summary_noisy_channel_tradeoff.mat,results/noisy_channel_tradeoffs/server_full/rank/ldpc_rate/E2_0p1_Rc_0p3333/points/result_n_24_awgn_ebno_p4p75.mat,24,36,432,0.1,0.333333333333333,4.75,5132,1000800,0,1000800,0.00512789768185452,0,0.00512789768185452,0.00256394884092726,72,0.12159565975227,2224,2001600,pilot; adaptive/event-or-cap stopping
rank,ldpc_rate,results/noisy_channel_tradeoffs/server_full/rank/ldpc_rate/summary_noisy_channel_tradeoff.mat,results/noisy_channel_tradeoffs/server_full/rank/ldpc_rate/E2_0p1_Rc_0p3333/points/result_n_24_awgn_ebno_p5p0.mat,24,36,432,0.1,0.333333333333333,5,5132,1000800,0,1000800,0.00512789768185452,0,0.00512789768185452,0.00256394884092726,72,0.12159565975227,2224,2001600,pilot; adaptive/event-or-cap stopping
rank,ldpc_rate,results/noisy_channel_tradeoffs/server_full/rank/ldpc_rate/summary_noisy_channel_tradeoff.mat,results/noisy_channel_tradeoffs/server_full/rank/ldpc_rate/E2_0p1_Rc_0p4/points/result_n_24_awgn_ebno_p0p0.mat,24,36,432,0.1,0.4,0,251,54000,52744,54000,0.00464814814814815,0.976740740740741,0.976740740740741,0.490694444444444,60,0.145914791702724,100,108000,pilot; adaptive/event-or-cap stopping
rank,ldpc_rate,results/noisy_channel_tradeoffs/server_full/rank/ldpc_rate/summary_noisy_channel_tradeoff.mat,results/noisy_channel_tradeoffs/server_full/rank/ldpc_rate/E2_0p1_Rc_0p4/points/result_n_24_awgn_ebno_p0p25.mat,24,36,432,0.1,0.4,0.25,276,54000,50066,54000,0.00511111111111111,0.927148148148148,0.927148148148148,0.46612962962963,60,0.145914791702724,100,108000,pilot; adaptive/event-or-cap stopping
rank,ldpc_rate,results/noisy_channel_tradeoffs/server_full/rank/ldpc_rate/summary_noisy_channel_tradeoff.mat,results/noisy_channel_tradeoffs/server_full/rank/ldpc_rate/E2_0p1_Rc_0p4/points/result_n_24_awgn_ebno_p0p5.mat,24,36,432,0.1,0.4,0.5,257,54000,9775,54000,0.00475925925925926,0.181018518518519,0.181018518518519,0.0928888888888889,60,0.145914791702724,100,108000,pilot; adaptive/event-or-cap stopping
rank,ldpc_rate,results/noisy_channel_tradeoffs/server_full/rank/ldpc_rate/summary_noisy_channel_tradeoff.mat,results/noisy_channel_tradeoffs/server_full/rank/ldpc_rate/E2_0p1_Rc_0p4/points/result_n_24_awgn_ebno_p0p75.mat,24,36,432,0.1,0.4,0.75,258,54000,4506,54000,0.00477777777777778,0.0834444444444444,0.0834444444444444,0.0441111111111111,60,0.145914791702724,100,108000,pilot; adaptive/event-or-cap stopping
rank,ldpc_rate,results/noisy_channel_tradeoffs/server_full/rank/ldpc_rate/summary_noisy_channel_tradeoff.mat,results/noisy_channel_tradeoffs/server_full/rank/ldpc_rate/E2_0p1_Rc_0p4/points/result_n_24_awgn_ebno_p1p0.mat,24,36,432,0.1,0.4,1,267,54000,1419,54000,0.00494444444444444,0.0262777777777778,0.0262777777777778,0.0156111111111111,60,0.145914791702724,100,108000,pilot; adaptive/event-or-cap stopping
rank,ldpc_rate,results/noisy_channel_tradeoffs/server_full/rank/ldpc_rate/summary_noisy_channel_tradeoff.mat,results/noisy_channel_tradeoffs/server_full/rank/ldpc_rate/E2_0p1_Rc_0p4/points/result_n_24_awgn_ebno_p1p25.mat,24,36,432,0.1,0.4,1.25,257,54000,527,54000,0.00475925925925926,0.00975925925925926,0.00975925925925926,0.00725925925925926,60,0.145914791702724,100,108000,pilot; adaptive/event-or-cap stopping
rank,ldpc_rate,results/noisy_channel_tradeoffs/server_full/rank/ldpc_rate/summary_noisy_channel_tradeoff.mat,results/noisy_channel_tradeoffs/server_full/rank/ldpc_rate/E2_0p1_Rc_0p4/points/result_n_24_awgn_ebno_p1p5.mat,24,36,432,0.1,0.4,1.5,321,66960,203,66960,0.00479390681003584,0.00303166069295102,0.00479390681003584,0.00391278375149343,60,0.145914791702724,124,133920,pilot; adaptive/event-or-cap stopping
rank,ldpc_rate,results/noisy_channel_tradeoffs/server_full/rank/ldpc_rate/summary_noisy_channel_tradeoff.mat,results/noisy_channel_tradeoffs/server_full/rank/ldpc_rate/E2_0p1_Rc_0p4/points/result_n_24_awgn_ebno_p1p75.mat,24,36,432,0.1,0.4,1.75,1091,216000,202,216000,0.00505092592592593,0.000935185185185185,0.00505092592592593,0.00299305555555556,60,0.145914791702724,400,432000,pilot; adaptive/event-or-cap stopping
rank,ldpc_rate,results/noisy_channel_tradeoffs/server_full/rank/ldpc_rate/summary_noisy_channel_tradeoff.mat,results/noisy_channel_tradeoffs/server_full/rank/ldpc_rate/E2_0p1_Rc_0p4/points/result_n_24_awgn_ebno_p2p0.mat,24,36,432,0.1,0.4,2,3809,749520,200,749520,0.00508191909488739,0.00026683744262995,0.00508191909488739,0.00267437826875867,60,0.145914791702724,1388,1499040,pilot; adaptive/event-or-cap stopping
rank,ldpc_rate,results/noisy_channel_tradeoffs/server_full/rank/ldpc_rate/summary_noisy_channel_tradeoff.mat,results/noisy_channel_tradeoffs/server_full/rank/ldpc_rate/E2_0p1_Rc_0p4/points/result_n_24_awgn_ebno_p2p25.mat,24,36,432,0.1,0.4,2.25,5126,1000080,106,1000080,0.00512558995280378,0.000105991520678346,0.00512558995280378,0.00261579073674106,60,0.145914791702724,1852,2000160,pilot; adaptive/event-or-cap stopping
rank,ldpc_rate,results/noisy_channel_tradeoffs/server_full/rank/ldpc_rate/summary_noisy_channel_tradeoff.mat,results/noisy_channel_tradeoffs/server_full/rank/ldpc_rate/E2_0p1_Rc_0p4/points/result_n_24_awgn_ebno_p2p5.mat,24,36,432,0.1,0.4,2.5,5126,1000080,26,1000080,0.00512558995280378,2.59979201663867e-05,0.00512558995280378,0.00257579393648508,60,0.145914791702724,1852,2000160,pilot; adaptive/event-or-cap stopping
rank,ldpc_rate,results/noisy_channel_tradeoffs/server_full/rank/ldpc_rate/summary_noisy_channel_tradeoff.mat,results/noisy_channel_tradeoffs/server_full/rank/ldpc_rate/E2_0p1_Rc_0p4/points/result_n_24_awgn_ebno_p2p75.mat,24,36,432,0.1,0.4,2.75,5126,1000080,13,1000080,0.00512558995280378,1.29989600831933e-05,0.00512558995280378,0.00256929445644348,60,0.145914791702724,1852,2000160,pilot; adaptive/event-or-cap stopping
rank,ldpc_rate,results/noisy_channel_tradeoffs/server_full/rank/ldpc_rate/summary_noisy_channel_tradeoff.mat,results/noisy_channel_tradeoffs/server_full/rank/ldpc_rate/E2_0p1_Rc_0p4/points/result_n_24_awgn_ebno_p3p0.mat,24,36,432,0.1,0.4,3,5126,1000080,2,1000080,0.00512558995280378,1.99984001279898e-06,0.00512558995280378,0.00256379489640829,60,0.145914791702724,1852,2000160,pilot; adaptive/event-or-cap stopping
rank,ldpc_rate,results/noisy_channel_tradeoffs/server_full/rank/ldpc_rate/summary_noisy_channel_tradeoff.mat,results/noisy_channel_tradeoffs/server_full/rank/ldpc_rate/E2_0p1_Rc_0p4/points/result_n_24_awgn_ebno_p3p25.mat,24,36,432,0.1,0.4,3.25,5126,1000080,0,1000080,0.00512558995280378,0,0.00512558995280378,0.00256279497640189,60,0.145914791702724,1852,2000160,pilot; adaptive/event-or-cap stopping
rank,ldpc_rate,results/noisy_channel_tradeoffs/server_full/rank/ldpc_rate/summary_noisy_channel_tradeoff.mat,results/noisy_channel_tradeoffs/server_full/rank/ldpc_rate/E2_0p1_Rc_0p4/points/result_n_24_awgn_ebno_p3p5.mat,24,36,432,0.1,0.4,3.5,5126,1000080,1,1000080,0.00512558995280378,9.99920006399488e-07,0.00512558995280378,0.00256329493640509,60,0.145914791702724,1852,2000160,pilot; adaptive/event-or-cap stopping
rank,ldpc_rate,results/noisy_channel_tradeoffs/server_full/rank/ldpc_rate/summary_noisy_channel_tradeoff.mat,results/noisy_channel_tradeoffs/server_full/rank/ldpc_rate/E2_0p1_Rc_0p4/points/result_n_24_awgn_ebno_p3p75.mat,24,36,432,0.1,0.4,3.75,5126,1000080,1,1000080,0.00512558995280378,9.99920006399488e-07,0.00512558995280378,0.00256329493640509,60,0.145914791702724,1852,2000160,pilot; adaptive/event-or-cap stopping
rank,ldpc_rate,results/noisy_channel_tradeoffs/server_full/rank/ldpc_rate/summary_noisy_channel_tradeoff.mat,results/noisy_channel_tradeoffs/server_full/rank/ldpc_rate/E2_0p1_Rc_0p4/points/result_n_24_awgn_ebno_p4p0.mat,24,36,432,0.1,0.4,4,5126,1000080,0,1000080,0.00512558995280378,0,0.00512558995280378,0.00256279497640189,60,0.145914791702724,1852,2000160,pilot; adaptive/event-or-cap stopping
rank,ldpc_rate,results/noisy_channel_tradeoffs/server_full/rank/ldpc_rate/summary_noisy_channel_tradeoff.mat,results/noisy_channel_tradeoffs/server_full/rank/ldpc_rate/E2_0p1_Rc_0p4/points/result_n_24_awgn_ebno_p4p25.mat,24,36,432,0.1,0.4,4.25,5126,1000080,0,1000080,0.00512558995280378,0,0.00512558995280378,0.00256279497640189,60,0.145914791702724,1852,2000160,pilot; adaptive/event-or-cap stopping
rank,ldpc_rate,results/noisy_channel_tradeoffs/server_full/rank/ldpc_rate/summary_noisy_channel_tradeoff.mat,results/noisy_channel_tradeoffs/server_full/rank/ldpc_rate/E2_0p1_Rc_0p4/points/result_n_24_awgn_ebno_p4p5.mat,24,36,432,0.1,0.4,4.5,5126,1000080,0,1000080,0.00512558995280378,0,0.00512558995280378,0.00256279497640189,60,0.145914791702724,1852,2000160,pilot; adaptive/event-or-cap stopping
rank,ldpc_rate,results/noisy_channel_tradeoffs/server_full/rank/ldpc_rate/summary_noisy_channel_tradeoff.mat,results/noisy_channel_tradeoffs/server_full/rank/ldpc_rate/E2_0p1_Rc_0p4/points/result_n_24_awgn_ebno_p4p75.mat,24,36,432,0.1,0.4,4.75,5126,1000080,0,1000080,0.00512558995280378,0,0.00512558995280378,0.00256279497640189,60,0.145914791702724,1852,2000160,pilot; adaptive/event-or-cap stopping
rank,ldpc_rate,results/noisy_channel_tradeoffs/server_full/rank/ldpc_rate/summary_noisy_channel_tradeoff.mat,results/noisy_channel_tradeoffs/server_full/rank/ldpc_rate/E2_0p1_Rc_0p4/points/result_n_24_awgn_ebno_p5p0.mat,24,36,432,0.1,0.4,5,5126,1000080,0,1000080,0.00512558995280378,0,0.00512558995280378,0.00256279497640189,60,0.145914791702724,1852,2000160,pilot; adaptive/event-or-cap stopping
rank,ldpc_rate,results/noisy_channel_tradeoffs/server_full/rank/ldpc_rate/summary_noisy_channel_tradeoff.mat,results/noisy_channel_tradeoffs/server_full/rank/ldpc_rate/E2_0p1_Rc_0p5/points/result_n_24_awgn_ebno_p0p0.mat,24,36,432,0.1,0.5,0,376,67500,65567,67500,0.00557037037037037,0.971362962962963,0.971362962962963,0.488466666666667,48,0.182393489628406,100,135000,pilot; adaptive/event-or-cap stopping
rank,ldpc_rate,results/noisy_channel_tradeoffs/server_full/rank/ldpc_rate/summary_noisy_channel_tradeoff.mat,results/noisy_channel_tradeoffs/server_full/rank/ldpc_rate/E2_0p1_Rc_0p5/points/result_n_24_awgn_ebno_p0p25.mat,24,36,432,0.1,0.5,0.25,342,67500,64672,67500,0.00506666666666667,0.958103703703704,0.958103703703704,0.481585185185185,48,0.182393489628406,100,135000,pilot; adaptive/event-or-cap stopping
rank,ldpc_rate,results/noisy_channel_tradeoffs/server_full/rank/ldpc_rate/summary_noisy_channel_tradeoff.mat,results/noisy_channel_tradeoffs/server_full/rank/ldpc_rate/E2_0p1_Rc_0p5/points/result_n_24_awgn_ebno_p0p5.mat,24,36,432,0.1,0.5,0.5,333,67500,63114,67500,0.00493333333333333,0.935022222222222,0.935022222222222,0.469977777777778,48,0.182393489628406,100,135000,pilot; adaptive/event-or-cap stopping
rank,ldpc_rate,results/noisy_channel_tradeoffs/server_full/rank/ldpc_rate/summary_noisy_channel_tradeoff.mat,results/noisy_channel_tradeoffs/server_full/rank/ldpc_rate/E2_0p1_Rc_0p5/points/result_n_24_awgn_ebno_p0p75.mat,24,36,432,0.1,0.5,0.75,342,67500,45443,67500,0.00506666666666667,0.67322962962963,0.67322962962963,0.339148148148148,48,0.182393489628406,100,135000,pilot; adaptive/event-or-cap stopping
rank,ldpc_rate,results/noisy_channel_tradeoffs/server_full/rank/ldpc_rate/summary_noisy_channel_tradeoff.mat,results/noisy_channel_tradeoffs/server_full/rank/ldpc_rate/E2_0p1_Rc_0p5/points/result_n_24_awgn_ebno_p1p0.mat,24,36,432,0.1,0.5,1,385,81000,200,81000,0.00475308641975309,0.00246913580246914,0.00475308641975309,0.00361111111111111,48,0.182393489628406,120,162000,pilot; adaptive/event-or-cap stopping
rank,ldpc_rate,results/noisy_channel_tradeoffs/server_full/rank/ldpc_rate/summary_noisy_channel_tradeoff.mat,results/noisy_channel_tradeoffs/server_full/rank/ldpc_rate/E2_0p1_Rc_0p5/points/result_n_24_awgn_ebno_p1p25.mat,24,36,432,0.1,0.5,1.25,2445,483300,200,483300,0.00505896958410925,0.000413821642871922,0.00505896958410925,0.00273639561349059,48,0.182393489628406,716,966600,pilot; adaptive/event-or-cap stopping
rank,ldpc_rate,results/noisy_channel_tradeoffs/server_full/rank/ldpc_rate/summary_noisy_channel_tradeoff.mat,results/noisy_channel_tradeoffs/server_full/rank/ldpc_rate/E2_0p1_Rc_0p5/points/result_n_24_awgn_ebno_p1p5.mat,24,36,432,0.1,0.5,1.5,5135,1001700,129,1001700,0.00512628531496456,0.000128781072177299,0.00512628531496456,0.00262753319357093,48,0.182393489628406,1484,2003400,pilot; adaptive/event-or-cap stopping
rank,ldpc_rate,results/noisy_channel_tradeoffs/server_full/rank/ldpc_rate/summary_noisy_channel_tradeoff.mat,results/noisy_channel_tradeoffs/server_full/rank/ldpc_rate/E2_0p1_Rc_0p5/points/result_n_24_awgn_ebno_p1p75.mat,24,36,432,0.1,0.5,1.75,5135,1001700,35,1001700,0.00512628531496456,3.49406009783368e-05,0.00512628531496456,0.00258061295797145,48,0.182393489628406,1484,2003400,pilot; adaptive/event-or-cap stopping
rank,ldpc_rate,results/noisy_channel_tradeoffs/server_full/rank/ldpc_rate/summary_noisy_channel_tradeoff.mat,results/noisy_channel_tradeoffs/server_full/rank/ldpc_rate/E2_0p1_Rc_0p5/points/result_n_24_awgn_ebno_p2p0.mat,24,36,432,0.1,0.5,2,5135,1001700,4,1001700,0.00512628531496456,3.99321154038135e-06,0.00512628531496456,0.00256513926325247,48,0.182393489628406,1484,2003400,pilot; adaptive/event-or-cap stopping
rank,ldpc_rate,results/noisy_channel_tradeoffs/server_full/rank/ldpc_rate/summary_noisy_channel_tradeoff.mat,results/noisy_channel_tradeoffs/server_full/rank/ldpc_rate/E2_0p1_Rc_0p5/points/result_n_24_awgn_ebno_p2p25.mat,24,36,432,0.1,0.5,2.25,5135,1001700,1,1001700,0.00512628531496456,9.98302885095338e-07,0.00512628531496456,0.00256364180892483,48,0.182393489628406,1484,2003400,pilot; adaptive/event-or-cap stopping
rank,ldpc_rate,results/noisy_channel_tradeoffs/server_full/rank/ldpc_rate/summary_noisy_channel_tradeoff.mat,results/noisy_channel_tradeoffs/server_full/rank/ldpc_rate/E2_0p1_Rc_0p5/points/result_n_24_awgn_ebno_p2p5.mat,24,36,432,0.1,0.5,2.5,5135,1001700,1,1001700,0.00512628531496456,9.98302885095338e-07,0.00512628531496456,0.00256364180892483,48,0.182393489628406,1484,2003400,pilot; adaptive/event-or-cap stopping
rank,ldpc_rate,results/noisy_channel_tradeoffs/server_full/rank/ldpc_rate/summary_noisy_channel_tradeoff.mat,results/noisy_channel_tradeoffs/server_full/rank/ldpc_rate/E2_0p1_Rc_0p5/points/result_n_24_awgn_ebno_p2p75.mat,24,36,432,0.1,0.5,2.75,5135,1001700,0,1001700,0.00512628531496456,0,0.00512628531496456,0.00256314265748228,48,0.182393489628406,1484,2003400,pilot; adaptive/event-or-cap stopping
rank,ldpc_rate,results/noisy_channel_tradeoffs/server_full/rank/ldpc_rate/summary_noisy_channel_tradeoff.mat,results/noisy_channel_tradeoffs/server_full/rank/ldpc_rate/E2_0p1_Rc_0p5/points/result_n_24_awgn_ebno_p3p0.mat,24,36,432,0.1,0.5,3,5135,1001700,0,1001700,0.00512628531496456,0,0.00512628531496456,0.00256314265748228,48,0.182393489628406,1484,2003400,pilot; adaptive/event-or-cap stopping
rank,ldpc_rate,results/noisy_channel_tradeoffs/server_full/rank/ldpc_rate/summary_noisy_channel_tradeoff.mat,results/noisy_channel_tradeoffs/server_full/rank/ldpc_rate/E2_0p1_Rc_0p5/points/result_n_24_awgn_ebno_p3p25.mat,24,36,432,0.1,0.5,3.25,5135,1001700,0,1001700,0.00512628531496456,0,0.00512628531496456,0.00256314265748228,48,0.182393489628406,1484,2003400,pilot; adaptive/event-or-cap stopping
rank,ldpc_rate,results/noisy_channel_tradeoffs/server_full/rank/ldpc_rate/summary_noisy_channel_tradeoff.mat,results/noisy_channel_tradeoffs/server_full/rank/ldpc_rate/E2_0p1_Rc_0p5/points/result_n_24_awgn_ebno_p3p5.mat,24,36,432,0.1,0.5,3.5,5135,1001700,0,1001700,0.00512628531496456,0,0.00512628531496456,0.00256314265748228,48,0.182393489628406,1484,2003400,pilot; adaptive/event-or-cap stopping
rank,ldpc_rate,results/noisy_channel_tradeoffs/server_full/rank/ldpc_rate/summary_noisy_channel_tradeoff.mat,results/noisy_channel_tradeoffs/server_full/rank/ldpc_rate/E2_0p1_Rc_0p5/points/result_n_24_awgn_ebno_p3p75.mat,24,36,432,0.1,0.5,3.75,5135,1001700,0,1001700,0.00512628531496456,0,0.00512628531496456,0.00256314265748228,48,0.182393489628406,1484,2003400,pilot; adaptive/event-or-cap stopping
rank,ldpc_rate,results/noisy_channel_tradeoffs/server_full/rank/ldpc_rate/summary_noisy_channel_tradeoff.mat,results/noisy_channel_tradeoffs/server_full/rank/ldpc_rate/E2_0p1_Rc_0p5/points/result_n_24_awgn_ebno_p4p0.mat,24,36,432,0.1,0.5,4,5135,1001700,0,1001700,0.00512628531496456,0,0.00512628531496456,0.00256314265748228,48,0.182393489628406,1484,2003400,pilot; adaptive/event-or-cap stopping
rank,ldpc_rate,results/noisy_channel_tradeoffs/server_full/rank/ldpc_rate/summary_noisy_channel_tradeoff.mat,results/noisy_channel_tradeoffs/server_full/rank/ldpc_rate/E2_0p1_Rc_0p5/points/result_n_24_awgn_ebno_p4p25.mat,24,36,432,0.1,0.5,4.25,5135,1001700,0,1001700,0.00512628531496456,0,0.00512628531496456,0.00256314265748228,48,0.182393489628406,1484,2003400,pilot; adaptive/event-or-cap stopping
rank,ldpc_rate,results/noisy_channel_tradeoffs/server_full/rank/ldpc_rate/summary_noisy_channel_tradeoff.mat,results/noisy_channel_tradeoffs/server_full/rank/ldpc_rate/E2_0p1_Rc_0p5/points/result_n_24_awgn_ebno_p4p5.mat,24,36,432,0.1,0.5,4.5,5135,1001700,0,1001700,0.00512628531496456,0,0.00512628531496456,0.00256314265748228,48,0.182393489628406,1484,2003400,pilot; adaptive/event-or-cap stopping
rank,ldpc_rate,results/noisy_channel_tradeoffs/server_full/rank/ldpc_rate/summary_noisy_channel_tradeoff.mat,results/noisy_channel_tradeoffs/server_full/rank/ldpc_rate/E2_0p1_Rc_0p5/points/result_n_24_awgn_ebno_p4p75.mat,24,36,432,0.1,0.5,4.75,5135,1001700,0,1001700,0.00512628531496456,0,0.00512628531496456,0.00256314265748228,48,0.182393489628406,1484,2003400,pilot; adaptive/event-or-cap stopping
rank,ldpc_rate,results/noisy_channel_tradeoffs/server_full/rank/ldpc_rate/summary_noisy_channel_tradeoff.mat,results/noisy_channel_tradeoffs/server_full/rank/ldpc_rate/E2_0p1_Rc_0p5/points/result_n_24_awgn_ebno_p5p0.mat,24,36,432,0.1,0.5,5,5135,1001700,0,1001700,0.00512628531496456,0,0.00512628531496456,0.00256314265748228,48,0.182393489628406,1484,2003400,pilot; adaptive/event-or-cap stopping
rank,ldpc_rate,results/noisy_channel_tradeoffs/server_full/rank/ldpc_rate/summary_noisy_channel_tradeoff.mat,results/noisy_channel_tradeoffs/server_full/rank/ldpc_rate/E2_0p1_Rc_0p6/points/result_n_24_awgn_ebno_p0p0.mat,24,36,432,0.1,0.6,0,394,81000,78574,81000,0.0048641975308642,0.970049382716049,0.970049382716049,0.487456790123457,40,0.218872187554087,100,162000,pilot; adaptive/event-or-cap stopping
rank,ldpc_rate,results/noisy_channel_tradeoffs/server_full/rank/ldpc_rate/summary_noisy_channel_tradeoff.mat,results/noisy_channel_tradeoffs/server_full/rank/ldpc_rate/E2_0p1_Rc_0p6/points/result_n_24_awgn_ebno_p0p25.mat,24,36,432,0.1,0.6,0.25,392,81000,78220,81000,0.00483950617283951,0.965679012345679,0.965679012345679,0.485259259259259,40,0.218872187554087,100,162000,pilot; adaptive/event-or-cap stopping
rank,ldpc_rate,results/noisy_channel_tradeoffs/server_full/rank/ldpc_rate/summary_noisy_channel_tradeoff.mat,results/noisy_channel_tradeoffs/server_full/rank/ldpc_rate/E2_0p1_Rc_0p6/points/result_n_24_awgn_ebno_p0p5.mat,24,36,432,0.1,0.6,0.5,388,81000,77691,81000,0.00479012345679012,0.959148148148148,0.959148148148148,0.481969135802469,40,0.218872187554087,100,162000,pilot; adaptive/event-or-cap stopping
rank,ldpc_rate,results/noisy_channel_tradeoffs/server_full/rank/ldpc_rate/summary_noisy_channel_tradeoff.mat,results/noisy_channel_tradeoffs/server_full/rank/ldpc_rate/E2_0p1_Rc_0p6/points/result_n_24_awgn_ebno_p0p75.mat,24,36,432,0.1,0.6,0.75,425,81000,76996,81000,0.00524691358024691,0.950567901234568,0.950567901234568,0.477907407407407,40,0.218872187554087,100,162000,pilot; adaptive/event-or-cap stopping
rank,ldpc_rate,results/noisy_channel_tradeoffs/server_full/rank/ldpc_rate/summary_noisy_channel_tradeoff.mat,results/noisy_channel_tradeoffs/server_full/rank/ldpc_rate/E2_0p1_Rc_0p6/points/result_n_24_awgn_ebno_p1p0.mat,24,36,432,0.1,0.6,1,445,81000,75780,81000,0.00549382716049383,0.935555555555556,0.935555555555556,0.470524691358025,40,0.218872187554087,100,162000,pilot; adaptive/event-or-cap stopping
rank,ldpc_rate,results/noisy_channel_tradeoffs/server_full/rank/ldpc_rate/summary_noisy_channel_tradeoff.mat,results/noisy_channel_tradeoffs/server_full/rank/ldpc_rate/E2_0p1_Rc_0p6/points/result_n_24_awgn_ebno_p1p25.mat,24,36,432,0.1,0.6,1.25,422,81000,73918,81000,0.00520987654320988,0.912567901234568,0.912567901234568,0.458888888888889,40,0.218872187554087,100,162000,pilot; adaptive/event-or-cap stopping
rank,ldpc_rate,results/noisy_channel_tradeoffs/server_full/rank/ldpc_rate/summary_noisy_channel_tradeoff.mat,results/noisy_channel_tradeoffs/server_full/rank/ldpc_rate/E2_0p1_Rc_0p6/points/result_n_24_awgn_ebno_p1p5.mat,24,36,432,0.1,0.6,1.5,391,81000,4671,81000,0.00482716049382716,0.0576666666666667,0.0576666666666667,0.0312469135802469,40,0.218872187554087,100,162000,pilot; adaptive/event-or-cap stopping
rank,ldpc_rate,results/noisy_channel_tradeoffs/server_full/rank/ldpc_rate/summary_noisy_channel_tradeoff.mat,results/noisy_channel_tradeoffs/server_full/rank/ldpc_rate/E2_0p1_Rc_0p6/points/result_n_24_awgn_ebno_p1p75.mat,24,36,432,0.1,0.6,1.75,5133,1001160,0,1001160,0.005127052618962,0,0.005127052618962,0.002563526309481,40,0.218872187554087,1236,2002320,pilot; adaptive/event-or-cap stopping
rank,ldpc_rate,results/noisy_channel_tradeoffs/server_full/rank/ldpc_rate/summary_noisy_channel_tradeoff.mat,results/noisy_channel_tradeoffs/server_full/rank/ldpc_rate/E2_0p1_Rc_0p6/points/result_n_24_awgn_ebno_p2p0.mat,24,36,432,0.1,0.6,2,5133,1001160,1,1001160,0.005127052618962,9.98841344040912e-07,0.005127052618962,0.00256402573015302,40,0.218872187554087,1236,2002320,pilot; adaptive/event-or-cap stopping
rank,ldpc_rate,results/noisy_channel_tradeoffs/server_full/rank/ldpc_rate/summary_noisy_channel_tradeoff.mat,results/noisy_channel_tradeoffs/server_full/rank/ldpc_rate/E2_0p1_Rc_0p6/points/result_n_24_awgn_ebno_p2p25.mat,24,36,432,0.1,0.6,2.25,5133,1001160,0,1001160,0.005127052618962,0,0.005127052618962,0.002563526309481,40,0.218872187554087,1236,2002320,pilot; adaptive/event-or-cap stopping
rank,ldpc_rate,results/noisy_channel_tradeoffs/server_full/rank/ldpc_rate/summary_noisy_channel_tradeoff.mat,results/noisy_channel_tradeoffs/server_full/rank/ldpc_rate/E2_0p1_Rc_0p6/points/result_n_24_awgn_ebno_p2p5.mat,24,36,432,0.1,0.6,2.5,5133,1001160,0,1001160,0.005127052618962,0,0.005127052618962,0.002563526309481,40,0.218872187554087,1236,2002320,pilot; adaptive/event-or-cap stopping
rank,ldpc_rate,results/noisy_channel_tradeoffs/server_full/rank/ldpc_rate/summary_noisy_channel_tradeoff.mat,results/noisy_channel_tradeoffs/server_full/rank/ldpc_rate/E2_0p1_Rc_0p6/points/result_n_24_awgn_ebno_p2p75.mat,24,36,432,0.1,0.6,2.75,5133,1001160,0,1001160,0.005127052618962,0,0.005127052618962,0.002563526309481,40,0.218872187554087,1236,2002320,pilot; adaptive/event-or-cap stopping
rank,ldpc_rate,results/noisy_channel_tradeoffs/server_full/rank/ldpc_rate/summary_noisy_channel_tradeoff.mat,results/noisy_channel_tradeoffs/server_full/rank/ldpc_rate/E2_0p1_Rc_0p6/points/result_n_24_awgn_ebno_p3p0.mat,24,36,432,0.1,0.6,3,5133,1001160,0,1001160,0.005127052618962,0,0.005127052618962,0.002563526309481,40,0.218872187554087,1236,2002320,pilot; adaptive/event-or-cap stopping
rank,ldpc_rate,results/noisy_channel_tradeoffs/server_full/rank/ldpc_rate/summary_noisy_channel_tradeoff.mat,results/noisy_channel_tradeoffs/server_full/rank/ldpc_rate/E2_0p1_Rc_0p6/points/result_n_24_awgn_ebno_p3p25.mat,24,36,432,0.1,0.6,3.25,5133,1001160,0,1001160,0.005127052618962,0,0.005127052618962,0.002563526309481,40,0.218872187554087,1236,2002320,pilot; adaptive/event-or-cap stopping
rank,ldpc_rate,results/noisy_channel_tradeoffs/server_full/rank/ldpc_rate/summary_noisy_channel_tradeoff.mat,results/noisy_channel_tradeoffs/server_full/rank/ldpc_rate/E2_0p1_Rc_0p6/points/result_n_24_awgn_ebno_p3p5.mat,24,36,432,0.1,0.6,3.5,5133,1001160,0,1001160,0.005127052618962,0,0.005127052618962,0.002563526309481,40,0.218872187554087,1236,2002320,pilot; adaptive/event-or-cap stopping
rank,ldpc_rate,results/noisy_channel_tradeoffs/server_full/rank/ldpc_rate/summary_noisy_channel_tradeoff.mat,results/noisy_channel_tradeoffs/server_full/rank/ldpc_rate/E2_0p1_Rc_0p6/points/result_n_24_awgn_ebno_p3p75.mat,24,36,432,0.1,0.6,3.75,5133,1001160,0,1001160,0.005127052618962,0,0.005127052618962,0.002563526309481,40,0.218872187554087,1236,2002320,pilot; adaptive/event-or-cap stopping
rank,ldpc_rate,results/noisy_channel_tradeoffs/server_full/rank/ldpc_rate/summary_noisy_channel_tradeoff.mat,results/noisy_channel_tradeoffs/server_full/rank/ldpc_rate/E2_0p1_Rc_0p6/points/result_n_24_awgn_ebno_p4p0.mat,24,36,432,0.1,0.6,4,5133,1001160,0,1001160,0.005127052618962,0,0.005127052618962,0.002563526309481,40,0.218872187554087,1236,2002320,pilot; adaptive/event-or-cap stopping
rank,ldpc_rate,results/noisy_channel_tradeoffs/server_full/rank/ldpc_rate/summary_noisy_channel_tradeoff.mat,results/noisy_channel_tradeoffs/server_full/rank/ldpc_rate/E2_0p1_Rc_0p6/points/result_n_24_awgn_ebno_p4p25.mat,24,36,432,0.1,0.6,4.25,5133,1001160,0,1001160,0.005127052618962,0,0.005127052618962,0.002563526309481,40,0.218872187554087,1236,2002320,pilot; adaptive/event-or-cap stopping
rank,ldpc_rate,results/noisy_channel_tradeoffs/server_full/rank/ldpc_rate/summary_noisy_channel_tradeoff.mat,results/noisy_channel_tradeoffs/server_full/rank/ldpc_rate/E2_0p1_Rc_0p6/points/result_n_24_awgn_ebno_p4p5.mat,24,36,432,0.1,0.6,4.5,5133,1001160,0,1001160,0.005127052618962,0,0.005127052618962,0.002563526309481,40,0.218872187554087,1236,2002320,pilot; adaptive/event-or-cap stopping
rank,ldpc_rate,results/noisy_channel_tradeoffs/server_full/rank/ldpc_rate/summary_noisy_channel_tradeoff.mat,results/noisy_channel_tradeoffs/server_full/rank/ldpc_rate/E2_0p1_Rc_0p6/points/result_n_24_awgn_ebno_p4p75.mat,24,36,432,0.1,0.6,4.75,5133,1001160,0,1001160,0.005127052618962,0,0.005127052618962,0.002563526309481,40,0.218872187554087,1236,2002320,pilot; adaptive/event-or-cap stopping
rank,ldpc_rate,results/noisy_channel_tradeoffs/server_full/rank/ldpc_rate/summary_noisy_channel_tradeoff.mat,results/noisy_channel_tradeoffs/server_full/rank/ldpc_rate/E2_0p1_Rc_0p6/points/result_n_24_awgn_ebno_p5p0.mat,24,36,432,0.1,0.6,5,5133,1001160,0,1001160,0.005127052618962,0,0.005127052618962,0.002563526309481,40,0.218872187554087,1236,2002320,pilot; adaptive/event-or-cap stopping
rank,ldpc_rate,results/noisy_channel_tradeoffs/server_full/rank/ldpc_rate/summary_noisy_channel_tradeoff.mat,results/noisy_channel_tradeoffs/server_full/rank/ldpc_rate/E2_0p1_Rc_0p6667/points/result_n_24_awgn_ebno_p0p0.mat,24,36,432,0.1,0.666666666666667,0,443,90000,85541,90000,0.00492222222222222,0.950455555555556,0.950455555555556,0.477688888888889,36,0.243191319504541,100,180000,pilot; adaptive/event-or-cap stopping
rank,ldpc_rate,results/noisy_channel_tradeoffs/server_full/rank/ldpc_rate/summary_noisy_channel_tradeoff.mat,results/noisy_channel_tradeoffs/server_full/rank/ldpc_rate/E2_0p1_Rc_0p6667/points/result_n_24_awgn_ebno_p0p25.mat,24,36,432,0.1,0.666666666666667,0.25,449,90000,84627,90000,0.00498888888888889,0.9403,0.9403,0.472644444444444,36,0.243191319504541,100,180000,pilot; adaptive/event-or-cap stopping
rank,ldpc_rate,results/noisy_channel_tradeoffs/server_full/rank/ldpc_rate/summary_noisy_channel_tradeoff.mat,results/noisy_channel_tradeoffs/server_full/rank/ldpc_rate/E2_0p1_Rc_0p6667/points/result_n_24_awgn_ebno_p0p5.mat,24,36,432,0.1,0.666666666666667,0.5,508,90000,82656,90000,0.00564444444444444,0.9184,0.9184,0.462022222222222,36,0.243191319504541,100,180000,pilot; adaptive/event-or-cap stopping
rank,ldpc_rate,results/noisy_channel_tradeoffs/server_full/rank/ldpc_rate/summary_noisy_channel_tradeoff.mat,results/noisy_channel_tradeoffs/server_full/rank/ldpc_rate/E2_0p1_Rc_0p6667/points/result_n_24_awgn_ebno_p0p75.mat,24,36,432,0.1,0.666666666666667,0.75,459,90000,80365,90000,0.0051,0.892944444444444,0.892944444444444,0.449022222222222,36,0.243191319504541,100,180000,pilot; adaptive/event-or-cap stopping
rank,ldpc_rate,results/noisy_channel_tradeoffs/server_full/rank/ldpc_rate/summary_noisy_channel_tradeoff.mat,results/noisy_channel_tradeoffs/server_full/rank/ldpc_rate/E2_0p1_Rc_0p6667/points/result_n_24_awgn_ebno_p1p0.mat,24,36,432,0.1,0.666666666666667,1,438,90000,75597,90000,0.00486666666666667,0.839966666666667,0.839966666666667,0.422416666666667,36,0.243191319504541,100,180000,pilot; adaptive/event-or-cap stopping
rank,ldpc_rate,results/noisy_channel_tradeoffs/server_full/rank/ldpc_rate/summary_noisy_channel_tradeoff.mat,results/noisy_channel_tradeoffs/server_full/rank/ldpc_rate/E2_0p1_Rc_0p6667/points/result_n_24_awgn_ebno_p1p25.mat,24,36,432,0.1,0.666666666666667,1.25,467,90000,65374,90000,0.00518888888888889,0.726377777777778,0.726377777777778,0.365783333333333,36,0.243191319504541,100,180000,pilot; adaptive/event-or-cap stopping
rank,ldpc_rate,results/noisy_channel_tradeoffs/server_full/rank/ldpc_rate/summary_noisy_channel_tradeoff.mat,results/noisy_channel_tradeoffs/server_full/rank/ldpc_rate/E2_0p1_Rc_0p6667/points/result_n_24_awgn_ebno_p1p5.mat,24,36,432,0.1,0.666666666666667,1.5,442,90000,45073,90000,0.00491111111111111,0.500811111111111,0.500811111111111,0.252861111111111,36,0.243191319504541,100,180000,pilot; adaptive/event-or-cap stopping
rank,ldpc_rate,results/noisy_channel_tradeoffs/server_full/rank/ldpc_rate/summary_noisy_channel_tradeoff.mat,results/noisy_channel_tradeoffs/server_full/rank/ldpc_rate/E2_0p1_Rc_0p6667/points/result_n_24_awgn_ebno_p1p75.mat,24,36,432,0.1,0.666666666666667,1.75,418,90000,5490,90000,0.00464444444444444,0.061,0.061,0.0328222222222222,36,0.243191319504541,100,180000,pilot; adaptive/event-or-cap stopping
rank,ldpc_rate,results/noisy_channel_tradeoffs/server_full/rank/ldpc_rate/summary_noisy_channel_tradeoff.mat,results/noisy_channel_tradeoffs/server_full/rank/ldpc_rate/E2_0p1_Rc_0p6667/points/result_n_24_awgn_ebno_p2p0.mat,24,36,432,0.1,0.666666666666667,2,5132,1000800,7,1000800,0.00512789768185452,6.99440447641886e-06,0.00512789768185452,0.00256744604316547,36,0.243191319504541,1112,2001600,pilot; adaptive/event-or-cap stopping
rank,ldpc_rate,results/noisy_channel_tradeoffs/server_full/rank/ldpc_rate/summary_noisy_channel_tradeoff.mat,results/noisy_channel_tradeoffs/server_full/rank/ldpc_rate/E2_0p1_Rc_0p6667/points/result_n_24_awgn_ebno_p2p25.mat,24,36,432,0.1,0.666666666666667,2.25,5132,1000800,3,1000800,0.00512789768185452,2.99760191846523e-06,0.00512789768185452,0.00256544764188649,36,0.243191319504541,1112,2001600,pilot; adaptive/event-or-cap stopping
rank,ldpc_rate,results/noisy_channel_tradeoffs/server_full/rank/ldpc_rate/summary_noisy_channel_tradeoff.mat,results/noisy_channel_tradeoffs/server_full/rank/ldpc_rate/E2_0p1_Rc_0p6667/points/result_n_24_awgn_ebno_p2p5.mat,24,36,432,0.1,0.666666666666667,2.5,5131,1000800,1,1000800,0.00512689848121503,9.99200639488409e-07,0.00512689848121503,0.00256394884092726,36,0.243191319504541,1112,2001600,pilot; adaptive/event-or-cap stopping
rank,ldpc_rate,results/noisy_channel_tradeoffs/server_full/rank/ldpc_rate/summary_noisy_channel_tradeoff.mat,results/noisy_channel_tradeoffs/server_full/rank/ldpc_rate/E2_0p1_Rc_0p6667/points/result_n_24_awgn_ebno_p2p75.mat,24,36,432,0.1,0.666666666666667,2.75,5132,1000800,0,1000800,0.00512789768185452,0,0.00512789768185452,0.00256394884092726,36,0.243191319504541,1112,2001600,pilot; adaptive/event-or-cap stopping
rank,ldpc_rate,results/noisy_channel_tradeoffs/server_full/rank/ldpc_rate/summary_noisy_channel_tradeoff.mat,results/noisy_channel_tradeoffs/server_full/rank/ldpc_rate/E2_0p1_Rc_0p6667/points/result_n_24_awgn_ebno_p3p0.mat,24,36,432,0.1,0.666666666666667,3,5132,1000800,1,1000800,0.00512789768185452,9.99200639488409e-07,0.00512789768185452,0.002564448441247,36,0.243191319504541,1112,2001600,pilot; adaptive/event-or-cap stopping
rank,ldpc_rate,results/noisy_channel_tradeoffs/server_full/rank/ldpc_rate/summary_noisy_channel_tradeoff.mat,results/noisy_channel_tradeoffs/server_full/rank/ldpc_rate/E2_0p1_Rc_0p6667/points/result_n_24_awgn_ebno_p3p25.mat,24,36,432,0.1,0.666666666666667,3.25,5132,1000800,0,1000800,0.00512789768185452,0,0.00512789768185452,0.00256394884092726,36,0.243191319504541,1112,2001600,pilot; adaptive/event-or-cap stopping
rank,ldpc_rate,results/noisy_channel_tradeoffs/server_full/rank/ldpc_rate/summary_noisy_channel_tradeoff.mat,results/noisy_channel_tradeoffs/server_full/rank/ldpc_rate/E2_0p1_Rc_0p6667/points/result_n_24_awgn_ebno_p3p5.mat,24,36,432,0.1,0.666666666666667,3.5,5132,1000800,0,1000800,0.00512789768185452,0,0.00512789768185452,0.00256394884092726,36,0.243191319504541,1112,2001600,pilot; adaptive/event-or-cap stopping
rank,ldpc_rate,results/noisy_channel_tradeoffs/server_full/rank/ldpc_rate/summary_noisy_channel_tradeoff.mat,results/noisy_channel_tradeoffs/server_full/rank/ldpc_rate/E2_0p1_Rc_0p6667/points/result_n_24_awgn_ebno_p3p75.mat,24,36,432,0.1,0.666666666666667,3.75,5132,1000800,0,1000800,0.00512789768185452,0,0.00512789768185452,0.00256394884092726,36,0.243191319504541,1112,2001600,pilot; adaptive/event-or-cap stopping
rank,ldpc_rate,results/noisy_channel_tradeoffs/server_full/rank/ldpc_rate/summary_noisy_channel_tradeoff.mat,results/noisy_channel_tradeoffs/server_full/rank/ldpc_rate/E2_0p1_Rc_0p6667/points/result_n_24_awgn_ebno_p4p0.mat,24,36,432,0.1,0.666666666666667,4,5132,1000800,0,1000800,0.00512789768185452,0,0.00512789768185452,0.00256394884092726,36,0.243191319504541,1112,2001600,pilot; adaptive/event-or-cap stopping
rank,ldpc_rate,results/noisy_channel_tradeoffs/server_full/rank/ldpc_rate/summary_noisy_channel_tradeoff.mat,results/noisy_channel_tradeoffs/server_full/rank/ldpc_rate/E2_0p1_Rc_0p6667/points/result_n_24_awgn_ebno_p4p25.mat,24,36,432,0.1,0.666666666666667,4.25,5132,1000800,0,1000800,0.00512789768185452,0,0.00512789768185452,0.00256394884092726,36,0.243191319504541,1112,2001600,pilot; adaptive/event-or-cap stopping
rank,ldpc_rate,results/noisy_channel_tradeoffs/server_full/rank/ldpc_rate/summary_noisy_channel_tradeoff.mat,results/noisy_channel_tradeoffs/server_full/rank/ldpc_rate/E2_0p1_Rc_0p6667/points/result_n_24_awgn_ebno_p4p5.mat,24,36,432,0.1,0.666666666666667,4.5,5132,1000800,0,1000800,0.00512789768185452,0,0.00512789768185452,0.00256394884092726,36,0.243191319504541,1112,2001600,pilot; adaptive/event-or-cap stopping
rank,ldpc_rate,results/noisy_channel_tradeoffs/server_full/rank/ldpc_rate/summary_noisy_channel_tradeoff.mat,results/noisy_channel_tradeoffs/server_full/rank/ldpc_rate/E2_0p1_Rc_0p6667/points/result_n_24_awgn_ebno_p4p75.mat,24,36,432,0.1,0.666666666666667,4.75,5132,1000800,0,1000800,0.00512789768185452,0,0.00512789768185452,0.00256394884092726,36,0.243191319504541,1112,2001600,pilot; adaptive/event-or-cap stopping
rank,ldpc_rate,results/noisy_channel_tradeoffs/server_full/rank/ldpc_rate/summary_noisy_channel_tradeoff.mat,results/noisy_channel_tradeoffs/server_full/rank/ldpc_rate/E2_0p1_Rc_0p6667/points/result_n_24_awgn_ebno_p5p0.mat,24,36,432,0.1,0.666666666666667,5,5132,1000800,0,1000800,0.00512789768185452,0,0.00512789768185452,0.00256394884092726,36,0.243191319504541,1112,2001600,pilot; adaptive/event-or-cap stopping
rank,ldpc_rate,results/noisy_channel_tradeoffs/server_full/rank/ldpc_rate/summary_noisy_channel_tradeoff.mat,results/noisy_channel_tradeoffs/server_full/rank/ldpc_rate/E2_0p1_Rc_0p3333/points/result_n_32_awgn_ebno_p0p0.mat,32,339,5424,0.1,0.333333333333333,0,200,595350,465527,595350,0.000335936843873352,0.781938355589149,0.781938355589149,0.391137146216511,96,0.129220223574337,1764,1190700,pilot; adaptive/event-or-cap stopping
rank,ldpc_rate,results/noisy_channel_tradeoffs/server_full/rank/ldpc_rate/summary_noisy_channel_tradeoff.mat,results/noisy_channel_tradeoffs/server_full/rank/ldpc_rate/E2_0p1_Rc_0p3333/points/result_n_32_awgn_ebno_p0p25.mat,32,339,5424,0.1,0.333333333333333,0.25,201,612900,333082,612900,0.000327949094468918,0.543452439223364,0.543452439223364,0.271890194158917,96,0.129220223574337,1816,1225800,pilot; adaptive/event-or-cap stopping
rank,ldpc_rate,results/noisy_channel_tradeoffs/server_full/rank/ldpc_rate/summary_noisy_channel_tradeoff.mat,results/noisy_channel_tradeoffs/server_full/rank/ldpc_rate/E2_0p1_Rc_0p3333/points/result_n_32_awgn_ebno_p0p5.mat,32,339,5424,0.1,0.333333333333333,0.5,200,642600,261447,642600,0.000311235605353252,0.406858076563959,0.406858076563959,0.203584656084656,96,0.129220223574337,1904,1285200,pilot; adaptive/event-or-cap stopping
rank,ldpc_rate,results/noisy_channel_tradeoffs/server_full/rank/ldpc_rate/summary_noisy_channel_tradeoff.mat,results/noisy_channel_tradeoffs/server_full/rank/ldpc_rate/E2_0p1_Rc_0p3333/points/result_n_32_awgn_ebno_p0p75.mat,32,339,5424,0.1,0.333333333333333,0.75,200,594000,162146,594000,0.000336700336700337,0.272973063973064,0.272973063973064,0.136654882154882,96,0.129220223574337,1760,1188000,pilot; adaptive/event-or-cap stopping
rank,ldpc_rate,results/noisy_channel_tradeoffs/server_full/rank/ldpc_rate/summary_noisy_channel_tradeoff.mat,results/noisy_channel_tradeoffs/server_full/rank/ldpc_rate/E2_0p1_Rc_0p3333/points/result_n_32_awgn_ebno_p1p0.mat,32,339,5424,0.1,0.333333333333333,1,200,625050,95373,625050,0.000319974402047836,0.152584593232541,0.152584593232541,0.0764522838172946,96,0.129220223574337,1852,1250100,pilot; adaptive/event-or-cap stopping
rank,ldpc_rate,results/noisy_channel_tradeoffs/server_full/rank/ldpc_rate/summary_noisy_channel_tradeoff.mat,results/noisy_channel_tradeoffs/server_full/rank/ldpc_rate/E2_0p1_Rc_0p3333/points/result_n_32_awgn_ebno_p1p25.mat,32,339,5424,0.1,0.333333333333333,1.25,200,629100,44548,629100,0.00031791448100461,0.0708122714989668,0.0708122714989668,0.0355650929899857,96,0.129220223574337,1864,1258200,pilot; adaptive/event-or-cap stopping
rank,ldpc_rate,results/noisy_channel_tradeoffs/server_full/rank/ldpc_rate/summary_noisy_channel_tradeoff.mat,results/noisy_channel_tradeoffs/server_full/rank/ldpc_rate/E2_0p1_Rc_0p3333/points/result_n_32_awgn_ebno_p1p5.mat,32,339,5424,0.1,0.333333333333333,1.5,201,615600,17558,615600,0.000326510721247563,0.0285217673814165,0.0285217673814165,0.014424139051332,96,0.129220223574337,1824,1231200,pilot; adaptive/event-or-cap stopping
rank,ldpc_rate,results/noisy_channel_tradeoffs/server_full/rank/ldpc_rate/summary_noisy_channel_tradeoff.mat,results/noisy_channel_tradeoffs/server_full/rank/ldpc_rate/E2_0p1_Rc_0p3333/points/result_n_32_awgn_ebno_p1p75.mat,32,339,5424,0.1,0.333333333333333,1.75,200,596700,6456,596700,0.000335176805765041,0.0108195072900955,0.0108195072900955,0.00557734204793028,96,0.129220223574337,1768,1193400,pilot; adaptive/event-or-cap stopping
rank,ldpc_rate,results/noisy_channel_tradeoffs/server_full/rank/ldpc_rate/summary_noisy_channel_tradeoff.mat,results/noisy_channel_tradeoffs/server_full/rank/ldpc_rate/E2_0p1_Rc_0p3333/points/result_n_32_awgn_ebno_p2p0.mat,32,339,5424,0.1,0.333333333333333,2,200,612900,2422,612900,0.000326317506934247,0.00395170500897373,0.00395170500897373,0.00213901125795399,96,0.129220223574337,1816,1225800,pilot; adaptive/event-or-cap stopping
rank,ldpc_rate,results/noisy_channel_tradeoffs/server_full/rank/ldpc_rate/summary_noisy_channel_tradeoff.mat,results/noisy_channel_tradeoffs/server_full/rank/ldpc_rate/E2_0p1_Rc_0p3333/points/result_n_32_awgn_ebno_p2p25.mat,32,339,5424,0.1,0.333333333333333,2.25,200,612900,921,612900,0.000326317506934247,0.00150269211943221,0.00150269211943221,0.000914504813183227,96,0.129220223574337,1816,1225800,pilot; adaptive/event-or-cap stopping
rank,ldpc_rate,results/noisy_channel_tradeoffs/server_full/rank/ldpc_rate/summary_noisy_channel_tradeoff.mat,results/noisy_channel_tradeoffs/server_full/rank/ldpc_rate/E2_0p1_Rc_0p3333/points/result_n_32_awgn_ebno_p2p5.mat,32,339,5424,0.1,0.333333333333333,2.5,200,612900,298,612900,0.000326317506934247,0.000486213085332028,0.000486213085332028,0.000406265296133138,96,0.129220223574337,1816,1225800,pilot; adaptive/event-or-cap stopping
rank,ldpc_rate,results/noisy_channel_tradeoffs/server_full/rank/ldpc_rate/summary_noisy_channel_tradeoff.mat,results/noisy_channel_tradeoffs/server_full/rank/ldpc_rate/E2_0p1_Rc_0p3333/points/result_n_32_awgn_ebno_p2p75.mat,32,339,5424,0.1,0.333333333333333,2.75,332,1000350,166,1000350,0.00033188384065577,0.000165941920327885,0.00033188384065577,0.000248912880491828,96,0.129220223574337,2964,2000700,pilot; adaptive/event-or-cap stopping
rank,ldpc_rate,results/noisy_channel_tradeoffs/server_full/rank/ldpc_rate/summary_noisy_channel_tradeoff.mat,results/noisy_channel_tradeoffs/server_full/rank/ldpc_rate/E2_0p1_Rc_0p3333/points/result_n_32_awgn_ebno_p3p0.mat,32,339,5424,0.1,0.333333333333333,3,332,1000350,79,1000350,0.00033188384065577,7.89723596741141e-05,0.00033188384065577,0.000205428100164942,96,0.129220223574337,2964,2000700,pilot; adaptive/event-or-cap stopping
rank,ldpc_rate,results/noisy_channel_tradeoffs/server_full/rank/ldpc_rate/summary_noisy_channel_tradeoff.mat,results/noisy_channel_tradeoffs/server_full/rank/ldpc_rate/E2_0p1_Rc_0p3333/points/result_n_32_awgn_ebno_p3p25.mat,32,339,5424,0.1,0.333333333333333,3.25,332,1000350,25,1000350,0.00033188384065577,2.49912530614285e-05,0.00033188384065577,0.000178437546858599,96,0.129220223574337,2964,2000700,pilot; adaptive/event-or-cap stopping
rank,ldpc_rate,results/noisy_channel_tradeoffs/server_full/rank/ldpc_rate/summary_noisy_channel_tradeoff.mat,results/noisy_channel_tradeoffs/server_full/rank/ldpc_rate/E2_0p1_Rc_0p3333/points/result_n_32_awgn_ebno_p3p5.mat,32,339,5424,0.1,0.333333333333333,3.5,332,1000350,10,1000350,0.00033188384065577,9.9965012245714e-06,0.00033188384065577,0.000170940170940171,96,0.129220223574337,2964,2000700,pilot; adaptive/event-or-cap stopping
rank,ldpc_rate,results/noisy_channel_tradeoffs/server_full/rank/ldpc_rate/summary_noisy_channel_tradeoff.mat,results/noisy_channel_tradeoffs/server_full/rank/ldpc_rate/E2_0p1_Rc_0p3333/points/result_n_32_awgn_ebno_p3p75.mat,32,339,5424,0.1,0.333333333333333,3.75,332,1000350,1,1000350,0.00033188384065577,9.9965012245714e-07,0.00033188384065577,0.000166441745389114,96,0.129220223574337,2964,2000700,pilot; adaptive/event-or-cap stopping
rank,ldpc_rate,results/noisy_channel_tradeoffs/server_full/rank/ldpc_rate/summary_noisy_channel_tradeoff.mat,results/noisy_channel_tradeoffs/server_full/rank/ldpc_rate/E2_0p1_Rc_0p3333/points/result_n_32_awgn_ebno_p4p0.mat,32,339,5424,0.1,0.333333333333333,4,332,1000350,1,1000350,0.00033188384065577,9.9965012245714e-07,0.00033188384065577,0.000166441745389114,96,0.129220223574337,2964,2000700,pilot; adaptive/event-or-cap stopping
rank,ldpc_rate,results/noisy_channel_tradeoffs/server_full/rank/ldpc_rate/summary_noisy_channel_tradeoff.mat,results/noisy_channel_tradeoffs/server_full/rank/ldpc_rate/E2_0p1_Rc_0p3333/points/result_n_32_awgn_ebno_p4p25.mat,32,339,5424,0.1,0.333333333333333,4.25,332,1000350,1,1000350,0.00033188384065577,9.9965012245714e-07,0.00033188384065577,0.000166441745389114,96,0.129220223574337,2964,2000700,pilot; adaptive/event-or-cap stopping
rank,ldpc_rate,results/noisy_channel_tradeoffs/server_full/rank/ldpc_rate/summary_noisy_channel_tradeoff.mat,results/noisy_channel_tradeoffs/server_full/rank/ldpc_rate/E2_0p1_Rc_0p3333/points/result_n_32_awgn_ebno_p4p5.mat,32,339,5424,0.1,0.333333333333333,4.5,332,1000350,0,1000350,0.00033188384065577,0,0.00033188384065577,0.000165941920327885,96,0.129220223574337,2964,2000700,pilot; adaptive/event-or-cap stopping
rank,ldpc_rate,results/noisy_channel_tradeoffs/server_full/rank/ldpc_rate/summary_noisy_channel_tradeoff.mat,results/noisy_channel_tradeoffs/server_full/rank/ldpc_rate/E2_0p1_Rc_0p3333/points/result_n_32_awgn_ebno_p4p75.mat,32,339,5424,0.1,0.333333333333333,4.75,332,1000350,0,1000350,0.00033188384065577,0,0.00033188384065577,0.000165941920327885,96,0.129220223574337,2964,2000700,pilot; adaptive/event-or-cap stopping
rank,ldpc_rate,results/noisy_channel_tradeoffs/server_full/rank/ldpc_rate/summary_noisy_channel_tradeoff.mat,results/noisy_channel_tradeoffs/server_full/rank/ldpc_rate/E2_0p1_Rc_0p3333/points/result_n_32_awgn_ebno_p5p0.mat,32,339,5424,0.1,0.333333333333333,5,332,1000350,0,1000350,0.00033188384065577,0,0.00033188384065577,0.000165941920327885,96,0.129220223574337,2964,2000700,pilot; adaptive/event-or-cap stopping
rank,ldpc_rate,results/noisy_channel_tradeoffs/server_full/rank/ldpc_rate/summary_noisy_channel_tradeoff.mat,results/noisy_channel_tradeoffs/server_full/rank/ldpc_rate/E2_0p1_Rc_0p4/points/result_n_32_awgn_ebno_p0p0.mat,32,339,5424,0.1,0.4,0,200,638280,634669,638280,0.000313342106912327,0.994342608259698,0.994342608259698,0.497327975183305,80,0.155064268289204,1576,1276560,pilot; adaptive/event-or-cap stopping
rank,ldpc_rate,results/noisy_channel_tradeoffs/server_full/rank/ldpc_rate/summary_noisy_channel_tradeoff.mat,results/noisy_channel_tradeoffs/server_full/rank/ldpc_rate/E2_0p1_Rc_0p4/points/result_n_32_awgn_ebno_p0p25.mat,32,339,5424,0.1,0.4,0.25,201,638280,619821,638280,0.000314908817446889,0.971080090242527,0.971080090242527,0.485697499529987,80,0.155064268289204,1576,1276560,pilot; adaptive/event-or-cap stopping
rank,ldpc_rate,results/noisy_channel_tradeoffs/server_full/rank/ldpc_rate/summary_noisy_channel_tradeoff.mat,results/noisy_channel_tradeoffs/server_full/rank/ldpc_rate/E2_0p1_Rc_0p4/points/result_n_32_awgn_ebno_p0p5.mat,32,339,5424,0.1,0.4,0.5,200,649620,152325,649620,0.000307872294572211,0.234483236353561,0.234483236353561,0.117395554324066,80,0.155064268289204,1604,1299240,pilot; adaptive/event-or-cap stopping
rank,ldpc_rate,results/noisy_channel_tradeoffs/server_full/rank/ldpc_rate/summary_noisy_channel_tradeoff.mat,results/noisy_channel_tradeoffs/server_full/rank/ldpc_rate/E2_0p1_Rc_0p4/points/result_n_32_awgn_ebno_p0p75.mat,32,339,5424,0.1,0.4,0.75,200,633420,68248,633420,0.000315746266300401,0.107745255912349,0.107745255912349,0.0540305010893246,80,0.155064268289204,1564,1266840,pilot; adaptive/event-or-cap stopping
rank,ldpc_rate,results/noisy_channel_tradeoffs/server_full/rank/ldpc_rate/summary_noisy_channel_tradeoff.mat,results/noisy_channel_tradeoffs/server_full/rank/ldpc_rate/E2_0p1_Rc_0p4/points/result_n_32_awgn_ebno_p1p0.mat,32,339,5424,0.1,0.4,1,201,613980,24482,613980,0.000327372227108375,0.0398742630053096,0.0398742630053096,0.020100817616209,80,0.155064268289204,1516,1227960,pilot; adaptive/event-or-cap stopping
rank,ldpc_rate,results/noisy_channel_tradeoffs/server_full/rank/ldpc_rate/summary_noisy_channel_tradeoff.mat,results/noisy_channel_tradeoffs/server_full/rank/ldpc_rate/E2_0p1_Rc_0p4/points/result_n_32_awgn_ebno_p1p25.mat,32,339,5424,0.1,0.4,1.25,201,615600,7720,615600,0.000326510721247563,0.0125406107862248,0.0125406107862248,0.00643356075373619,80,0.155064268289204,1520,1231200,pilot; adaptive/event-or-cap stopping
rank,ldpc_rate,results/noisy_channel_tradeoffs/server_full/rank/ldpc_rate/summary_noisy_channel_tradeoff.mat,results/noisy_channel_tradeoffs/server_full/rank/ldpc_rate/E2_0p1_Rc_0p4/points/result_n_32_awgn_ebno_p1p5.mat,32,339,5424,0.1,0.4,1.5,200,609120,2324,609120,0.000328342526924087,0.00381534016285789,0.00381534016285789,0.00207184134489099,80,0.155064268289204,1504,1218240,pilot; adaptive/event-or-cap stopping
rank,ldpc_rate,results/noisy_channel_tradeoffs/server_full/rank/ldpc_rate/summary_noisy_channel_tradeoff.mat,results/noisy_channel_tradeoffs/server_full/rank/ldpc_rate/E2_0p1_Rc_0p4/points/result_n_32_awgn_ebno_p1p75.mat,32,339,5424,0.1,0.4,1.75,200,612360,800,612360,0.00032660526487687,0.00130642105950748,0.00130642105950748,0.000816513162192175,80,0.155064268289204,1512,1224720,pilot; adaptive/event-or-cap stopping
rank,ldpc_rate,results/noisy_channel_tradeoffs/server_full/rank/ldpc_rate/summary_noisy_channel_tradeoff.mat,results/noisy_channel_tradeoffs/server_full/rank/ldpc_rate/E2_0p1_Rc_0p4/points/result_n_32_awgn_ebno_p2p0.mat,32,339,5424,0.1,0.4,2,200,612360,234,612360,0.00032660526487687,0.000382128159905938,0.000382128159905938,0.000354366712391404,80,0.155064268289204,1512,1224720,pilot; adaptive/event-or-cap stopping
rank,ldpc_rate,results/noisy_channel_tradeoffs/server_full/rank/ldpc_rate/summary_noisy_channel_tradeoff.mat,results/noisy_channel_tradeoffs/server_full/rank/ldpc_rate/E2_0p1_Rc_0p4/points/result_n_32_awgn_ebno_p2p25.mat,32,339,5424,0.1,0.4,2.25,333,1001160,99,1001160,0.000332614167565624,9.88852930600503e-05,0.000332614167565624,0.000215749730312837,80,0.155064268289204,2472,2002320,pilot; adaptive/event-or-cap stopping
rank,ldpc_rate,results/noisy_channel_tradeoffs/server_full/rank/ldpc_rate/summary_noisy_channel_tradeoff.mat,results/noisy_channel_tradeoffs/server_full/rank/ldpc_rate/E2_0p1_Rc_0p4/points/result_n_32_awgn_ebno_p2p5.mat,32,339,5424,0.1,0.4,2.5,333,1001160,32,1001160,0.000332614167565624,3.19629230093092e-05,0.000332614167565624,0.000182288545287467,80,0.155064268289204,2472,2002320,pilot; adaptive/event-or-cap stopping
rank,ldpc_rate,results/noisy_channel_tradeoffs/server_full/rank/ldpc_rate/summary_noisy_channel_tradeoff.mat,results/noisy_channel_tradeoffs/server_full/rank/ldpc_rate/E2_0p1_Rc_0p4/points/result_n_32_awgn_ebno_p2p75.mat,32,339,5424,0.1,0.4,2.75,333,1001160,12,1001160,0.000332614167565624,1.1986096128491e-05,0.000332614167565624,0.000172300131847057,80,0.155064268289204,2472,2002320,pilot; adaptive/event-or-cap stopping
rank,ldpc_rate,results/noisy_channel_tradeoffs/server_full/rank/ldpc_rate/summary_noisy_channel_tradeoff.mat,results/noisy_channel_tradeoffs/server_full/rank/ldpc_rate/E2_0p1_Rc_0p4/points/result_n_32_awgn_ebno_p3p0.mat,32,339,5424,0.1,0.4,3,333,1001160,5,1001160,0.000332614167565624,4.99420672020456e-06,0.000332614167565624,0.000168804187142914,80,0.155064268289204,2472,2002320,pilot; adaptive/event-or-cap stopping
rank,ldpc_rate,results/noisy_channel_tradeoffs/server_full/rank/ldpc_rate/summary_noisy_channel_tradeoff.mat,results/noisy_channel_tradeoffs/server_full/rank/ldpc_rate/E2_0p1_Rc_0p4/points/result_n_32_awgn_ebno_p3p25.mat,32,339,5424,0.1,0.4,3.25,333,1001160,1,1001160,0.000332614167565624,9.98841344040912e-07,0.000332614167565624,0.000166806504454832,80,0.155064268289204,2472,2002320,pilot; adaptive/event-or-cap stopping
rank,ldpc_rate,results/noisy_channel_tradeoffs/server_full/rank/ldpc_rate/summary_noisy_channel_tradeoff.mat,results/noisy_channel_tradeoffs/server_full/rank/ldpc_rate/E2_0p1_Rc_0p4/points/result_n_32_awgn_ebno_p3p5.mat,32,339,5424,0.1,0.4,3.5,333,1001160,3,1001160,0.000332614167565624,2.99652403212274e-06,0.000332614167565624,0.000167805345798873,80,0.155064268289204,2472,2002320,pilot; adaptive/event-or-cap stopping
rank,ldpc_rate,results/noisy_channel_tradeoffs/server_full/rank/ldpc_rate/summary_noisy_channel_tradeoff.mat,results/noisy_channel_tradeoffs/server_full/rank/ldpc_rate/E2_0p1_Rc_0p4/points/result_n_32_awgn_ebno_p3p75.mat,32,339,5424,0.1,0.4,3.75,333,1001160,0,1001160,0.000332614167565624,0,0.000332614167565624,0.000166307083782812,80,0.155064268289204,2472,2002320,pilot; adaptive/event-or-cap stopping
rank,ldpc_rate,results/noisy_channel_tradeoffs/server_full/rank/ldpc_rate/summary_noisy_channel_tradeoff.mat,results/noisy_channel_tradeoffs/server_full/rank/ldpc_rate/E2_0p1_Rc_0p4/points/result_n_32_awgn_ebno_p4p0.mat,32,339,5424,0.1,0.4,4,333,1001160,0,1001160,0.000332614167565624,0,0.000332614167565624,0.000166307083782812,80,0.155064268289204,2472,2002320,pilot; adaptive/event-or-cap stopping
rank,ldpc_rate,results/noisy_channel_tradeoffs/server_full/rank/ldpc_rate/summary_noisy_channel_tradeoff.mat,results/noisy_channel_tradeoffs/server_full/rank/ldpc_rate/E2_0p1_Rc_0p4/points/result_n_32_awgn_ebno_p4p25.mat,32,339,5424,0.1,0.4,4.25,333,1001160,0,1001160,0.000332614167565624,0,0.000332614167565624,0.000166307083782812,80,0.155064268289204,2472,2002320,pilot; adaptive/event-or-cap stopping
rank,ldpc_rate,results/noisy_channel_tradeoffs/server_full/rank/ldpc_rate/summary_noisy_channel_tradeoff.mat,results/noisy_channel_tradeoffs/server_full/rank/ldpc_rate/E2_0p1_Rc_0p4/points/result_n_32_awgn_ebno_p4p5.mat,32,339,5424,0.1,0.4,4.5,333,1001160,0,1001160,0.000332614167565624,0,0.000332614167565624,0.000166307083782812,80,0.155064268289204,2472,2002320,pilot; adaptive/event-or-cap stopping
rank,ldpc_rate,results/noisy_channel_tradeoffs/server_full/rank/ldpc_rate/summary_noisy_channel_tradeoff.mat,results/noisy_channel_tradeoffs/server_full/rank/ldpc_rate/E2_0p1_Rc_0p4/points/result_n_32_awgn_ebno_p4p75.mat,32,339,5424,0.1,0.4,4.75,333,1001160,0,1001160,0.000332614167565624,0,0.000332614167565624,0.000166307083782812,80,0.155064268289204,2472,2002320,pilot; adaptive/event-or-cap stopping
rank,ldpc_rate,results/noisy_channel_tradeoffs/server_full/rank/ldpc_rate/summary_noisy_channel_tradeoff.mat,results/noisy_channel_tradeoffs/server_full/rank/ldpc_rate/E2_0p1_Rc_0p4/points/result_n_32_awgn_ebno_p5p0.mat,32,339,5424,0.1,0.4,5,333,1001160,0,1001160,0.000332614167565624,0,0.000332614167565624,0.000166307083782812,80,0.155064268289204,2472,2002320,pilot; adaptive/event-or-cap stopping
rank,ldpc_rate,results/noisy_channel_tradeoffs/server_full/rank/ldpc_rate/summary_noisy_channel_tradeoff.mat,results/noisy_channel_tradeoffs/server_full/rank/ldpc_rate/E2_0p1_Rc_0p5/points/result_n_32_awgn_ebno_p0p0.mat,32,339,5424,0.1,0.5,0,200,653752,648210,653752,0.00030592640634369,0.991522779280216,0.991522779280216,0.49591435284328,64.0316205533597,0.193734616677376,1292,1307504,pilot; adaptive/event-or-cap stopping
rank,ldpc_rate,results/noisy_channel_tradeoffs/server_full/rank/ldpc_rate/summary_noisy_channel_tradeoff.mat,results/noisy_channel_tradeoffs/server_full/rank/ldpc_rate/E2_0p1_Rc_0p5/points/result_n_32_awgn_ebno_p0p25.mat,32,339,5424,0.1,0.5,0.25,200,603152,594850,603152,0.000331591373318832,0.986235642093535,0.986235642093535,0.493283616733427,64.0316205533597,0.193734616677376,1192,1206304,pilot; adaptive/event-or-cap stopping
rank,ldpc_rate,results/noisy_channel_tradeoffs/server_full/rank/ldpc_rate/summary_noisy_channel_tradeoff.mat,results/noisy_channel_tradeoffs/server_full/rank/ldpc_rate/E2_0p1_Rc_0p5/points/result_n_32_awgn_ebno_p0p5.mat,32,339,5424,0.1,0.5,0.5,201,657800,640627,657800,0.000305564001216175,0.973893280632411,0.973893280632411,0.487099422316814,64.0316205533597,0.193734616677376,1300,1315600,pilot; adaptive/event-or-cap stopping
rank,ldpc_rate,results/noisy_channel_tradeoffs/server_full/rank/ldpc_rate/summary_noisy_channel_tradeoff.mat,results/noisy_channel_tradeoffs/server_full/rank/ldpc_rate/E2_0p1_Rc_0p5/points/result_n_32_awgn_ebno_p0p75.mat,32,339,5424,0.1,0.5,0.75,200,669944,490789,669944,0.000298532414649583,0.73258212626727,0.73258212626727,0.36644032934096,64.0316205533597,0.193734616677376,1324,1339888,pilot; adaptive/event-or-cap stopping
rank,ldpc_rate,results/noisy_channel_tradeoffs/server_full/rank/ldpc_rate/summary_noisy_channel_tradeoff.mat,results/noisy_channel_tradeoffs/server_full/rank/ldpc_rate/E2_0p1_Rc_0p5/points/result_n_32_awgn_ebno_p1p0.mat,32,339,5424,0.1,0.5,1,202,615296,2295,615296,0.000328297274807572,0.00372991210734346,0.00372991210734346,0.00202910469107551,64.0316205533597,0.193734616677376,1216,1230592,pilot; adaptive/event-or-cap stopping
rank,ldpc_rate,results/noisy_channel_tradeoffs/server_full/rank/ldpc_rate/summary_noisy_channel_tradeoff.mat,results/noisy_channel_tradeoffs/server_full/rank/ldpc_rate/E2_0p1_Rc_0p5/points/result_n_32_awgn_ebno_p1p25.mat,32,339,5424,0.1,0.5,1.25,200,613272,404,613272,0.000326119568478587,0.000658761528326746,0.000658761528326746,0.000492440548402666,64.0316205533597,0.193734616677376,1212,1226544,pilot; adaptive/event-or-cap stopping
rank,ldpc_rate,results/noisy_channel_tradeoffs/server_full/rank/ldpc_rate/summary_noisy_channel_tradeoff.mat,results/noisy_channel_tradeoffs/server_full/rank/ldpc_rate/E2_0p1_Rc_0p5/points/result_n_32_awgn_ebno_p1p5.mat,32,339,5424,0.1,0.5,1.5,334,1001880,165,1001880,0.000333373258274444,0.000164690382081686,0.000333373258274444,0.000249031820178065,64.0316205533597,0.193734616677376,1980,2003760,pilot; adaptive/event-or-cap stopping
rank,ldpc_rate,results/noisy_channel_tradeoffs/server_full/rank/ldpc_rate/summary_noisy_channel_tradeoff.mat,results/noisy_channel_tradeoffs/server_full/rank/ldpc_rate/E2_0p1_Rc_0p5/points/result_n_32_awgn_ebno_p1p75.mat,32,339,5424,0.1,0.5,1.75,334,1001880,49,1001880,0.000333373258274444,4.8908052860622e-05,0.000333373258274444,0.000191140655567533,64.0316205533597,0.193734616677376,1980,2003760,pilot; adaptive/event-or-cap stopping
rank,ldpc_rate,results/noisy_channel_tradeoffs/server_full/rank/ldpc_rate/summary_noisy_channel_tradeoff.mat,results/noisy_channel_tradeoffs/server_full/rank/ldpc_rate/E2_0p1_Rc_0p5/points/result_n_32_awgn_ebno_p2p0.mat,32,339,5424,0.1,0.5,2,334,1001880,8,1001880,0.000333373258274444,7.98498822214237e-06,0.000333373258274444,0.000170679123248293,64.0316205533597,0.193734616677376,1980,2003760,pilot; adaptive/event-or-cap stopping
rank,ldpc_rate,results/noisy_channel_tradeoffs/server_full/rank/ldpc_rate/summary_noisy_channel_tradeoff.mat,results/noisy_channel_tradeoffs/server_full/rank/ldpc_rate/E2_0p1_Rc_0p5/points/result_n_32_awgn_ebno_p2p25.mat,32,339,5424,0.1,0.5,2.25,334,1001880,4,1001880,0.000333373258274444,3.99249411107119e-06,0.000333373258274444,0.000168682876192758,64.0316205533597,0.193734616677376,1980,2003760,pilot; adaptive/event-or-cap stopping
rank,ldpc_rate,results/noisy_channel_tradeoffs/server_full/rank/ldpc_rate/summary_noisy_channel_tradeoff.mat,results/noisy_channel_tradeoffs/server_full/rank/ldpc_rate/E2_0p1_Rc_0p5/points/result_n_32_awgn_ebno_p2p5.mat,32,339,5424,0.1,0.5,2.5,334,1001880,0,1001880,0.000333373258274444,0,0.000333373258274444,0.000166686629137222,64.0316205533597,0.193734616677376,1980,2003760,pilot; adaptive/event-or-cap stopping
rank,ldpc_rate,results/noisy_channel_tradeoffs/server_full/rank/ldpc_rate/summary_noisy_channel_tradeoff.mat,results/noisy_channel_tradeoffs/server_full/rank/ldpc_rate/E2_0p1_Rc_0p5/points/result_n_32_awgn_ebno_p2p75.mat,32,339,5424,0.1,0.5,2.75,334,1001880,0,1001880,0.000333373258274444,0,0.000333373258274444,0.000166686629137222,64.0316205533597,0.193734616677376,1980,2003760,pilot; adaptive/event-or-cap stopping
rank,ldpc_rate,results/noisy_channel_tradeoffs/server_full/rank/ldpc_rate/summary_noisy_channel_tradeoff.mat,results/noisy_channel_tradeoffs/server_full/rank/ldpc_rate/E2_0p1_Rc_0p5/points/result_n_32_awgn_ebno_p3p0.mat,32,339,5424,0.1,0.5,3,334,1001880,0,1001880,0.000333373258274444,0,0.000333373258274444,0.000166686629137222,64.0316205533597,0.193734616677376,1980,2003760,pilot; adaptive/event-or-cap stopping
rank,ldpc_rate,results/noisy_channel_tradeoffs/server_full/rank/ldpc_rate/summary_noisy_channel_tradeoff.mat,results/noisy_channel_tradeoffs/server_full/rank/ldpc_rate/E2_0p1_Rc_0p5/points/result_n_32_awgn_ebno_p3p25.mat,32,339,5424,0.1,0.5,3.25,334,1001880,0,1001880,0.000333373258274444,0,0.000333373258274444,0.000166686629137222,64.0316205533597,0.193734616677376,1980,2003760,pilot; adaptive/event-or-cap stopping
rank,ldpc_rate,results/noisy_channel_tradeoffs/server_full/rank/ldpc_rate/summary_noisy_channel_tradeoff.mat,results/noisy_channel_tradeoffs/server_full/rank/ldpc_rate/E2_0p1_Rc_0p5/points/result_n_32_awgn_ebno_p3p5.mat,32,339,5424,0.1,0.5,3.5,334,1001880,0,1001880,0.000333373258274444,0,0.000333373258274444,0.000166686629137222,64.0316205533597,0.193734616677376,1980,2003760,pilot; adaptive/event-or-cap stopping
rank,ldpc_rate,results/noisy_channel_tradeoffs/server_full/rank/ldpc_rate/summary_noisy_channel_tradeoff.mat,results/noisy_channel_tradeoffs/server_full/rank/ldpc_rate/E2_0p1_Rc_0p5/points/result_n_32_awgn_ebno_p3p75.mat,32,339,5424,0.1,0.5,3.75,334,1001880,0,1001880,0.000333373258274444,0,0.000333373258274444,0.000166686629137222,64.0316205533597,0.193734616677376,1980,2003760,pilot; adaptive/event-or-cap stopping
rank,ldpc_rate,results/noisy_channel_tradeoffs/server_full/rank/ldpc_rate/summary_noisy_channel_tradeoff.mat,results/noisy_channel_tradeoffs/server_full/rank/ldpc_rate/E2_0p1_Rc_0p5/points/result_n_32_awgn_ebno_p4p0.mat,32,339,5424,0.1,0.5,4,334,1001880,0,1001880,0.000333373258274444,0,0.000333373258274444,0.000166686629137222,64.0316205533597,0.193734616677376,1980,2003760,pilot; adaptive/event-or-cap stopping
rank,ldpc_rate,results/noisy_channel_tradeoffs/server_full/rank/ldpc_rate/summary_noisy_channel_tradeoff.mat,results/noisy_channel_tradeoffs/server_full/rank/ldpc_rate/E2_0p1_Rc_0p5/points/result_n_32_awgn_ebno_p4p25.mat,32,339,5424,0.1,0.5,4.25,334,1001880,0,1001880,0.000333373258274444,0,0.000333373258274444,0.000166686629137222,64.0316205533597,0.193734616677376,1980,2003760,pilot; adaptive/event-or-cap stopping
rank,ldpc_rate,results/noisy_channel_tradeoffs/server_full/rank/ldpc_rate/summary_noisy_channel_tradeoff.mat,results/noisy_channel_tradeoffs/server_full/rank/ldpc_rate/E2_0p1_Rc_0p5/points/result_n_32_awgn_ebno_p4p5.mat,32,339,5424,0.1,0.5,4.5,334,1001880,0,1001880,0.000333373258274444,0,0.000333373258274444,0.000166686629137222,64.0316205533597,0.193734616677376,1980,2003760,pilot; adaptive/event-or-cap stopping
rank,ldpc_rate,results/noisy_channel_tradeoffs/server_full/rank/ldpc_rate/summary_noisy_channel_tradeoff.mat,results/noisy_channel_tradeoffs/server_full/rank/ldpc_rate/E2_0p1_Rc_0p5/points/result_n_32_awgn_ebno_p4p75.mat,32,339,5424,0.1,0.5,4.75,334,1001880,0,1001880,0.000333373258274444,0,0.000333373258274444,0.000166686629137222,64.0316205533597,0.193734616677376,1980,2003760,pilot; adaptive/event-or-cap stopping
rank,ldpc_rate,results/noisy_channel_tradeoffs/server_full/rank/ldpc_rate/summary_noisy_channel_tradeoff.mat,results/noisy_channel_tradeoffs/server_full/rank/ldpc_rate/E2_0p1_Rc_0p5/points/result_n_32_awgn_ebno_p5p0.mat,32,339,5424,0.1,0.5,5,334,1001880,0,1001880,0.000333373258274444,0,0.000333373258274444,0.000166686629137222,64.0316205533597,0.193734616677376,1980,2003760,pilot; adaptive/event-or-cap stopping
rank,ldpc_rate,results/noisy_channel_tradeoffs/server_full/rank/ldpc_rate/summary_noisy_channel_tradeoff.mat,results/noisy_channel_tradeoffs/server_full/rank/ldpc_rate/E2_0p1_Rc_0p6/points/result_n_32_awgn_ebno_p0p0.mat,32,339,5424,0.1,0.6,0,202,617220,611965,617220,0.000327273905576618,0.99148601795146,0.99148601795146,0.495906645928518,53.3333333333333,0.232596402433806,1016,1234440,pilot; adaptive/event-or-cap stopping
rank,ldpc_rate,results/noisy_channel_tradeoffs/server_full/rank/ldpc_rate/summary_noisy_channel_tradeoff.mat,results/noisy_channel_tradeoffs/server_full/rank/ldpc_rate/E2_0p1_Rc_0p6/points/result_n_32_awgn_ebno_p0p25.mat,32,339,5424,0.1,0.6,0.25,200,529740,524053,529740,0.000377543700683354,0.989264544871069,0.989264544871069,0.494821044285876,53.3333333333333,0.232596402433806,872,1059480,pilot; adaptive/event-or-cap stopping
rank,ldpc_rate,results/noisy_channel_tradeoffs/server_full/rank/ldpc_rate/summary_noisy_channel_tradeoff.mat,results/noisy_channel_tradeoffs/server_full/rank/ldpc_rate/E2_0p1_Rc_0p6/points/result_n_32_awgn_ebno_p0p5.mat,32,339,5424,0.1,0.6,0.5,201,641520,632765,641520,0.000313318368873924,0.986352724778651,0.986352724778651,0.493333021573762,53.3333333333333,0.232596402433806,1056,1283040,pilot; adaptive/event-or-cap stopping
rank,ldpc_rate,results/noisy_channel_tradeoffs/server_full/rank/ldpc_rate/summary_noisy_channel_tradeoff.mat,results/noisy_channel_tradeoffs/server_full/rank/ldpc_rate/E2_0p1_Rc_0p6/points/result_n_32_awgn_ebno_p0p75.mat,32,339,5424,0.1,0.6,0.75,200,600210,589558,600210,0.000333216707485713,0.982252878159311,0.982252878159311,0.491293047433398,53.3333333333333,0.232596402433806,988,1200420,pilot; adaptive/event-or-cap stopping
rank,ldpc_rate,results/noisy_channel_tradeoffs/server_full/rank/ldpc_rate/summary_noisy_channel_tradeoff.mat,results/noisy_channel_tradeoffs/server_full/rank/ldpc_rate/E2_0p1_Rc_0p6/points/result_n_32_awgn_ebno_p1p0.mat,32,339,5424,0.1,0.6,1,200,675540,659164,675540,0.000296059448737306,0.975758652337389,0.975758652337389,0.488027355893063,53.3333333333333,0.232596402433806,1112,1351080,pilot; adaptive/event-or-cap stopping
rank,ldpc_rate,results/noisy_channel_tradeoffs/server_full/rank/ldpc_rate/summary_noisy_channel_tradeoff.mat,results/noisy_channel_tradeoffs/server_full/rank/ldpc_rate/E2_0p1_Rc_0p6/points/result_n_32_awgn_ebno_p1p25.mat,32,339,5424,0.1,0.6,1.25,201,643950,619203,643950,0.000312136035406476,0.961569997670627,0.961569997670627,0.480941066853017,53.3333333333333,0.232596402433806,1060,1287900,pilot; adaptive/event-or-cap stopping
rank,ldpc_rate,results/noisy_channel_tradeoffs/server_full/rank/ldpc_rate/summary_noisy_channel_tradeoff.mat,results/noisy_channel_tradeoffs/server_full/rank/ldpc_rate/E2_0p1_Rc_0p6/points/result_n_32_awgn_ebno_p1p5.mat,32,339,5424,0.1,0.6,1.5,201,609930,48734,609930,0.000329546013476956,0.0799009722427164,0.0799009722427164,0.0401152591280967,53.3333333333333,0.232596402433806,1004,1219860,pilot; adaptive/event-or-cap stopping
rank,ldpc_rate,results/noisy_channel_tradeoffs/server_full/rank/ldpc_rate/summary_noisy_channel_tradeoff.mat,results/noisy_channel_tradeoffs/server_full/rank/ldpc_rate/E2_0p1_Rc_0p6/points/result_n_32_awgn_ebno_p1p75.mat,32,339,5424,0.1,0.6,1.75,333,1001160,1,1001160,0.000332614167565624,9.98841344040912e-07,0.000332614167565624,0.000166806504454832,53.3333333333333,0.232596402433806,1648,2002320,pilot; adaptive/event-or-cap stopping
rank,ldpc_rate,results/noisy_channel_tradeoffs/server_full/rank/ldpc_rate/summary_noisy_channel_tradeoff.mat,results/noisy_channel_tradeoffs/server_full/rank/ldpc_rate/E2_0p1_Rc_0p6/points/result_n_32_awgn_ebno_p2p0.mat,32,339,5424,0.1,0.6,2,333,1001160,0,1001160,0.000332614167565624,0,0.000332614167565624,0.000166307083782812,53.3333333333333,0.232596402433806,1648,2002320,pilot; adaptive/event-or-cap stopping
rank,ldpc_rate,results/noisy_channel_tradeoffs/server_full/rank/ldpc_rate/summary_noisy_channel_tradeoff.mat,results/noisy_channel_tradeoffs/server_full/rank/ldpc_rate/E2_0p1_Rc_0p6/points/result_n_32_awgn_ebno_p2p25.mat,32,339,5424,0.1,0.6,2.25,333,1001160,0,1001160,0.000332614167565624,0,0.000332614167565624,0.000166307083782812,53.3333333333333,0.232596402433806,1648,2002320,pilot; adaptive/event-or-cap stopping
rank,ldpc_rate,results/noisy_channel_tradeoffs/server_full/rank/ldpc_rate/summary_noisy_channel_tradeoff.mat,results/noisy_channel_tradeoffs/server_full/rank/ldpc_rate/E2_0p1_Rc_0p6/points/result_n_32_awgn_ebno_p2p5.mat,32,339,5424,0.1,0.6,2.5,333,1001160,0,1001160,0.000332614167565624,0,0.000332614167565624,0.000166307083782812,53.3333333333333,0.232596402433806,1648,2002320,pilot; adaptive/event-or-cap stopping
rank,ldpc_rate,results/noisy_channel_tradeoffs/server_full/rank/ldpc_rate/summary_noisy_channel_tradeoff.mat,results/noisy_channel_tradeoffs/server_full/rank/ldpc_rate/E2_0p1_Rc_0p6/points/result_n_32_awgn_ebno_p2p75.mat,32,339,5424,0.1,0.6,2.75,333,1001160,0,1001160,0.000332614167565624,0,0.000332614167565624,0.000166307083782812,53.3333333333333,0.232596402433806,1648,2002320,pilot; adaptive/event-or-cap stopping
rank,ldpc_rate,results/noisy_channel_tradeoffs/server_full/rank/ldpc_rate/summary_noisy_channel_tradeoff.mat,results/noisy_channel_tradeoffs/server_full/rank/ldpc_rate/E2_0p1_Rc_0p6/points/result_n_32_awgn_ebno_p3p0.mat,32,339,5424,0.1,0.6,3,333,1001160,0,1001160,0.000332614167565624,0,0.000332614167565624,0.000166307083782812,53.3333333333333,0.232596402433806,1648,2002320,pilot; adaptive/event-or-cap stopping
rank,ldpc_rate,results/noisy_channel_tradeoffs/server_full/rank/ldpc_rate/summary_noisy_channel_tradeoff.mat,results/noisy_channel_tradeoffs/server_full/rank/ldpc_rate/E2_0p1_Rc_0p6/points/result_n_32_awgn_ebno_p3p25.mat,32,339,5424,0.1,0.6,3.25,333,1001160,0,1001160,0.000332614167565624,0,0.000332614167565624,0.000166307083782812,53.3333333333333,0.232596402433806,1648,2002320,pilot; adaptive/event-or-cap stopping
rank,ldpc_rate,results/noisy_channel_tradeoffs/server_full/rank/ldpc_rate/summary_noisy_channel_tradeoff.mat,results/noisy_channel_tradeoffs/server_full/rank/ldpc_rate/E2_0p1_Rc_0p6/points/result_n_32_awgn_ebno_p3p5.mat,32,339,5424,0.1,0.6,3.5,333,1001160,0,1001160,0.000332614167565624,0,0.000332614167565624,0.000166307083782812,53.3333333333333,0.232596402433806,1648,2002320,pilot; adaptive/event-or-cap stopping
rank,ldpc_rate,results/noisy_channel_tradeoffs/server_full/rank/ldpc_rate/summary_noisy_channel_tradeoff.mat,results/noisy_channel_tradeoffs/server_full/rank/ldpc_rate/E2_0p1_Rc_0p6/points/result_n_32_awgn_ebno_p3p75.mat,32,339,5424,0.1,0.6,3.75,333,1001160,0,1001160,0.000332614167565624,0,0.000332614167565624,0.000166307083782812,53.3333333333333,0.232596402433806,1648,2002320,pilot; adaptive/event-or-cap stopping
rank,ldpc_rate,results/noisy_channel_tradeoffs/server_full/rank/ldpc_rate/summary_noisy_channel_tradeoff.mat,results/noisy_channel_tradeoffs/server_full/rank/ldpc_rate/E2_0p1_Rc_0p6/points/result_n_32_awgn_ebno_p4p0.mat,32,339,5424,0.1,0.6,4,333,1001160,0,1001160,0.000332614167565624,0,0.000332614167565624,0.000166307083782812,53.3333333333333,0.232596402433806,1648,2002320,pilot; adaptive/event-or-cap stopping
rank,ldpc_rate,results/noisy_channel_tradeoffs/server_full/rank/ldpc_rate/summary_noisy_channel_tradeoff.mat,results/noisy_channel_tradeoffs/server_full/rank/ldpc_rate/E2_0p1_Rc_0p6/points/result_n_32_awgn_ebno_p4p25.mat,32,339,5424,0.1,0.6,4.25,333,1001160,0,1001160,0.000332614167565624,0,0.000332614167565624,0.000166307083782812,53.3333333333333,0.232596402433806,1648,2002320,pilot; adaptive/event-or-cap stopping
rank,ldpc_rate,results/noisy_channel_tradeoffs/server_full/rank/ldpc_rate/summary_noisy_channel_tradeoff.mat,results/noisy_channel_tradeoffs/server_full/rank/ldpc_rate/E2_0p1_Rc_0p6/points/result_n_32_awgn_ebno_p4p5.mat,32,339,5424,0.1,0.6,4.5,333,1001160,0,1001160,0.000332614167565624,0,0.000332614167565624,0.000166307083782812,53.3333333333333,0.232596402433806,1648,2002320,pilot; adaptive/event-or-cap stopping
rank,ldpc_rate,results/noisy_channel_tradeoffs/server_full/rank/ldpc_rate/summary_noisy_channel_tradeoff.mat,results/noisy_channel_tradeoffs/server_full/rank/ldpc_rate/E2_0p1_Rc_0p6/points/result_n_32_awgn_ebno_p4p75.mat,32,339,5424,0.1,0.6,4.75,333,1001160,0,1001160,0.000332614167565624,0,0.000332614167565624,0.000166307083782812,53.3333333333333,0.232596402433806,1648,2002320,pilot; adaptive/event-or-cap stopping
rank,ldpc_rate,results/noisy_channel_tradeoffs/server_full/rank/ldpc_rate/summary_noisy_channel_tradeoff.mat,results/noisy_channel_tradeoffs/server_full/rank/ldpc_rate/E2_0p1_Rc_0p6/points/result_n_32_awgn_ebno_p5p0.mat,32,339,5424,0.1,0.6,5,333,1001160,0,1001160,0.000332614167565624,0,0.000332614167565624,0.000166307083782812,53.3333333333333,0.232596402433806,1648,2002320,pilot; adaptive/event-or-cap stopping
rank,ldpc_rate,results/noisy_channel_tradeoffs/server_full/rank/ldpc_rate/summary_noisy_channel_tradeoff.mat,results/noisy_channel_tradeoffs/server_full/rank/ldpc_rate/E2_0p1_Rc_0p6667/points/result_n_32_awgn_ebno_p0p0.mat,32,339,5424,0.1,0.666666666666667,0,200,585900,575781,585900,0.000341355180064858,0.982729134664619,0.982729134664619,0.491535244922342,48,0.258440447148674,868,1171800,pilot; adaptive/event-or-cap stopping
rank,ldpc_rate,results/noisy_channel_tradeoffs/server_full/rank/ldpc_rate/summary_noisy_channel_tradeoff.mat,results/noisy_channel_tradeoffs/server_full/rank/ldpc_rate/E2_0p1_Rc_0p6667/points/result_n_32_awgn_ebno_p0p25.mat,32,339,5424,0.1,0.666666666666667,0.25,200,553500,540424,553500,0.0003613369467028,0.976375790424571,0.976375790424571,0.488368563685637,48,0.258440447148674,820,1107000,pilot; adaptive/event-or-cap stopping
rank,ldpc_rate,results/noisy_channel_tradeoffs/server_full/rank/ldpc_rate/summary_noisy_channel_tradeoff.mat,results/noisy_channel_tradeoffs/server_full/rank/ldpc_rate/E2_0p1_Rc_0p6667/points/result_n_32_awgn_ebno_p0p5.mat,32,339,5424,0.1,0.666666666666667,0.5,200,621000,600326,621000,0.000322061191626409,0.966708534621578,0.966708534621578,0.483515297906602,48,0.258440447148674,920,1242000,pilot; adaptive/event-or-cap stopping
rank,ldpc_rate,results/noisy_channel_tradeoffs/server_full/rank/ldpc_rate/summary_noisy_channel_tradeoff.mat,results/noisy_channel_tradeoffs/server_full/rank/ldpc_rate/E2_0p1_Rc_0p6667/points/result_n_32_awgn_ebno_p0p75.mat,32,339,5424,0.1,0.666666666666667,0.75,200,621000,589063,621000,0.000322061191626409,0.948571658615137,0.948571658615137,0.474446859903382,48,0.258440447148674,920,1242000,pilot; adaptive/event-or-cap stopping
rank,ldpc_rate,results/noisy_channel_tradeoffs/server_full/rank/ldpc_rate/summary_noisy_channel_tradeoff.mat,results/noisy_channel_tradeoffs/server_full/rank/ldpc_rate/E2_0p1_Rc_0p6667/points/result_n_32_awgn_ebno_p1p0.mat,32,339,5424,0.1,0.666666666666667,1,200,615600,561008,615600,0.00032488628979857,0.911319038336582,0.911319038336582,0.45582196231319,48,0.258440447148674,912,1231200,pilot; adaptive/event-or-cap stopping
rank,ldpc_rate,results/noisy_channel_tradeoffs/server_full/rank/ldpc_rate/summary_noisy_channel_tradeoff.mat,results/noisy_channel_tradeoffs/server_full/rank/ldpc_rate/E2_0p1_Rc_0p6667/points/result_n_32_awgn_ebno_p1p25.mat,32,339,5424,0.1,0.666666666666667,1.25,200,626400,513904,626400,0.000319284802043423,0.820408684546616,0.820408684546616,0.410363984674329,48,0.258440447148674,928,1252800,pilot; adaptive/event-or-cap stopping
rank,ldpc_rate,results/noisy_channel_tradeoffs/server_full/rank/ldpc_rate/summary_noisy_channel_tradeoff.mat,results/noisy_channel_tradeoffs/server_full/rank/ldpc_rate/E2_0p1_Rc_0p6667/points/result_n_32_awgn_ebno_p1p5.mat,32,339,5424,0.1,0.666666666666667,1.5,201,531900,320475,531900,0.000377890580936266,0.602509870276368,0.602509870276368,0.301443880428652,48,0.258440447148674,788,1063800,pilot; adaptive/event-or-cap stopping
rank,ldpc_rate,results/noisy_channel_tradeoffs/server_full/rank/ldpc_rate/summary_noisy_channel_tradeoff.mat,results/noisy_channel_tradeoffs/server_full/rank/ldpc_rate/E2_0p1_Rc_0p6667/points/result_n_32_awgn_ebno_p1p75.mat,32,339,5424,0.1,0.666666666666667,1.75,202,615600,53099,615600,0.000328135152696556,0.0862556855100715,0.0862556855100715,0.043291910331384,48,0.258440447148674,912,1231200,pilot; adaptive/event-or-cap stopping
rank,ldpc_rate,results/noisy_channel_tradeoffs/server_full/rank/ldpc_rate/summary_noisy_channel_tradeoff.mat,results/noisy_channel_tradeoffs/server_full/rank/ldpc_rate/E2_0p1_Rc_0p6667/points/result_n_32_awgn_ebno_p2p0.mat,32,339,5424,0.1,0.666666666666667,2,334,1001700,5,1001700,0.000333433163621843,4.99151442547669e-06,0.000333433163621843,0.00016921233902366,48,0.258440447148674,1484,2003400,pilot; adaptive/event-or-cap stopping
rank,ldpc_rate,results/noisy_channel_tradeoffs/server_full/rank/ldpc_rate/summary_noisy_channel_tradeoff.mat,results/noisy_channel_tradeoffs/server_full/rank/ldpc_rate/E2_0p1_Rc_0p6667/points/result_n_32_awgn_ebno_p2p25.mat,32,339,5424,0.1,0.666666666666667,2.25,334,1001700,1,1001700,0.000333433163621843,9.98302885095338e-07,0.000333433163621843,0.000167215733253469,48,0.258440447148674,1484,2003400,pilot; adaptive/event-or-cap stopping
rank,ldpc_rate,results/noisy_channel_tradeoffs/server_full/rank/ldpc_rate/summary_noisy_channel_tradeoff.mat,results/noisy_channel_tradeoffs/server_full/rank/ldpc_rate/E2_0p1_Rc_0p6667/points/result_n_32_awgn_ebno_p2p5.mat,32,339,5424,0.1,0.666666666666667,2.5,334,1001700,1,1001700,0.000333433163621843,9.98302885095338e-07,0.000333433163621843,0.000167215733253469,48,0.258440447148674,1484,2003400,pilot; adaptive/event-or-cap stopping
rank,ldpc_rate,results/noisy_channel_tradeoffs/server_full/rank/ldpc_rate/summary_noisy_channel_tradeoff.mat,results/noisy_channel_tradeoffs/server_full/rank/ldpc_rate/E2_0p1_Rc_0p6667/points/result_n_32_awgn_ebno_p2p75.mat,32,339,5424,0.1,0.666666666666667,2.75,334,1001700,0,1001700,0.000333433163621843,0,0.000333433163621843,0.000166716581810921,48,0.258440447148674,1484,2003400,pilot; adaptive/event-or-cap stopping
rank,ldpc_rate,results/noisy_channel_tradeoffs/server_full/rank/ldpc_rate/summary_noisy_channel_tradeoff.mat,results/noisy_channel_tradeoffs/server_full/rank/ldpc_rate/E2_0p1_Rc_0p6667/points/result_n_32_awgn_ebno_p3p0.mat,32,339,5424,0.1,0.666666666666667,3,334,1001700,0,1001700,0.000333433163621843,0,0.000333433163621843,0.000166716581810921,48,0.258440447148674,1484,2003400,pilot; adaptive/event-or-cap stopping
rank,ldpc_rate,results/noisy_channel_tradeoffs/server_full/rank/ldpc_rate/summary_noisy_channel_tradeoff.mat,results/noisy_channel_tradeoffs/server_full/rank/ldpc_rate/E2_0p1_Rc_0p6667/points/result_n_32_awgn_ebno_p3p25.mat,32,339,5424,0.1,0.666666666666667,3.25,334,1001700,0,1001700,0.000333433163621843,0,0.000333433163621843,0.000166716581810921,48,0.258440447148674,1484,2003400,pilot; adaptive/event-or-cap stopping
rank,ldpc_rate,results/noisy_channel_tradeoffs/server_full/rank/ldpc_rate/summary_noisy_channel_tradeoff.mat,results/noisy_channel_tradeoffs/server_full/rank/ldpc_rate/E2_0p1_Rc_0p6667/points/result_n_32_awgn_ebno_p3p5.mat,32,339,5424,0.1,0.666666666666667,3.5,334,1001700,1,1001700,0.000333433163621843,9.98302885095338e-07,0.000333433163621843,0.000167215733253469,48,0.258440447148674,1484,2003400,pilot; adaptive/event-or-cap stopping
rank,ldpc_rate,results/noisy_channel_tradeoffs/server_full/rank/ldpc_rate/summary_noisy_channel_tradeoff.mat,results/noisy_channel_tradeoffs/server_full/rank/ldpc_rate/E2_0p1_Rc_0p6667/points/result_n_32_awgn_ebno_p3p75.mat,32,339,5424,0.1,0.666666666666667,3.75,334,1001700,1,1001700,0.000333433163621843,9.98302885095338e-07,0.000333433163621843,0.000167215733253469,48,0.258440447148674,1484,2003400,pilot; adaptive/event-or-cap stopping
rank,ldpc_rate,results/noisy_channel_tradeoffs/server_full/rank/ldpc_rate/summary_noisy_channel_tradeoff.mat,results/noisy_channel_tradeoffs/server_full/rank/ldpc_rate/E2_0p1_Rc_0p6667/points/result_n_32_awgn_ebno_p4p0.mat,32,339,5424,0.1,0.666666666666667,4,334,1001700,0,1001700,0.000333433163621843,0,0.000333433163621843,0.000166716581810921,48,0.258440447148674,1484,2003400,pilot; adaptive/event-or-cap stopping
rank,ldpc_rate,results/noisy_channel_tradeoffs/server_full/rank/ldpc_rate/summary_noisy_channel_tradeoff.mat,results/noisy_channel_tradeoffs/server_full/rank/ldpc_rate/E2_0p1_Rc_0p6667/points/result_n_32_awgn_ebno_p4p25.mat,32,339,5424,0.1,0.666666666666667,4.25,334,1001700,0,1001700,0.000333433163621843,0,0.000333433163621843,0.000166716581810921,48,0.258440447148674,1484,2003400,pilot; adaptive/event-or-cap stopping
rank,ldpc_rate,results/noisy_channel_tradeoffs/server_full/rank/ldpc_rate/summary_noisy_channel_tradeoff.mat,results/noisy_channel_tradeoffs/server_full/rank/ldpc_rate/E2_0p1_Rc_0p6667/points/result_n_32_awgn_ebno_p4p5.mat,32,339,5424,0.1,0.666666666666667,4.5,334,1001700,0,1001700,0.000333433163621843,0,0.000333433163621843,0.000166716581810921,48,0.258440447148674,1484,2003400,pilot; adaptive/event-or-cap stopping
rank,ldpc_rate,results/noisy_channel_tradeoffs/server_full/rank/ldpc_rate/summary_noisy_channel_tradeoff.mat,results/noisy_channel_tradeoffs/server_full/rank/ldpc_rate/E2_0p1_Rc_0p6667/points/result_n_32_awgn_ebno_p4p75.mat,32,339,5424,0.1,0.666666666666667,4.75,334,1001700,0,1001700,0.000333433163621843,0,0.000333433163621843,0.000166716581810921,48,0.258440447148674,1484,2003400,pilot; adaptive/event-or-cap stopping
rank,ldpc_rate,results/noisy_channel_tradeoffs/server_full/rank/ldpc_rate/summary_noisy_channel_tradeoff.mat,results/noisy_channel_tradeoffs/server_full/rank/ldpc_rate/E2_0p1_Rc_0p6667/points/result_n_32_awgn_ebno_p5p0.mat,32,339,5424,0.1,0.666666666666667,5,334,1001700,0,1001700,0.000333433163621843,0,0.000333433163621843,0.000166716581810921,48,0.258440447148674,1484,2003400,pilot; adaptive/event-or-cap stopping
rank,ldpc_rate,results/noisy_channel_tradeoffs/server_full/rank/ldpc_rate/summary_noisy_channel_tradeoff.mat,results/noisy_channel_tradeoffs/server_full/rank/ldpc_rate/E2_0p1_Rc_0p3333/points/result_n_40_awgn_ebno_p0p0.mat,40,3120,62400,0.1,0.333333333333333,0,22,1000080,814638,1000080,2.19982401407887e-05,0.814572834173266,0.814572834173266,0.407297416206703,120,0.132743820071975,3704,2000160,pilot; adaptive/event-or-cap stopping
rank,ldpc_rate,results/noisy_channel_tradeoffs/server_full/rank/ldpc_rate/summary_noisy_channel_tradeoff.mat,results/noisy_channel_tradeoffs/server_full/rank/ldpc_rate/E2_0p1_Rc_0p3333/points/result_n_40_awgn_ebno_p0p25.mat,40,3120,62400,0.1,0.333333333333333,0.25,23,1000080,590612,1000080,2.29981601471882e-05,0.590564754819614,0.590564754819614,0.295293876489881,120,0.132743820071975,3704,2000160,pilot; adaptive/event-or-cap stopping
rank,ldpc_rate,results/noisy_channel_tradeoffs/server_full/rank/ldpc_rate/summary_noisy_channel_tradeoff.mat,results/noisy_channel_tradeoffs/server_full/rank/ldpc_rate/E2_0p1_Rc_0p3333/points/result_n_40_awgn_ebno_p0p5.mat,40,3120,62400,0.1,0.333333333333333,0.5,19,1000080,460110,1000080,1.89984801215903e-05,0.460073194144468,0.460073194144468,0.230046096312295,120,0.132743820071975,3704,2000160,pilot; adaptive/event-or-cap stopping
rank,ldpc_rate,results/noisy_channel_tradeoffs/server_full/rank/ldpc_rate/summary_noisy_channel_tradeoff.mat,results/noisy_channel_tradeoffs/server_full/rank/ldpc_rate/E2_0p1_Rc_0p3333/points/result_n_40_awgn_ebno_p0p75.mat,40,3120,62400,0.1,0.333333333333333,0.75,28,1000080,321079,1000080,2.79977601791857e-05,0.321053315734741,0.321053315734741,0.16054065674746,120,0.132743820071975,3704,2000160,pilot; adaptive/event-or-cap stopping
rank,ldpc_rate,results/noisy_channel_tradeoffs/server_full/rank/ldpc_rate/summary_noisy_channel_tradeoff.mat,results/noisy_channel_tradeoffs/server_full/rank/ldpc_rate/E2_0p1_Rc_0p3333/points/result_n_40_awgn_ebno_p1p0.mat,40,3120,62400,0.1,0.333333333333333,1,21,1000080,185222,1000080,2.09983201343892e-05,0.185207183425326,0.185207183425326,0.0926140908727302,120,0.132743820071975,3704,2000160,pilot; adaptive/event-or-cap stopping
rank,ldpc_rate,results/noisy_channel_tradeoffs/server_full/rank/ldpc_rate/summary_noisy_channel_tradeoff.mat,results/noisy_channel_tradeoffs/server_full/rank/ldpc_rate/E2_0p1_Rc_0p3333/points/result_n_40_awgn_ebno_p1p25.mat,40,3120,62400,0.1,0.333333333333333,1.25,23,1000080,87226,1000080,2.29981601471882e-05,0.0872190224782017,0.0872190224782017,0.0436210103191745,120,0.132743820071975,3704,2000160,pilot; adaptive/event-or-cap stopping
rank,ldpc_rate,results/noisy_channel_tradeoffs/server_full/rank/ldpc_rate/summary_noisy_channel_tradeoff.mat,results/noisy_channel_tradeoffs/server_full/rank/ldpc_rate/E2_0p1_Rc_0p3333/points/result_n_40_awgn_ebno_p1p5.mat,40,3120,62400,0.1,0.333333333333333,1.5,24,1000080,35377,1000080,2.39980801535877e-05,0.0353741700663947,0.0353741700663947,0.0176990840732741,120,0.132743820071975,3704,2000160,pilot; adaptive/event-or-cap stopping
rank,ldpc_rate,results/noisy_channel_tradeoffs/server_full/rank/ldpc_rate/summary_noisy_channel_tradeoff.mat,results/noisy_channel_tradeoffs/server_full/rank/ldpc_rate/E2_0p1_Rc_0p3333/points/result_n_40_awgn_ebno_p1p75.mat,40,3120,62400,0.1,0.333333333333333,1.75,26,1000080,13730,1000080,2.59979201663867e-05,0.013728901687865,0.013728901687865,0.00687744980401568,120,0.132743820071975,3704,2000160,pilot; adaptive/event-or-cap stopping
rank,ldpc_rate,results/noisy_channel_tradeoffs/server_full/rank/ldpc_rate/summary_noisy_channel_tradeoff.mat,results/noisy_channel_tradeoffs/server_full/rank/ldpc_rate/E2_0p1_Rc_0p3333/points/result_n_40_awgn_ebno_p2p0.mat,40,3120,62400,0.1,0.333333333333333,2,25,1000080,5090,1000080,2.49980001599872e-05,0.00508959283257339,0.00508959283257339,0.00255729541636669,120,0.132743820071975,3704,2000160,pilot; adaptive/event-or-cap stopping
rank,ldpc_rate,results/noisy_channel_tradeoffs/server_full/rank/ldpc_rate/summary_noisy_channel_tradeoff.mat,results/noisy_channel_tradeoffs/server_full/rank/ldpc_rate/E2_0p1_Rc_0p3333/points/result_n_40_awgn_ebno_p2p25.mat,40,3120,62400,0.1,0.333333333333333,2.25,25,1000080,1923,1000080,2.49980001599872e-05,0.00192284617230622,0.00192284617230622,0.000973922086233101,120,0.132743820071975,3704,2000160,pilot; adaptive/event-or-cap stopping
rank,ldpc_rate,results/noisy_channel_tradeoffs/server_full/rank/ldpc_rate/summary_noisy_channel_tradeoff.mat,results/noisy_channel_tradeoffs/server_full/rank/ldpc_rate/E2_0p1_Rc_0p3333/points/result_n_40_awgn_ebno_p2p5.mat,40,3120,62400,0.1,0.333333333333333,2.5,25,1000080,709,1000080,2.49980001599872e-05,0.000708943284537237,0.000708943284537237,0.000366970642348612,120,0.132743820071975,3704,2000160,pilot; adaptive/event-or-cap stopping
rank,ldpc_rate,results/noisy_channel_tradeoffs/server_full/rank/ldpc_rate/summary_noisy_channel_tradeoff.mat,results/noisy_channel_tradeoffs/server_full/rank/ldpc_rate/E2_0p1_Rc_0p3333/points/result_n_40_awgn_ebno_p2p75.mat,40,3120,62400,0.1,0.333333333333333,2.75,25,1000080,255,1000080,2.49980001599872e-05,0.000254979601631869,0.000254979601631869,0.000139988800895928,120,0.132743820071975,3704,2000160,pilot; adaptive/event-or-cap stopping
rank,ldpc_rate,results/noisy_channel_tradeoffs/server_full/rank/ldpc_rate/summary_noisy_channel_tradeoff.mat,results/noisy_channel_tradeoffs/server_full/rank/ldpc_rate/E2_0p1_Rc_0p3333/points/result_n_40_awgn_ebno_p3p0.mat,40,3120,62400,0.1,0.333333333333333,3,25,1000080,89,1000080,2.49980001599872e-05,8.89928805695544e-05,8.89928805695544e-05,5.69954403647708e-05,120,0.132743820071975,3704,2000160,pilot; adaptive/event-or-cap stopping
rank,ldpc_rate,results/noisy_channel_tradeoffs/server_full/rank/ldpc_rate/summary_noisy_channel_tradeoff.mat,results/noisy_channel_tradeoffs/server_full/rank/ldpc_rate/E2_0p1_Rc_0p3333/points/result_n_40_awgn_ebno_p3p25.mat,40,3120,62400,0.1,0.333333333333333,3.25,25,1000080,33,1000080,2.49980001599872e-05,3.29973602111831e-05,3.29973602111831e-05,2.89976801855852e-05,120,0.132743820071975,3704,2000160,pilot; adaptive/event-or-cap stopping
rank,ldpc_rate,results/noisy_channel_tradeoffs/server_full/rank/ldpc_rate/summary_noisy_channel_tradeoff.mat,results/noisy_channel_tradeoffs/server_full/rank/ldpc_rate/E2_0p1_Rc_0p3333/points/result_n_40_awgn_ebno_p3p5.mat,40,3120,62400,0.1,0.333333333333333,3.5,25,1000080,12,1000080,2.49980001599872e-05,1.19990400767939e-05,2.49980001599872e-05,1.84985201183905e-05,120,0.132743820071975,3704,2000160,pilot; adaptive/event-or-cap stopping
rank,ldpc_rate,results/noisy_channel_tradeoffs/server_full/rank/ldpc_rate/summary_noisy_channel_tradeoff.mat,results/noisy_channel_tradeoffs/server_full/rank/ldpc_rate/E2_0p1_Rc_0p3333/points/result_n_40_awgn_ebno_p3p75.mat,40,3120,62400,0.1,0.333333333333333,3.75,25,1000080,4,1000080,2.49980001599872e-05,3.99968002559795e-06,2.49980001599872e-05,1.44988400927926e-05,120,0.132743820071975,3704,2000160,pilot; adaptive/event-or-cap stopping
rank,ldpc_rate,results/noisy_channel_tradeoffs/server_full/rank/ldpc_rate/summary_noisy_channel_tradeoff.mat,results/noisy_channel_tradeoffs/server_full/rank/ldpc_rate/E2_0p1_Rc_0p3333/points/result_n_40_awgn_ebno_p4p0.mat,40,3120,62400,0.1,0.333333333333333,4,25,1000080,4,1000080,2.49980001599872e-05,3.99968002559795e-06,2.49980001599872e-05,1.44988400927926e-05,120,0.132743820071975,3704,2000160,pilot; adaptive/event-or-cap stopping
rank,ldpc_rate,results/noisy_channel_tradeoffs/server_full/rank/ldpc_rate/summary_noisy_channel_tradeoff.mat,results/noisy_channel_tradeoffs/server_full/rank/ldpc_rate/E2_0p1_Rc_0p3333/points/result_n_40_awgn_ebno_p4p25.mat,40,3120,62400,0.1,0.333333333333333,4.25,25,1000080,2,1000080,2.49980001599872e-05,1.99984001279898e-06,2.49980001599872e-05,1.34989200863931e-05,120,0.132743820071975,3704,2000160,pilot; adaptive/event-or-cap stopping
rank,ldpc_rate,results/noisy_channel_tradeoffs/server_full/rank/ldpc_rate/summary_noisy_channel_tradeoff.mat,results/noisy_channel_tradeoffs/server_full/rank/ldpc_rate/E2_0p1_Rc_0p3333/points/result_n_40_awgn_ebno_p4p5.mat,40,3120,62400,0.1,0.333333333333333,4.5,25,1000080,0,1000080,2.49980001599872e-05,0,2.49980001599872e-05,1.24990000799936e-05,120,0.132743820071975,3704,2000160,pilot; adaptive/event-or-cap stopping
rank,ldpc_rate,results/noisy_channel_tradeoffs/server_full/rank/ldpc_rate/summary_noisy_channel_tradeoff.mat,results/noisy_channel_tradeoffs/server_full/rank/ldpc_rate/E2_0p1_Rc_0p3333/points/result_n_40_awgn_ebno_p4p75.mat,40,3120,62400,0.1,0.333333333333333,4.75,25,1000080,0,1000080,2.49980001599872e-05,0,2.49980001599872e-05,1.24990000799936e-05,120,0.132743820071975,3704,2000160,pilot; adaptive/event-or-cap stopping
rank,ldpc_rate,results/noisy_channel_tradeoffs/server_full/rank/ldpc_rate/summary_noisy_channel_tradeoff.mat,results/noisy_channel_tradeoffs/server_full/rank/ldpc_rate/E2_0p1_Rc_0p3333/points/result_n_40_awgn_ebno_p5p0.mat,40,3120,62400,0.1,0.333333333333333,5,25,1000080,0,1000080,2.49980001599872e-05,0,2.49980001599872e-05,1.24990000799936e-05,120,0.132743820071975,3704,2000160,pilot; adaptive/event-or-cap stopping
rank,ldpc_rate,results/noisy_channel_tradeoffs/server_full/rank/ldpc_rate/summary_noisy_channel_tradeoff.mat,results/noisy_channel_tradeoffs/server_full/rank/ldpc_rate/E2_0p1_Rc_0p4/points/result_n_40_awgn_ebno_p0p0.mat,40,3120,62400,0.1,0.4,0,21,1000512,998581,1000512,2.09892535022069e-05,0.998069988166059,0.998069988166059,0.499045488709781,100,0.15929258408637,3088,2001024,pilot; adaptive/event-or-cap stopping
rank,ldpc_rate,results/noisy_channel_tradeoffs/server_full/rank/ldpc_rate/summary_noisy_channel_tradeoff.mat,results/noisy_channel_tradeoffs/server_full/rank/ldpc_rate/E2_0p1_Rc_0p4/points/result_n_40_awgn_ebno_p0p25.mat,40,3120,62400,0.1,0.4,0.25,22,1000512,981586,1000512,2.19887417642167e-05,0.981083685153202,0.981083685153202,0.490552836947483,100,0.15929258408637,3088,2001024,pilot; adaptive/event-or-cap stopping
rank,ldpc_rate,results/noisy_channel_tradeoffs/server_full/rank/ldpc_rate/summary_noisy_channel_tradeoff.mat,results/noisy_channel_tradeoffs/server_full/rank/ldpc_rate/E2_0p1_Rc_0p4/points/result_n_40_awgn_ebno_p0p5.mat,40,3120,62400,0.1,0.4,0.5,19,1000512,276540,1000512,1.89902769781872e-05,0.276398483976204,0.276398483976204,0.138208737126591,100,0.15929258408637,3088,2001024,pilot; adaptive/event-or-cap stopping
rank,ldpc_rate,results/noisy_channel_tradeoffs/server_full/rank/ldpc_rate/summary_noisy_channel_tradeoff.mat,results/noisy_channel_tradeoffs/server_full/rank/ldpc_rate/E2_0p1_Rc_0p4/points/result_n_40_awgn_ebno_p0p75.mat,40,3120,62400,0.1,0.4,0.75,25,1000512,131484,1000512,2.49872065502463e-05,0.131416714642103,0.131416714642103,0.0657208509243268,100,0.15929258408637,3088,2001024,pilot; adaptive/event-or-cap stopping
rank,ldpc_rate,results/noisy_channel_tradeoffs/server_full/rank/ldpc_rate/summary_noisy_channel_tradeoff.mat,results/noisy_channel_tradeoffs/server_full/rank/ldpc_rate/E2_0p1_Rc_0p4/points/result_n_40_awgn_ebno_p1p0.mat,40,3120,62400,0.1,0.4,1,23,1000512,49035,1000512,2.29882300262266e-05,0.049009906927653,0.049009906927653,0.0245164475788396,100,0.15929258408637,3088,2001024,pilot; adaptive/event-or-cap stopping
rank,ldpc_rate,results/noisy_channel_tradeoffs/server_full/rank/ldpc_rate/summary_noisy_channel_tradeoff.mat,results/noisy_channel_tradeoffs/server_full/rank/ldpc_rate/E2_0p1_Rc_0p4/points/result_n_40_awgn_ebno_p1p25.mat,40,3120,62400,0.1,0.4,1.25,23,1000512,15195,1000512,2.29882300262266e-05,0.0151872241412397,0.0151872241412397,0.00760510618563296,100,0.15929258408637,3088,2001024,pilot; adaptive/event-or-cap stopping
rank,ldpc_rate,results/noisy_channel_tradeoffs/server_full/rank/ldpc_rate/summary_noisy_channel_tradeoff.mat,results/noisy_channel_tradeoffs/server_full/rank/ldpc_rate/E2_0p1_Rc_0p4/points/result_n_40_awgn_ebno_p1p5.mat,40,3120,62400,0.1,0.4,1.5,25,1000512,5007,1000512,2.49872065502463e-05,0.00500443772788332,0.00500443772788332,0.00251471246721678,100,0.15929258408637,3088,2001024,pilot; adaptive/event-or-cap stopping
rank,ldpc_rate,results/noisy_channel_tradeoffs/server_full/rank/ldpc_rate/summary_noisy_channel_tradeoff.mat,results/noisy_channel_tradeoffs/server_full/rank/ldpc_rate/E2_0p1_Rc_0p4/points/result_n_40_awgn_ebno_p1p75.mat,40,3120,62400,0.1,0.4,1.75,25,1000512,1442,1000512,2.49872065502463e-05,0.00144126207381821,0.00144126207381821,0.000733124640184226,100,0.15929258408637,3088,2001024,pilot; adaptive/event-or-cap stopping
rank,ldpc_rate,results/noisy_channel_tradeoffs/server_full/rank/ldpc_rate/summary_noisy_channel_tradeoff.mat,results/noisy_channel_tradeoffs/server_full/rank/ldpc_rate/E2_0p1_Rc_0p4/points/result_n_40_awgn_ebno_p2p0.mat,40,3120,62400,0.1,0.4,2,25,1000512,509,1000512,2.49872065502463e-05,0.000508739525363014,0.000508739525363014,0.00026686336595663,100,0.15929258408637,3088,2001024,pilot; adaptive/event-or-cap stopping
rank,ldpc_rate,results/noisy_channel_tradeoffs/server_full/rank/ldpc_rate/summary_noisy_channel_tradeoff.mat,results/noisy_channel_tradeoffs/server_full/rank/ldpc_rate/E2_0p1_Rc_0p4/points/result_n_40_awgn_ebno_p2p25.mat,40,3120,62400,0.1,0.4,2.25,25,1000512,149,1000512,2.49872065502463e-05,0.000148923751039468,0.000148923751039468,8.6955478794857e-05,100,0.15929258408637,3088,2001024,pilot; adaptive/event-or-cap stopping
rank,ldpc_rate,results/noisy_channel_tradeoffs/server_full/rank/ldpc_rate/summary_noisy_channel_tradeoff.mat,results/noisy_channel_tradeoffs/server_full/rank/ldpc_rate/E2_0p1_Rc_0p4/points/result_n_40_awgn_ebno_p2p5.mat,40,3120,62400,0.1,0.4,2.5,25,1000512,51,1000512,2.49872065502463e-05,5.09739013625024e-05,5.09739013625024e-05,3.79805539563743e-05,100,0.15929258408637,3088,2001024,pilot; adaptive/event-or-cap stopping
rank,ldpc_rate,results/noisy_channel_tradeoffs/server_full/rank/ldpc_rate/summary_noisy_channel_tradeoff.mat,results/noisy_channel_tradeoffs/server_full/rank/ldpc_rate/E2_0p1_Rc_0p4/points/result_n_40_awgn_ebno_p2p75.mat,40,3120,62400,0.1,0.4,2.75,25,1000512,16,1000512,2.49872065502463e-05,1.59918121921576e-05,2.49872065502463e-05,2.04895093712019e-05,100,0.15929258408637,3088,2001024,pilot; adaptive/event-or-cap stopping
rank,ldpc_rate,results/noisy_channel_tradeoffs/server_full/rank/ldpc_rate/summary_noisy_channel_tradeoff.mat,results/noisy_channel_tradeoffs/server_full/rank/ldpc_rate/E2_0p1_Rc_0p4/points/result_n_40_awgn_ebno_p3p0.mat,40,3120,62400,0.1,0.4,3,25,1000512,6,1000512,2.49872065502463e-05,5.99692957205911e-06,2.49872065502463e-05,1.54920680611527e-05,100,0.15929258408637,3088,2001024,pilot; adaptive/event-or-cap stopping
rank,ldpc_rate,results/noisy_channel_tradeoffs/server_full/rank/ldpc_rate/summary_noisy_channel_tradeoff.mat,results/noisy_channel_tradeoffs/server_full/rank/ldpc_rate/E2_0p1_Rc_0p4/points/result_n_40_awgn_ebno_p3p25.mat,40,3120,62400,0.1,0.4,3.25,25,1000512,0,1000512,2.49872065502463e-05,0,2.49872065502463e-05,1.24936032751231e-05,100,0.15929258408637,3088,2001024,pilot; adaptive/event-or-cap stopping
rank,ldpc_rate,results/noisy_channel_tradeoffs/server_full/rank/ldpc_rate/summary_noisy_channel_tradeoff.mat,results/noisy_channel_tradeoffs/server_full/rank/ldpc_rate/E2_0p1_Rc_0p4/points/result_n_40_awgn_ebno_p3p5.mat,40,3120,62400,0.1,0.4,3.5,25,1000512,0,1000512,2.49872065502463e-05,0,2.49872065502463e-05,1.24936032751231e-05,100,0.15929258408637,3088,2001024,pilot; adaptive/event-or-cap stopping
rank,ldpc_rate,results/noisy_channel_tradeoffs/server_full/rank/ldpc_rate/summary_noisy_channel_tradeoff.mat,results/noisy_channel_tradeoffs/server_full/rank/ldpc_rate/E2_0p1_Rc_0p4/points/result_n_40_awgn_ebno_p3p75.mat,40,3120,62400,0.1,0.4,3.75,25,1000512,1,1000512,2.49872065502463e-05,9.99488262009851e-07,2.49872065502463e-05,1.29933474061281e-05,100,0.15929258408637,3088,2001024,pilot; adaptive/event-or-cap stopping
rank,ldpc_rate,results/noisy_channel_tradeoffs/server_full/rank/ldpc_rate/summary_noisy_channel_tradeoff.mat,results/noisy_channel_tradeoffs/server_full/rank/ldpc_rate/E2_0p1_Rc_0p4/points/result_n_40_awgn_ebno_p4p0.mat,40,3120,62400,0.1,0.4,4,25,1000512,0,1000512,2.49872065502463e-05,0,2.49872065502463e-05,1.24936032751231e-05,100,0.15929258408637,3088,2001024,pilot; adaptive/event-or-cap stopping
rank,ldpc_rate,results/noisy_channel_tradeoffs/server_full/rank/ldpc_rate/summary_noisy_channel_tradeoff.mat,results/noisy_channel_tradeoffs/server_full/rank/ldpc_rate/E2_0p1_Rc_0p4/points/result_n_40_awgn_ebno_p4p25.mat,40,3120,62400,0.1,0.4,4.25,25,1000512,0,1000512,2.49872065502463e-05,0,2.49872065502463e-05,1.24936032751231e-05,100,0.15929258408637,3088,2001024,pilot; adaptive/event-or-cap stopping
rank,ldpc_rate,results/noisy_channel_tradeoffs/server_full/rank/ldpc_rate/summary_noisy_channel_tradeoff.mat,results/noisy_channel_tradeoffs/server_full/rank/ldpc_rate/E2_0p1_Rc_0p4/points/result_n_40_awgn_ebno_p4p5.mat,40,3120,62400,0.1,0.4,4.5,25,1000512,0,1000512,2.49872065502463e-05,0,2.49872065502463e-05,1.24936032751231e-05,100,0.15929258408637,3088,2001024,pilot; adaptive/event-or-cap stopping
rank,ldpc_rate,results/noisy_channel_tradeoffs/server_full/rank/ldpc_rate/summary_noisy_channel_tradeoff.mat,results/noisy_channel_tradeoffs/server_full/rank/ldpc_rate/E2_0p1_Rc_0p4/points/result_n_40_awgn_ebno_p4p75.mat,40,3120,62400,0.1,0.4,4.75,25,1000512,0,1000512,2.49872065502463e-05,0,2.49872065502463e-05,1.24936032751231e-05,100,0.15929258408637,3088,2001024,pilot; adaptive/event-or-cap stopping
rank,ldpc_rate,results/noisy_channel_tradeoffs/server_full/rank/ldpc_rate/summary_noisy_channel_tradeoff.mat,results/noisy_channel_tradeoffs/server_full/rank/ldpc_rate/E2_0p1_Rc_0p4/points/result_n_40_awgn_ebno_p5p0.mat,40,3120,62400,0.1,0.4,5,25,1000512,0,1000512,2.49872065502463e-05,0,2.49872065502463e-05,1.24936032751231e-05,100,0.15929258408637,3088,2001024,pilot; adaptive/event-or-cap stopping
rank,ldpc_rate,results/noisy_channel_tradeoffs/server_full/rank/ldpc_rate/summary_noisy_channel_tradeoff.mat,results/noisy_channel_tradeoffs/server_full/rank/ldpc_rate/E2_0p1_Rc_0p5/points/result_n_40_awgn_ebno_p0p0.mat,40,3120,62400,0.1,0.5,0,20,1001160,998009,1001160,1.99768268808183e-05,0.996852650924927,0.996852650924927,0.498436313875904,80,0.199115730107962,2472,2002320,pilot; adaptive/event-or-cap stopping
rank,ldpc_rate,results/noisy_channel_tradeoffs/server_full/rank/ldpc_rate/summary_noisy_channel_tradeoff.mat,results/noisy_channel_tradeoffs/server_full/rank/ldpc_rate/E2_0p1_Rc_0p5/points/result_n_40_awgn_ebno_p0p25.mat,40,3120,62400,0.1,0.5,0.25,9,1001160,995824,1001160,8.98957209636821e-06,0.994670182588198,0.994670182588198,0.497339586080147,80,0.199115730107962,2472,2002320,pilot; adaptive/event-or-cap stopping
rank,ldpc_rate,results/noisy_channel_tradeoffs/server_full/rank/ldpc_rate/summary_noisy_channel_tradeoff.mat,results/noisy_channel_tradeoffs/server_full/rank/ldpc_rate/E2_0p1_Rc_0p5/points/result_n_40_awgn_ebno_p0p5.mat,40,3120,62400,0.1,0.5,0.5,12,1001160,989465,1001160,1.1986096128491e-05,0.988318550481442,0.988318550481442,0.494165268288785,80,0.199115730107962,2472,2002320,pilot; adaptive/event-or-cap stopping
rank,ldpc_rate,results/noisy_channel_tradeoffs/server_full/rank/ldpc_rate/summary_noisy_channel_tradeoff.mat,results/noisy_channel_tradeoffs/server_full/rank/ldpc_rate/E2_0p1_Rc_0p5/points/result_n_40_awgn_ebno_p0p75.mat,40,3120,62400,0.1,0.5,0.75,24,1001160,768220,1001160,2.39721922569819e-05,0.76732989731911,0.76732989731911,0.383676934755683,80,0.199115730107962,2472,2002320,pilot; adaptive/event-or-cap stopping
rank,ldpc_rate,results/noisy_channel_tradeoffs/server_full/rank/ldpc_rate/summary_noisy_channel_tradeoff.mat,results/noisy_channel_tradeoffs/server_full/rank/ldpc_rate/E2_0p1_Rc_0p5/points/result_n_40_awgn_ebno_p1p0.mat,40,3120,62400,0.1,0.5,1,26,1001160,4635,1001160,2.59698749450637e-05,0.00462962962962963,0.00462962962962963,0.00232779975228735,80,0.199115730107962,2472,2002320,pilot; adaptive/event-or-cap stopping
rank,ldpc_rate,results/noisy_channel_tradeoffs/server_full/rank/ldpc_rate/summary_noisy_channel_tradeoff.mat,results/noisy_channel_tradeoffs/server_full/rank/ldpc_rate/E2_0p1_Rc_0p5/points/result_n_40_awgn_ebno_p1p25.mat,40,3120,62400,0.1,0.5,1.25,25,1001160,861,1001160,2.49710336010228e-05,0.000860002397219226,0.000860002397219226,0.000442486715410124,80,0.199115730107962,2472,2002320,pilot; adaptive/event-or-cap stopping
rank,ldpc_rate,results/noisy_channel_tradeoffs/server_full/rank/ldpc_rate/summary_noisy_channel_tradeoff.mat,results/noisy_channel_tradeoffs/server_full/rank/ldpc_rate/E2_0p1_Rc_0p5/points/result_n_40_awgn_ebno_p1p5.mat,40,3120,62400,0.1,0.5,1.5,25,1001160,173,1001160,2.49710336010228e-05,0.000172799552519078,0.000172799552519078,9.88852930600503e-05,80,0.199115730107962,2472,2002320,pilot; adaptive/event-or-cap stopping
rank,ldpc_rate,results/noisy_channel_tradeoffs/server_full/rank/ldpc_rate/summary_noisy_channel_tradeoff.mat,results/noisy_channel_tradeoffs/server_full/rank/ldpc_rate/E2_0p1_Rc_0p5/points/result_n_40_awgn_ebno_p1p75.mat,40,3120,62400,0.1,0.5,1.75,25,1001160,51,1001160,2.49710336010228e-05,5.09409085460865e-05,5.09409085460865e-05,3.79559710735547e-05,80,0.199115730107962,2472,2002320,pilot; adaptive/event-or-cap stopping
rank,ldpc_rate,results/noisy_channel_tradeoffs/server_full/rank/ldpc_rate/summary_noisy_channel_tradeoff.mat,results/noisy_channel_tradeoffs/server_full/rank/ldpc_rate/E2_0p1_Rc_0p5/points/result_n_40_awgn_ebno_p2p0.mat,40,3120,62400,0.1,0.5,2,25,1001160,8,1001160,2.49710336010228e-05,7.9907307523273e-06,2.49710336010228e-05,1.64808821766751e-05,80,0.199115730107962,2472,2002320,pilot; adaptive/event-or-cap stopping
rank,ldpc_rate,results/noisy_channel_tradeoffs/server_full/rank/ldpc_rate/summary_noisy_channel_tradeoff.mat,results/noisy_channel_tradeoffs/server_full/rank/ldpc_rate/E2_0p1_Rc_0p5/points/result_n_40_awgn_ebno_p2p25.mat,40,3120,62400,0.1,0.5,2.25,25,1001160,7,1001160,2.49710336010228e-05,6.99188940828639e-06,2.49710336010228e-05,1.59814615046546e-05,80,0.199115730107962,2472,2002320,pilot; adaptive/event-or-cap stopping
rank,ldpc_rate,results/noisy_channel_tradeoffs/server_full/rank/ldpc_rate/summary_noisy_channel_tradeoff.mat,results/noisy_channel_tradeoffs/server_full/rank/ldpc_rate/E2_0p1_Rc_0p5/points/result_n_40_awgn_ebno_p2p5.mat,40,3120,62400,0.1,0.5,2.5,25,1001160,1,1001160,2.49710336010228e-05,9.98841344040912e-07,2.49710336010228e-05,1.29849374725319e-05,80,0.199115730107962,2472,2002320,pilot; adaptive/event-or-cap stopping
rank,ldpc_rate,results/noisy_channel_tradeoffs/server_full/rank/ldpc_rate/summary_noisy_channel_tradeoff.mat,results/noisy_channel_tradeoffs/server_full/rank/ldpc_rate/E2_0p1_Rc_0p5/points/result_n_40_awgn_ebno_p2p75.mat,40,3120,62400,0.1,0.5,2.75,25,1001160,0,1001160,2.49710336010228e-05,0,2.49710336010228e-05,1.24855168005114e-05,80,0.199115730107962,2472,2002320,pilot; adaptive/event-or-cap stopping
rank,ldpc_rate,results/noisy_channel_tradeoffs/server_full/rank/ldpc_rate/summary_noisy_channel_tradeoff.mat,results/noisy_channel_tradeoffs/server_full/rank/ldpc_rate/E2_0p1_Rc_0p5/points/result_n_40_awgn_ebno_p3p0.mat,40,3120,62400,0.1,0.5,3,25,1001160,0,1001160,2.49710336010228e-05,0,2.49710336010228e-05,1.24855168005114e-05,80,0.199115730107962,2472,2002320,pilot; adaptive/event-or-cap stopping
rank,ldpc_rate,results/noisy_channel_tradeoffs/server_full/rank/ldpc_rate/summary_noisy_channel_tradeoff.mat,results/noisy_channel_tradeoffs/server_full/rank/ldpc_rate/E2_0p1_Rc_0p5/points/result_n_40_awgn_ebno_p3p25.mat,40,3120,62400,0.1,0.5,3.25,25,1001160,0,1001160,2.49710336010228e-05,0,2.49710336010228e-05,1.24855168005114e-05,80,0.199115730107962,2472,2002320,pilot; adaptive/event-or-cap stopping
rank,ldpc_rate,results/noisy_channel_tradeoffs/server_full/rank/ldpc_rate/summary_noisy_channel_tradeoff.mat,results/noisy_channel_tradeoffs/server_full/rank/ldpc_rate/E2_0p1_Rc_0p5/points/result_n_40_awgn_ebno_p3p5.mat,40,3120,62400,0.1,0.5,3.5,25,1001160,0,1001160,2.49710336010228e-05,0,2.49710336010228e-05,1.24855168005114e-05,80,0.199115730107962,2472,2002320,pilot; adaptive/event-or-cap stopping
rank,ldpc_rate,results/noisy_channel_tradeoffs/server_full/rank/ldpc_rate/summary_noisy_channel_tradeoff.mat,results/noisy_channel_tradeoffs/server_full/rank/ldpc_rate/E2_0p1_Rc_0p5/points/result_n_40_awgn_ebno_p3p75.mat,40,3120,62400,0.1,0.5,3.75,25,1001160,0,1001160,2.49710336010228e-05,0,2.49710336010228e-05,1.24855168005114e-05,80,0.199115730107962,2472,2002320,pilot; adaptive/event-or-cap stopping
rank,ldpc_rate,results/noisy_channel_tradeoffs/server_full/rank/ldpc_rate/summary_noisy_channel_tradeoff.mat,results/noisy_channel_tradeoffs/server_full/rank/ldpc_rate/E2_0p1_Rc_0p5/points/result_n_40_awgn_ebno_p4p0.mat,40,3120,62400,0.1,0.5,4,25,1001160,0,1001160,2.49710336010228e-05,0,2.49710336010228e-05,1.24855168005114e-05,80,0.199115730107962,2472,2002320,pilot; adaptive/event-or-cap stopping
rank,ldpc_rate,results/noisy_channel_tradeoffs/server_full/rank/ldpc_rate/summary_noisy_channel_tradeoff.mat,results/noisy_channel_tradeoffs/server_full/rank/ldpc_rate/E2_0p1_Rc_0p5/points/result_n_40_awgn_ebno_p4p25.mat,40,3120,62400,0.1,0.5,4.25,25,1001160,0,1001160,2.49710336010228e-05,0,2.49710336010228e-05,1.24855168005114e-05,80,0.199115730107962,2472,2002320,pilot; adaptive/event-or-cap stopping
rank,ldpc_rate,results/noisy_channel_tradeoffs/server_full/rank/ldpc_rate/summary_noisy_channel_tradeoff.mat,results/noisy_channel_tradeoffs/server_full/rank/ldpc_rate/E2_0p1_Rc_0p5/points/result_n_40_awgn_ebno_p4p5.mat,40,3120,62400,0.1,0.5,4.5,25,1001160,0,1001160,2.49710336010228e-05,0,2.49710336010228e-05,1.24855168005114e-05,80,0.199115730107962,2472,2002320,pilot; adaptive/event-or-cap stopping
rank,ldpc_rate,results/noisy_channel_tradeoffs/server_full/rank/ldpc_rate/summary_noisy_channel_tradeoff.mat,results/noisy_channel_tradeoffs/server_full/rank/ldpc_rate/E2_0p1_Rc_0p5/points/result_n_40_awgn_ebno_p4p75.mat,40,3120,62400,0.1,0.5,4.75,25,1001160,0,1001160,2.49710336010228e-05,0,2.49710336010228e-05,1.24855168005114e-05,80,0.199115730107962,2472,2002320,pilot; adaptive/event-or-cap stopping
rank,ldpc_rate,results/noisy_channel_tradeoffs/server_full/rank/ldpc_rate/summary_noisy_channel_tradeoff.mat,results/noisy_channel_tradeoffs/server_full/rank/ldpc_rate/E2_0p1_Rc_0p5/points/result_n_40_awgn_ebno_p5p0.mat,40,3120,62400,0.1,0.5,5,25,1001160,0,1001160,2.49710336010228e-05,0,2.49710336010228e-05,1.24855168005114e-05,80,0.199115730107962,2472,2002320,pilot; adaptive/event-or-cap stopping
rank,ldpc_rate,results/noisy_channel_tradeoffs/server_full/rank/ldpc_rate/summary_noisy_channel_tradeoff.mat,results/noisy_channel_tradeoffs/server_full/rank/ldpc_rate/E2_0p1_Rc_0p6/points/result_n_40_awgn_ebno_p0p0.mat,40,3120,62400,0.1,0.6,0,22,1001160,998027,1001160,2.19745095689001e-05,0.99687063006912,0.99687063006912,0.498446302289344,66.6666666666667,0.238938876129555,2060,2002320,pilot; adaptive/event-or-cap stopping
rank,ldpc_rate,results/noisy_channel_tradeoffs/server_full/rank/ldpc_rate/summary_noisy_channel_tradeoff.mat,results/noisy_channel_tradeoffs/server_full/rank/ldpc_rate/E2_0p1_Rc_0p6/points/result_n_40_awgn_ebno_p0p25.mat,40,3120,62400,0.1,0.6,0.25,21,1001160,997177,1001160,2.09756682248592e-05,0.996021614926685,0.996021614926685,0.498021295297455,66.6666666666667,0.238938876129555,2060,2002320,pilot; adaptive/event-or-cap stopping
rank,ldpc_rate,results/noisy_channel_tradeoffs/server_full/rank/ldpc_rate/summary_noisy_channel_tradeoff.mat,results/noisy_channel_tradeoffs/server_full/rank/ldpc_rate/E2_0p1_Rc_0p6/points/result_n_40_awgn_ebno_p0p5.mat,40,3120,62400,0.1,0.6,0.5,15,1001160,996018,1001160,1.49826201606137e-05,0.994863957808942,0.994863957808942,0.497439470214551,66.6666666666667,0.238938876129555,2060,2002320,pilot; adaptive/event-or-cap stopping
rank,ldpc_rate,results/noisy_channel_tradeoffs/server_full/rank/ldpc_rate/summary_noisy_channel_tradeoff.mat,results/noisy_channel_tradeoffs/server_full/rank/ldpc_rate/E2_0p1_Rc_0p6/points/result_n_40_awgn_ebno_p0p75.mat,40,3120,62400,0.1,0.6,0.75,21,1001160,994050,1001160,2.09756682248592e-05,0.992898238043869,0.992898238043869,0.496459606856047,66.6666666666667,0.238938876129555,2060,2002320,pilot; adaptive/event-or-cap stopping
rank,ldpc_rate,results/noisy_channel_tradeoffs/server_full/rank/ldpc_rate/summary_noisy_channel_tradeoff.mat,results/noisy_channel_tradeoffs/server_full/rank/ldpc_rate/E2_0p1_Rc_0p6/points/result_n_40_awgn_ebno_p1p0.mat,40,3120,62400,0.1,0.6,1,17,1001160,990675,1001160,1.69803028486955e-05,0.989527148507731,0.989527148507731,0.49477206440529,66.6666666666667,0.238938876129555,2060,2002320,pilot; adaptive/event-or-cap stopping
rank,ldpc_rate,results/noisy_channel_tradeoffs/server_full/rank/ldpc_rate/summary_noisy_channel_tradeoff.mat,results/noisy_channel_tradeoffs/server_full/rank/ldpc_rate/E2_0p1_Rc_0p6/points/result_n_40_awgn_ebno_p1p25.mat,40,3120,62400,0.1,0.6,1.25,21,1001160,983597,1001160,2.09756682248592e-05,0.982457349474609,0.982457349474609,0.491239162571417,66.6666666666667,0.238938876129555,2060,2002320,pilot; adaptive/event-or-cap stopping
rank,ldpc_rate,results/noisy_channel_tradeoffs/server_full/rank/ldpc_rate/summary_noisy_channel_tradeoff.mat,results/noisy_channel_tradeoffs/server_full/rank/ldpc_rate/E2_0p1_Rc_0p6/points/result_n_40_awgn_ebno_p1p5.mat,40,3120,62400,0.1,0.6,1.5,25,1001160,69511,1001160,2.49710336010228e-05,0.0694304606656279,0.0694304606656279,0.0347277158496144,66.6666666666667,0.238938876129555,2060,2002320,pilot; adaptive/event-or-cap stopping
rank,ldpc_rate,results/noisy_channel_tradeoffs/server_full/rank/ldpc_rate/summary_noisy_channel_tradeoff.mat,results/noisy_channel_tradeoffs/server_full/rank/ldpc_rate/E2_0p1_Rc_0p6/points/result_n_40_awgn_ebno_p1p75.mat,40,3120,62400,0.1,0.6,1.75,25,1001160,0,1001160,2.49710336010228e-05,0,2.49710336010228e-05,1.24855168005114e-05,66.6666666666667,0.238938876129555,2060,2002320,pilot; adaptive/event-or-cap stopping
rank,ldpc_rate,results/noisy_channel_tradeoffs/server_full/rank/ldpc_rate/summary_noisy_channel_tradeoff.mat,results/noisy_channel_tradeoffs/server_full/rank/ldpc_rate/E2_0p1_Rc_0p6/points/result_n_40_awgn_ebno_p2p0.mat,40,3120,62400,0.1,0.6,2,25,1001160,1,1001160,2.49710336010228e-05,9.98841344040912e-07,2.49710336010228e-05,1.29849374725319e-05,66.6666666666667,0.238938876129555,2060,2002320,pilot; adaptive/event-or-cap stopping
rank,ldpc_rate,results/noisy_channel_tradeoffs/server_full/rank/ldpc_rate/summary_noisy_channel_tradeoff.mat,results/noisy_channel_tradeoffs/server_full/rank/ldpc_rate/E2_0p1_Rc_0p6/points/result_n_40_awgn_ebno_p2p25.mat,40,3120,62400,0.1,0.6,2.25,25,1001160,0,1001160,2.49710336010228e-05,0,2.49710336010228e-05,1.24855168005114e-05,66.6666666666667,0.238938876129555,2060,2002320,pilot; adaptive/event-or-cap stopping
rank,ldpc_rate,results/noisy_channel_tradeoffs/server_full/rank/ldpc_rate/summary_noisy_channel_tradeoff.mat,results/noisy_channel_tradeoffs/server_full/rank/ldpc_rate/E2_0p1_Rc_0p6/points/result_n_40_awgn_ebno_p2p5.mat,40,3120,62400,0.1,0.6,2.5,25,1001160,0,1001160,2.49710336010228e-05,0,2.49710336010228e-05,1.24855168005114e-05,66.6666666666667,0.238938876129555,2060,2002320,pilot; adaptive/event-or-cap stopping
rank,ldpc_rate,results/noisy_channel_tradeoffs/server_full/rank/ldpc_rate/summary_noisy_channel_tradeoff.mat,results/noisy_channel_tradeoffs/server_full/rank/ldpc_rate/E2_0p1_Rc_0p6/points/result_n_40_awgn_ebno_p2p75.mat,40,3120,62400,0.1,0.6,2.75,25,1001160,0,1001160,2.49710336010228e-05,0,2.49710336010228e-05,1.24855168005114e-05,66.6666666666667,0.238938876129555,2060,2002320,pilot; adaptive/event-or-cap stopping
rank,ldpc_rate,results/noisy_channel_tradeoffs/server_full/rank/ldpc_rate/summary_noisy_channel_tradeoff.mat,results/noisy_channel_tradeoffs/server_full/rank/ldpc_rate/E2_0p1_Rc_0p6/points/result_n_40_awgn_ebno_p3p0.mat,40,3120,62400,0.1,0.6,3,25,1001160,0,1001160,2.49710336010228e-05,0,2.49710336010228e-05,1.24855168005114e-05,66.6666666666667,0.238938876129555,2060,2002320,pilot; adaptive/event-or-cap stopping
rank,ldpc_rate,results/noisy_channel_tradeoffs/server_full/rank/ldpc_rate/summary_noisy_channel_tradeoff.mat,results/noisy_channel_tradeoffs/server_full/rank/ldpc_rate/E2_0p1_Rc_0p6/points/result_n_40_awgn_ebno_p3p25.mat,40,3120,62400,0.1,0.6,3.25,25,1001160,0,1001160,2.49710336010228e-05,0,2.49710336010228e-05,1.24855168005114e-05,66.6666666666667,0.238938876129555,2060,2002320,pilot; adaptive/event-or-cap stopping
rank,ldpc_rate,results/noisy_channel_tradeoffs/server_full/rank/ldpc_rate/summary_noisy_channel_tradeoff.mat,results/noisy_channel_tradeoffs/server_full/rank/ldpc_rate/E2_0p1_Rc_0p6/points/result_n_40_awgn_ebno_p3p5.mat,40,3120,62400,0.1,0.6,3.5,25,1001160,0,1001160,2.49710336010228e-05,0,2.49710336010228e-05,1.24855168005114e-05,66.6666666666667,0.238938876129555,2060,2002320,pilot; adaptive/event-or-cap stopping
rank,ldpc_rate,results/noisy_channel_tradeoffs/server_full/rank/ldpc_rate/summary_noisy_channel_tradeoff.mat,results/noisy_channel_tradeoffs/server_full/rank/ldpc_rate/E2_0p1_Rc_0p6/points/result_n_40_awgn_ebno_p3p75.mat,40,3120,62400,0.1,0.6,3.75,25,1001160,0,1001160,2.49710336010228e-05,0,2.49710336010228e-05,1.24855168005114e-05,66.6666666666667,0.238938876129555,2060,2002320,pilot; adaptive/event-or-cap stopping
rank,ldpc_rate,results/noisy_channel_tradeoffs/server_full/rank/ldpc_rate/summary_noisy_channel_tradeoff.mat,results/noisy_channel_tradeoffs/server_full/rank/ldpc_rate/E2_0p1_Rc_0p6/points/result_n_40_awgn_ebno_p4p0.mat,40,3120,62400,0.1,0.6,4,25,1001160,0,1001160,2.49710336010228e-05,0,2.49710336010228e-05,1.24855168005114e-05,66.6666666666667,0.238938876129555,2060,2002320,pilot; adaptive/event-or-cap stopping
rank,ldpc_rate,results/noisy_channel_tradeoffs/server_full/rank/ldpc_rate/summary_noisy_channel_tradeoff.mat,results/noisy_channel_tradeoffs/server_full/rank/ldpc_rate/E2_0p1_Rc_0p6/points/result_n_40_awgn_ebno_p4p25.mat,40,3120,62400,0.1,0.6,4.25,25,1001160,0,1001160,2.49710336010228e-05,0,2.49710336010228e-05,1.24855168005114e-05,66.6666666666667,0.238938876129555,2060,2002320,pilot; adaptive/event-or-cap stopping
rank,ldpc_rate,results/noisy_channel_tradeoffs/server_full/rank/ldpc_rate/summary_noisy_channel_tradeoff.mat,results/noisy_channel_tradeoffs/server_full/rank/ldpc_rate/E2_0p1_Rc_0p6/points/result_n_40_awgn_ebno_p4p5.mat,40,3120,62400,0.1,0.6,4.5,25,1001160,0,1001160,2.49710336010228e-05,0,2.49710336010228e-05,1.24855168005114e-05,66.6666666666667,0.238938876129555,2060,2002320,pilot; adaptive/event-or-cap stopping
rank,ldpc_rate,results/noisy_channel_tradeoffs/server_full/rank/ldpc_rate/summary_noisy_channel_tradeoff.mat,results/noisy_channel_tradeoffs/server_full/rank/ldpc_rate/E2_0p1_Rc_0p6/points/result_n_40_awgn_ebno_p4p75.mat,40,3120,62400,0.1,0.6,4.75,25,1001160,0,1001160,2.49710336010228e-05,0,2.49710336010228e-05,1.24855168005114e-05,66.6666666666667,0.238938876129555,2060,2002320,pilot; adaptive/event-or-cap stopping
rank,ldpc_rate,results/noisy_channel_tradeoffs/server_full/rank/ldpc_rate/summary_noisy_channel_tradeoff.mat,results/noisy_channel_tradeoffs/server_full/rank/ldpc_rate/E2_0p1_Rc_0p6/points/result_n_40_awgn_ebno_p5p0.mat,40,3120,62400,0.1,0.6,5,25,1001160,0,1001160,2.49710336010228e-05,0,2.49710336010228e-05,1.24855168005114e-05,66.6666666666667,0.238938876129555,2060,2002320,pilot; adaptive/event-or-cap stopping
rank,ldpc_rate,results/noisy_channel_tradeoffs/server_full/rank/ldpc_rate/summary_noisy_channel_tradeoff.mat,results/noisy_channel_tradeoffs/server_full/rank/ldpc_rate/E2_0p1_Rc_0p6667/points/result_n_40_awgn_ebno_p0p0.mat,40,3120,62400,0.1,0.666666666666667,0,14,1000080,993100,1000080,1.39988800895928e-05,0.993020558355332,0.993020558355332,0.496517278617711,60,0.26548764014395,1852,2000160,pilot; adaptive/event-or-cap stopping
rank,ldpc_rate,results/noisy_channel_tradeoffs/server_full/rank/ldpc_rate/summary_noisy_channel_tradeoff.mat,results/noisy_channel_tradeoffs/server_full/rank/ldpc_rate/E2_0p1_Rc_0p6667/points/result_n_40_awgn_ebno_p0p25.mat,40,3120,62400,0.1,0.666666666666667,0.25,27,1000080,990068,1000080,2.69978401727862e-05,0.989988800895928,0.989988800895928,0.495007899368051,60,0.26548764014395,1852,2000160,pilot; adaptive/event-or-cap stopping
rank,ldpc_rate,results/noisy_channel_tradeoffs/server_full/rank/ldpc_rate/summary_noisy_channel_tradeoff.mat,results/noisy_channel_tradeoffs/server_full/rank/ldpc_rate/E2_0p1_Rc_0p6667/points/result_n_40_awgn_ebno_p0p5.mat,40,3120,62400,0.1,0.666666666666667,0.5,20,1000080,984724,1000080,1.99984001279898e-05,0.984645228381729,0.984645228381729,0.492332613390929,60,0.26548764014395,1852,2000160,pilot; adaptive/event-or-cap stopping
rank,ldpc_rate,results/noisy_channel_tradeoffs/server_full/rank/ldpc_rate/summary_noisy_channel_tradeoff.mat,results/noisy_channel_tradeoffs/server_full/rank/ldpc_rate/E2_0p1_Rc_0p6667/points/result_n_40_awgn_ebno_p0p75.mat,40,3120,62400,0.1,0.666666666666667,0.75,24,1000080,974469,1000080,2.39980801535877e-05,0.974391048716103,0.974391048716103,0.487207523398128,60,0.26548764014395,1852,2000160,pilot; adaptive/event-or-cap stopping
rank,ldpc_rate,results/noisy_channel_tradeoffs/server_full/rank/ldpc_rate/summary_noisy_channel_tradeoff.mat,results/noisy_channel_tradeoffs/server_full/rank/ldpc_rate/E2_0p1_Rc_0p6667/points/result_n_40_awgn_ebno_p1p0.mat,40,3120,62400,0.1,0.666666666666667,1,16,1000080,949295,1000080,1.59987201023918e-05,0.949219062475002,0.949219062475002,0.474617530597552,60,0.26548764014395,1852,2000160,pilot; adaptive/event-or-cap stopping
rank,ldpc_rate,results/noisy_channel_tradeoffs/server_full/rank/ldpc_rate/summary_noisy_channel_tradeoff.mat,results/noisy_channel_tradeoffs/server_full/rank/ldpc_rate/E2_0p1_Rc_0p6667/points/result_n_40_awgn_ebno_p1p25.mat,40,3120,62400,0.1,0.666666666666667,1.25,24,1000080,876557,1000080,2.39980801535877e-05,0.876486881049516,0.876486881049516,0.438255439564835,60,0.26548764014395,1852,2000160,pilot; adaptive/event-or-cap stopping
rank,ldpc_rate,results/noisy_channel_tradeoffs/server_full/rank/ldpc_rate/summary_noisy_channel_tradeoff.mat,results/noisy_channel_tradeoffs/server_full/rank/ldpc_rate/E2_0p1_Rc_0p6667/points/result_n_40_awgn_ebno_p1p5.mat,40,3120,62400,0.1,0.666666666666667,1.5,25,1000080,671227,1000080,2.49980001599872e-05,0.671173306135509,0.671173306135509,0.335599152067835,60,0.26548764014395,1852,2000160,pilot; adaptive/event-or-cap stopping
rank,ldpc_rate,results/noisy_channel_tradeoffs/server_full/rank/ldpc_rate/summary_noisy_channel_tradeoff.mat,results/noisy_channel_tradeoffs/server_full/rank/ldpc_rate/E2_0p1_Rc_0p6667/points/result_n_40_awgn_ebno_p1p75.mat,40,3120,62400,0.1,0.666666666666667,1.75,25,1000080,100379,1000080,2.49980001599872e-05,0.100370970322374,0.100370970322374,0.0501979841612671,60,0.26548764014395,1852,2000160,pilot; adaptive/event-or-cap stopping
rank,ldpc_rate,results/noisy_channel_tradeoffs/server_full/rank/ldpc_rate/summary_noisy_channel_tradeoff.mat,results/noisy_channel_tradeoffs/server_full/rank/ldpc_rate/E2_0p1_Rc_0p6667/points/result_n_40_awgn_ebno_p2p0.mat,40,3120,62400,0.1,0.666666666666667,2,25,1000080,8,1000080,2.49980001599872e-05,7.9993600511959e-06,2.49980001599872e-05,1.64986801055916e-05,60,0.26548764014395,1852,2000160,pilot; adaptive/event-or-cap stopping
rank,ldpc_rate,results/noisy_channel_tradeoffs/server_full/rank/ldpc_rate/summary_noisy_channel_tradeoff.mat,results/noisy_channel_tradeoffs/server_full/rank/ldpc_rate/E2_0p1_Rc_0p6667/points/result_n_40_awgn_ebno_p2p25.mat,40,3120,62400,0.1,0.666666666666667,2.25,25,1000080,7,1000080,2.49980001599872e-05,6.99944004479642e-06,2.49980001599872e-05,1.59987201023918e-05,60,0.26548764014395,1852,2000160,pilot; adaptive/event-or-cap stopping
rank,ldpc_rate,results/noisy_channel_tradeoffs/server_full/rank/ldpc_rate/summary_noisy_channel_tradeoff.mat,results/noisy_channel_tradeoffs/server_full/rank/ldpc_rate/E2_0p1_Rc_0p6667/points/result_n_40_awgn_ebno_p2p5.mat,40,3120,62400,0.1,0.666666666666667,2.5,25,1000080,1,1000080,2.49980001599872e-05,9.99920006399488e-07,2.49980001599872e-05,1.29989600831933e-05,60,0.26548764014395,1852,2000160,pilot; adaptive/event-or-cap stopping
rank,ldpc_rate,results/noisy_channel_tradeoffs/server_full/rank/ldpc_rate/summary_noisy_channel_tradeoff.mat,results/noisy_channel_tradeoffs/server_full/rank/ldpc_rate/E2_0p1_Rc_0p6667/points/result_n_40_awgn_ebno_p2p75.mat,40,3120,62400,0.1,0.666666666666667,2.75,25,1000080,2,1000080,2.49980001599872e-05,1.99984001279898e-06,2.49980001599872e-05,1.34989200863931e-05,60,0.26548764014395,1852,2000160,pilot; adaptive/event-or-cap stopping
rank,ldpc_rate,results/noisy_channel_tradeoffs/server_full/rank/ldpc_rate/summary_noisy_channel_tradeoff.mat,results/noisy_channel_tradeoffs/server_full/rank/ldpc_rate/E2_0p1_Rc_0p6667/points/result_n_40_awgn_ebno_p3p0.mat,40,3120,62400,0.1,0.666666666666667,3,25,1000080,0,1000080,2.49980001599872e-05,0,2.49980001599872e-05,1.24990000799936e-05,60,0.26548764014395,1852,2000160,pilot; adaptive/event-or-cap stopping
rank,ldpc_rate,results/noisy_channel_tradeoffs/server_full/rank/ldpc_rate/summary_noisy_channel_tradeoff.mat,results/noisy_channel_tradeoffs/server_full/rank/ldpc_rate/E2_0p1_Rc_0p6667/points/result_n_40_awgn_ebno_p3p25.mat,40,3120,62400,0.1,0.666666666666667,3.25,25,1000080,1,1000080,2.49980001599872e-05,9.99920006399488e-07,2.49980001599872e-05,1.29989600831933e-05,60,0.26548764014395,1852,2000160,pilot; adaptive/event-or-cap stopping
rank,ldpc_rate,results/noisy_channel_tradeoffs/server_full/rank/ldpc_rate/summary_noisy_channel_tradeoff.mat,results/noisy_channel_tradeoffs/server_full/rank/ldpc_rate/E2_0p1_Rc_0p6667/points/result_n_40_awgn_ebno_p3p5.mat,40,3120,62400,0.1,0.666666666666667,3.5,25,1000080,0,1000080,2.49980001599872e-05,0,2.49980001599872e-05,1.24990000799936e-05,60,0.26548764014395,1852,2000160,pilot; adaptive/event-or-cap stopping
rank,ldpc_rate,results/noisy_channel_tradeoffs/server_full/rank/ldpc_rate/summary_noisy_channel_tradeoff.mat,results/noisy_channel_tradeoffs/server_full/rank/ldpc_rate/E2_0p1_Rc_0p6667/points/result_n_40_awgn_ebno_p3p75.mat,40,3120,62400,0.1,0.666666666666667,3.75,25,1000080,0,1000080,2.49980001599872e-05,0,2.49980001599872e-05,1.24990000799936e-05,60,0.26548764014395,1852,2000160,pilot; adaptive/event-or-cap stopping
rank,ldpc_rate,results/noisy_channel_tradeoffs/server_full/rank/ldpc_rate/summary_noisy_channel_tradeoff.mat,results/noisy_channel_tradeoffs/server_full/rank/ldpc_rate/E2_0p1_Rc_0p6667/points/result_n_40_awgn_ebno_p4p0.mat,40,3120,62400,0.1,0.666666666666667,4,25,1000080,0,1000080,2.49980001599872e-05,0,2.49980001599872e-05,1.24990000799936e-05,60,0.26548764014395,1852,2000160,pilot; adaptive/event-or-cap stopping
rank,ldpc_rate,results/noisy_channel_tradeoffs/server_full/rank/ldpc_rate/summary_noisy_channel_tradeoff.mat,results/noisy_channel_tradeoffs/server_full/rank/ldpc_rate/E2_0p1_Rc_0p6667/points/result_n_40_awgn_ebno_p4p25.mat,40,3120,62400,0.1,0.666666666666667,4.25,25,1000080,0,1000080,2.49980001599872e-05,0,2.49980001599872e-05,1.24990000799936e-05,60,0.26548764014395,1852,2000160,pilot; adaptive/event-or-cap stopping
rank,ldpc_rate,results/noisy_channel_tradeoffs/server_full/rank/ldpc_rate/summary_noisy_channel_tradeoff.mat,results/noisy_channel_tradeoffs/server_full/rank/ldpc_rate/E2_0p1_Rc_0p6667/points/result_n_40_awgn_ebno_p4p5.mat,40,3120,62400,0.1,0.666666666666667,4.5,25,1000080,0,1000080,2.49980001599872e-05,0,2.49980001599872e-05,1.24990000799936e-05,60,0.26548764014395,1852,2000160,pilot; adaptive/event-or-cap stopping
rank,ldpc_rate,results/noisy_channel_tradeoffs/server_full/rank/ldpc_rate/summary_noisy_channel_tradeoff.mat,results/noisy_channel_tradeoffs/server_full/rank/ldpc_rate/E2_0p1_Rc_0p6667/points/result_n_40_awgn_ebno_p4p75.mat,40,3120,62400,0.1,0.666666666666667,4.75,25,1000080,0,1000080,2.49980001599872e-05,0,2.49980001599872e-05,1.24990000799936e-05,60,0.26548764014395,1852,2000160,pilot; adaptive/event-or-cap stopping
rank,ldpc_rate,results/noisy_channel_tradeoffs/server_full/rank/ldpc_rate/summary_noisy_channel_tradeoff.mat,results/noisy_channel_tradeoffs/server_full/rank/ldpc_rate/E2_0p1_Rc_0p6667/points/result_n_40_awgn_ebno_p5p0.mat,40,3120,62400,0.1,0.666666666666667,5,25,1000080,0,1000080,2.49980001599872e-05,0,2.49980001599872e-05,1.24990000799936e-05,60,0.26548764014395,1852,2000160,pilot; adaptive/event-or-cap stopping
