experiment,source_file,function_type,function_label,n,r,T,K,m,S,E2,tag_error_exponent,effective_error_exponent,effective_delta,asymptotic_parallel_rate_target,ldpc_code_rate,ldpc_block_length,ldpc_information_length,ldpc_payload_rate,padding_efficiency,tuples_per_frame,ebno_db,channel_uses_per_bfc_decision,parallel_bfc_rate,rs_worst_case_fpr_bound,frames,stopping_mode,coded_false_positive_count,coded_negative_trials,coded_false_negative_count,coded_positive_trials,coded_fpr,coded_fnr,coded_max_fpr_fnr,coded_fp_plus_fn_over_trials,coded_max_ci95_lower,coded_max_ci95_upper,coded_max_zero_event_tuple_upper95_legacy,coded_fpr_zero_event_cluster_upper95,coded_fnr_zero_event_cluster_upper95,coded_max_zero_event_cluster_upper95,uncoded_false_positive_count,uncoded_negative_trials,uncoded_false_negative_count,uncoded_positive_trials,uncoded_fpr,uncoded_fnr,uncoded_max_fpr_fnr,uncoded_fp_plus_fn_over_trials,uncoded_max_ci95_lower,uncoded_max_ci95_upper,uncoded_max_zero_event_tuple_upper95_legacy,uncoded_fpr_zero_event_cluster_upper95,uncoded_fnr_zero_event_cluster_upper95,uncoded_max_zero_event_cluster_upper95,noiseless_false_positive_count,noiseless_negative_trials,noiseless_false_negative_count,noiseless_positive_trials,noiseless_fpr,noiseless_fnr,noiseless_max_fpr_fnr,noiseless_fp_plus_fn_over_trials,noiseless_max_ci95_lower,noiseless_max_ci95_upper,noiseless_max_zero_event_tuple_upper95_legacy,noiseless_fpr_zero_event_cluster_upper95,noiseless_fnr_zero_event_cluster_upper95,noiseless_max_zero_event_cluster_upper95,ldpc_frame_errors,ldpc_fer,ldpc_payload_ber,mean_ldpc_iterations,coded_tuple_error_rate,empirical_fpr_union_reference,worst_case_fpr_union_reference,fnr_fer_reference,empirical_fpr_union_excess,worst_case_fpr_union_excess,fnr_fer_excess,intrinsic_balanced_error,channel_created_balanced_error,channel_corrected_intrinsic_error
rate_pareto,results/noisy_channel_confirmatory_bp/rate_pareto/exact-threshold/n_42/Rc_0p3333/points/result_n_42_awgn_ebno_p1p0.mat,exact-threshold,Exact threshold,42,21,2097152,8,168,14028,0.1,0.1,0.0333333333333333,0.133333333333333,0.0444444444444444,0.333333333333333,64800,21600,0.333148148148148,0.999444444444444,514,1,126.070038910506,0.0586365919029056,0.0468235015869141,2500,fixed_frames,4224,642500,0,642500,0.00657431906614786,0,0.00657431906614786,0.00328715953307393,0.00637354085603113,0.00677509727626459,NaN,NaN,0.00119757524316,NaN,4299,642500,572160,642500,0.00669105058365759,0.89052140077821,0.89052140077821,0.448606225680934,0.889775875486381,0.891257587548638,NaN,NaN,NaN,NaN,4224,642500,0,642500,0.00657431906614786,0,0.00657431906614786,0.00328715953307393,0.00637821011673152,0.00678132295719844,NaN,NaN,0.00119757524316,NaN,0,0,0,26.8448,0,0.00657431906614786,0.0468235015869141,0,0,-0.0402491825207662,0,0.00328715953307393,0,0
rate_pareto,results/noisy_channel_confirmatory_bp/rate_pareto/exact-threshold/n_42/Rc_0p3333/points/result_n_42_awgn_ebno_p1p5.mat,exact-threshold,Exact threshold,42,21,2097152,8,168,14028,0.1,0.1,0.0333333333333333,0.133333333333333,0.0444444444444444,0.333333333333333,64800,21600,0.333148148148148,0.999444444444444,514,1.5,126.070038910506,0.0586365919029056,0.0468235015869141,2500,fixed_frames,4224,642500,0,642500,0.00657431906614786,0,0.00657431906614786,0.00328715953307393,0.00637509727626459,0.0067875486381323,NaN,NaN,0.00119757524316,NaN,4236,642500,540771,642500,0.00659299610894942,0.841666926070039,0.841666926070039,0.424129961089494,0.840859143968872,0.842512062256809,NaN,NaN,NaN,NaN,4224,642500,0,642500,0.00657431906614786,0,0.00657431906614786,0.00328715953307393,0.00638132295719844,0.00677821011673152,NaN,NaN,0.00119757524316,NaN,0,0,0,19.9756,0,0.00657431906614786,0.0468235015869141,0,0,-0.0402491825207662,0,0.00328715953307393,0,0
rate_pareto,results/noisy_channel_confirmatory_bp/rate_pareto/exact-threshold/n_42/Rc_0p3333/points/result_n_42_awgn_ebno_p2p0.mat,exact-threshold,Exact threshold,42,21,2097152,8,168,14028,0.1,0.1,0.0333333333333333,0.133333333333333,0.0444444444444444,0.333333333333333,64800,21600,0.333148148148148,0.999444444444444,514,2,126.070038910506,0.0586365919029056,0.0468235015869141,2500,fixed_frames,4224,642500,0,642500,0.00657431906614786,0,0.00657431906614786,0.00328715953307393,0.00637665369649805,0.00676887159533074,NaN,NaN,0.00119757524316,NaN,4217,642500,498522,642500,0.00656342412451362,0.775909727626459,0.775909727626459,0.391236575875486,0.774865369649805,0.776866926070039,NaN,NaN,NaN,NaN,4224,642500,0,642500,0.00657431906614786,0,0.00657431906614786,0.00328715953307393,0.00638599221789883,0.00676575875486381,NaN,NaN,0.00119757524316,NaN,0,0,0,15.8176,0,0.00657431906614786,0.0468235015869141,0,0,-0.0402491825207662,0,0.00328715953307393,0,0
rate_pareto,results/noisy_channel_confirmatory_bp/rate_pareto/exact-threshold/n_42/Rc_0p3333/points/result_n_42_awgn_ebno_p2p5.mat,exact-threshold,Exact threshold,42,21,2097152,8,168,14028,0.1,0.1,0.0333333333333333,0.133333333333333,0.0444444444444444,0.333333333333333,64800,21600,0.333148148148148,0.999444444444444,514,2.5,126.070038910506,0.0586365919029056,0.0468235015869141,2500,fixed_frames,4224,642500,0,642500,0.00657431906614786,0,0.00657431906614786,0.00328715953307393,0.0063704280155642,0.00676420233463035,NaN,NaN,0.00119757524316,NaN,4308,642500,446456,642500,0.00670505836575875,0.694873151750973,0.694873151750973,0.350789105058366,0.693702723735409,0.696031128404669,NaN,NaN,NaN,NaN,4224,642500,0,642500,0.00657431906614786,0,0.00657431906614786,0.00328715953307393,0.00638443579766537,0.00676108949416342,NaN,NaN,0.00119757524316,NaN,0,0,0,12.9012,0,0.00657431906614786,0.0468235015869141,0,0,-0.0402491825207662,0,0.00328715953307393,0,0
rate_pareto,results/noisy_channel_confirmatory_bp/rate_pareto/exact-threshold/n_42/Rc_0p4/points/result_n_42_awgn_ebno_p1p0.mat,exact-threshold,Exact threshold,42,21,2097152,8,168,14028,0.1,0.1,0.04,0.16,0.0533333333333333,0.4,64800,25920,0.399907407407407,0.999768518518519,617,1,105.024311183144,0.0703867260780015,0.0468235015869141,2500,fixed_frames,5128,771250,0,771250,0.00664894651539708,0,0.00664894651539708,0.00332447325769854,0.00647398154403098,0.00683298347247812,NaN,NaN,0.00119757524316,NaN,5158,771250,687723,771250,0.00668784440842788,0.891699189627228,0.891699189627228,0.449193517017828,0.890992636810244,0.89235873851049,NaN,NaN,NaN,NaN,5128,771250,0,771250,0.00664894651539708,0,0.00664894651539708,0.00332447325769854,0.00647169879824275,0.00682584120323605,NaN,NaN,0.00119757524316,NaN,0,0,0,24.6336,0,0.00664894651539708,0.0468235015869141,0,0,-0.040174555071517,0,0.00332447325769854,0,0
rate_pareto,results/noisy_channel_confirmatory_bp/rate_pareto/exact-threshold/n_42/Rc_0p4/points/result_n_42_awgn_ebno_p1p5.mat,exact-threshold,Exact threshold,42,21,2097152,8,168,14028,0.1,0.1,0.04,0.16,0.0533333333333333,0.4,64800,25920,0.399907407407407,0.999768518518519,617,1.5,105.024311183144,0.0703867260780015,0.0468235015869141,2500,fixed_frames,5128,771250,2,771250,0.00664894651539708,2.59319286871961e-06,0.00664894651539708,0.0033257698541329,0.00646867767469903,0.00682523938256478,NaN,NaN,NaN,NaN,5104,771250,649458,771250,0.00661782820097245,0.842084927066451,0.842084927066451,0.424351377633712,0.841278546627563,0.842892483546575,NaN,NaN,NaN,NaN,5128,771250,0,771250,0.00664894651539708,0,0.00664894651539708,0.00332447325769854,0.00647411585464683,0.0068234915844036,NaN,NaN,0.00119757524316,NaN,1,0.0004,4.63070155128502e-08,17.8452,1.94489465153971e-06,0.00704894651539708,0.0472235015869141,0.0004,-0.0004,-0.040574555071517,-0.00039740680713128,0.00332447325769854,1.29659643435981e-06,0
rate_pareto,results/noisy_channel_confirmatory_bp/rate_pareto/exact-threshold/n_42/Rc_0p4/points/result_n_42_awgn_ebno_p2p0.mat,exact-threshold,Exact threshold,42,21,2097152,8,168,14028,0.1,0.1,0.04,0.16,0.0533333333333333,0.4,64800,25920,0.399907407407407,0.999768518518519,617,2,105.024311183144,0.0703867260780015,0.0468235015869141,2500,fixed_frames,5128,771250,0,771250,0.00664894651539708,0,0.00664894651539708,0.00332447325769854,0.00648142505779346,0.00682378353708739,NaN,NaN,0.00119757524316,NaN,5326,771250,598187,771250,0.00690567260940032,0.775607131280389,0.775607131280389,0.391256401944895,0.774688996828377,0.77654673628498,NaN,NaN,NaN,NaN,5128,771250,0,771250,0.00664894651539708,0,0.00664894651539708,0.00332447325769854,0.00647658316477361,0.0068254075276569,NaN,NaN,0.00119757524316,NaN,0,0,0,13.9344,0,0.00664894651539708,0.0468235015869141,0,0,-0.040174555071517,0,0.00332447325769854,0,0
rate_pareto,results/noisy_channel_confirmatory_bp/rate_pareto/exact-threshold/n_42/Rc_0p4/points/result_n_42_awgn_ebno_p2p5.mat,exact-threshold,Exact threshold,42,21,2097152,8,168,14028,0.1,0.1,0.04,0.16,0.0533333333333333,0.4,64800,25920,0.399907407407407,0.999768518518519,617,2.5,105.024311183144,0.0703867260780015,0.0468235015869141,2500,fixed_frames,5128,771250,0,771250,0.00664894651539708,0,0.00664894651539708,0.00332447325769854,0.00647486678162559,0.00682456219973158,NaN,NaN,0.00119757524316,NaN,5297,771250,535053,771250,0.00686807131280389,0.693747811993517,0.693747811993517,0.35030794165316,0.692681421471444,0.694774908878259,NaN,NaN,NaN,NaN,5128,771250,0,771250,0.00664894651539708,0,0.00664894651539708,0.00332447325769854,0.00646737270115241,0.00683182861951421,NaN,NaN,0.00119757524316,NaN,0,0,0,11.2868,0,0.00664894651539708,0.0468235015869141,0,0,-0.040174555071517,0,0.00332447325769854,0,0
rate_pareto,results/noisy_channel_confirmatory_bp/rate_pareto/exact-threshold/n_42/Rc_0p5/points/result_n_42_awgn_ebno_p1p0.mat,exact-threshold,Exact threshold,42,21,2097152,8,168,14028,0.1,0.1,0.05,0.2,0.0666666666666667,0.5,64800,32400,0.499722222222222,0.999444444444444,771,1,84.0466926070039,0.0879548878543584,0.0468235015869141,2500,fixed_frames,6450,963750,383,963750,0.00669260700389105,0.000397405966277562,0.00669260700389105,0.00354500648508431,0.00653396061568856,0.00685645033431421,NaN,NaN,NaN,NaN,6462,963750,858820,963750,0.00670505836575875,0.891123216601816,0.891123216601816,0.448914137483787,0.89045812100969,0.891719315647979,NaN,NaN,NaN,NaN,6452,963750,0,963750,0.006694682230869,0,0.006694682230869,0.0033473411154345,0.0065318311332286,0.00684943588913481,NaN,NaN,0.00119757524316,NaN,1,0.0004,7.95133098635044e-05,29.8516,0.000399481193255512,0.007094682230869,0.0472235015869141,0.0004,-0.000402075226977951,-0.040530894583023,-2.59403372243838e-06,0.0033473411154345,0.000200259403372244,2.59403372243839e-06
rate_pareto,results/noisy_channel_confirmatory_bp/rate_pareto/exact-threshold/n_42/Rc_0p5/points/result_n_42_awgn_ebno_p1p5.mat,exact-threshold,Exact threshold,42,21,2097152,8,168,14028,0.1,0.1,0.05,0.2,0.0666666666666667,0.5,64800,32400,0.499722222222222,0.999444444444444,771,1.5,84.0466926070039,0.0879548878543584,0.0468235015869141,2500,fixed_frames,6449,963750,381,963750,0.00669156939040207,0.000395330739299611,0.00669156939040207,0.00354345006485084,0.00653063087927983,0.00685441069811021,NaN,NaN,NaN,NaN,6243,963750,810977,963750,0.00647782101167315,0.841480674448768,0.841480674448768,0.42397924773022,0.840746447526108,0.842160092554643,NaN,NaN,NaN,NaN,6452,963750,0,963750,0.006694682230869,0,0.006694682230869,0.0033473411154345,0.00653794153932674,0.00685247769364942,NaN,NaN,0.00119757524316,NaN,1,0.0004,4.69149527515286e-05,17.8108,0.000398962386511025,0.007094682230869,0.0472235015869141,0.0004,-0.000403112840466927,-0.040531932196512,-4.66926070038912e-06,0.0033473411154345,0.000198184176394293,2.07522697795071e-06
rate_pareto,results/noisy_channel_confirmatory_bp/rate_pareto/exact-threshold/n_42/Rc_0p5/points/result_n_42_awgn_ebno_p2p0.mat,exact-threshold,Exact threshold,42,21,2097152,8,168,14028,0.1,0.1,0.05,0.2,0.0666666666666667,0.5,64800,32400,0.499722222222222,0.999444444444444,771,2,84.0466926070039,0.0879548878543584,0.0468235015869141,2500,fixed_frames,6452,963750,0,963750,0.006694682230869,0,0.006694682230869,0.0033473411154345,0.00653385214007782,0.00685972683532194,NaN,NaN,0.00119757524316,NaN,6488,963750,747572,963750,0.00673203631647211,0.775690791180285,0.775690791180285,0.391211413748379,0.77482993620792,0.77654728602379,NaN,NaN,NaN,NaN,6452,963750,0,963750,0.006694682230869,0,0.006694682230869,0.0033473411154345,0.00652990495164571,0.00685133343156034,NaN,NaN,0.00119757524316,NaN,0,0,0,12.9444,0,0.006694682230869,0.0468235015869141,0,0,-0.0401288193560451,0,0.0033473411154345,0,0
rate_pareto,results/noisy_channel_confirmatory_bp/rate_pareto/exact-threshold/n_42/Rc_0p5/points/result_n_42_awgn_ebno_p2p5.mat,exact-threshold,Exact threshold,42,21,2097152,8,168,14028,0.1,0.1,0.05,0.2,0.0666666666666667,0.5,64800,32400,0.499722222222222,0.999444444444444,771,2.5,84.0466926070039,0.0879548878543584,0.0468235015869141,2500,fixed_frames,6452,963750,0,963750,0.006694682230869,0,0.006694682230869,0.0033473411154345,0.00652557154522919,0.00685744524108449,NaN,NaN,0.00119757524316,NaN,6527,963750,668363,963750,0.00677250324254215,0.693502464332036,0.693502464332036,0.350137483787289,0.692591274465147,0.694415248214073,NaN,NaN,NaN,NaN,6452,963750,0,963750,0.006694682230869,0,0.006694682230869,0.0033473411154345,0.00653390637743296,0.00685571861565744,NaN,NaN,0.00119757524316,NaN,0,0,0,10.1128,0,0.006694682230869,0.0468235015869141,0,0,-0.0401288193560451,0,0.0033473411154345,0,0
rate_pareto,results/noisy_channel_confirmatory_bp/rate_pareto/exact-threshold/n_42/Rc_0p6/points/result_n_42_awgn_ebno_p1p0.mat,exact-threshold,Exact threshold,42,21,2097152,8,168,14028,0.1,0.1,0.06,0.24,0.08,0.6,64800,38880,0.599537037037037,0.999228395061728,925,1,70.054054054054,0.105523049630715,0.0468235015869141,2500,fixed_frames,7766,1156250,1105652,1156250,0.00671654054054054,0.956239567567568,0.956239567567568,0.481478054054054,0.954851225173925,0.957325969469254,NaN,NaN,NaN,NaN,7637,1156250,1030996,1156250,0.00660497297297297,0.891672216216216,0.891672216216216,0.449138594594595,0.891100634723775,0.892219261442606,NaN,NaN,NaN,NaN,7727,1156250,0,1156250,0.00668281081081081,0,0.00668281081081081,0.00334140540540541,0.00652802258342948,0.00683348641865115,NaN,NaN,0.00119757524316,NaN,2499,0.9996,0.0862638661518662,49.9992,0.970989837837838,1,1,0.9996,-0.99328345945946,-0.99328345945946,-0.0433604324324325,0.00334140540540541,0.481334918918919,0.00319827027027027
rate_pareto,results/noisy_channel_confirmatory_bp/rate_pareto/exact-threshold/n_42/Rc_0p6/points/result_n_42_awgn_ebno_p1p5.mat,exact-threshold,Exact threshold,42,21,2097152,8,168,14028,0.1,0.1,0.06,0.24,0.08,0.6,64800,38880,0.599537037037037,0.999228395061728,925,1.5,70.054054054054,0.105523049630715,0.0468235015869141,2500,fixed_frames,7727,1156250,0,1156250,0.00668281081081081,0,0.00668281081081081,0.00334140540540541,0.00653757570882837,0.00682989100023265,NaN,NaN,0.00119757524316,NaN,7758,1156250,972333,1156250,0.00670962162162162,0.840936648648649,0.840936648648649,0.423823135135135,0.840274510482253,0.841609169954458,NaN,NaN,NaN,NaN,7727,1156250,0,1156250,0.00668281081081081,0,0.00668281081081081,0.00334140540540541,0.00653394103453346,0.00683758614009354,NaN,NaN,0.00119757524316,NaN,0,0,0,21.7116,0,0.00668281081081081,0.0468235015869141,0,0,-0.0401406907761033,0,0.00334140540540541,0,0
rate_pareto,results/noisy_channel_confirmatory_bp/rate_pareto/exact-threshold/n_42/Rc_0p6/points/result_n_42_awgn_ebno_p2p0.mat,exact-threshold,Exact threshold,42,21,2097152,8,168,14028,0.1,0.1,0.06,0.24,0.08,0.6,64800,38880,0.599537037037037,0.999228395061728,925,2,70.054054054054,0.105523049630715,0.0468235015869141,2500,fixed_frames,7727,1156250,0,1156250,0.00668281081081081,0,0.00668281081081081,0.00334140540540541,0.00653496978571076,0.0068325033427374,NaN,NaN,0.00119757524316,NaN,7629,1156250,895893,1156250,0.00659805405405405,0.774826378378378,0.774826378378378,0.390712216216216,0.774090766384627,0.775589294748996,NaN,NaN,NaN,NaN,7727,1156250,0,1156250,0.00668281081081081,0,0.00668281081081081,0.00334140540540541,0.00653080358030916,0.00682976104917307,NaN,NaN,0.00119757524316,NaN,0,0,0,13.476,0,0.00668281081081081,0.0468235015869141,0,0,-0.0401406907761033,0,0.00334140540540541,0,0
rate_pareto,results/noisy_channel_confirmatory_bp/rate_pareto/exact-threshold/n_42/Rc_0p6/points/result_n_42_awgn_ebno_p2p5.mat,exact-threshold,Exact threshold,42,21,2097152,8,168,14028,0.1,0.1,0.06,0.24,0.08,0.6,64800,38880,0.599537037037037,0.999228395061728,925,2.5,70.054054054054,0.105523049630715,0.0468235015869141,2500,fixed_frames,7727,1156250,0,1156250,0.00668281081081081,0,0.00668281081081081,0.00334140540540541,0.00652425276809412,0.00684195778068373,NaN,NaN,0.00119757524316,NaN,7827,1156250,801295,1156250,0.0067692972972973,0.693011891891892,0.693011891891892,0.349890594594595,0.692198254016851,0.693853035342712,NaN,NaN,NaN,NaN,7727,1156250,0,1156250,0.00668281081081081,0,0.00668281081081081,0.00334140540540541,0.00653059459459459,0.00682806677062279,NaN,NaN,0.00119757524316,NaN,0,0,0,9.9536,0,0.00668281081081081,0.0468235015869141,0,0,-0.0401406907761033,0,0.00334140540540541,0,0
rate_pareto,results/noisy_channel_confirmatory_bp/rate_pareto/exact-threshold/n_42/Rc_0p6667/points/result_n_42_awgn_ebno_p1p0.mat,exact-threshold,Exact threshold,42,21,2097152,8,168,14028,0.1,0.1,0.0666666666666667,0.266666666666667,0.0888888888888889,0.666666666666667,64800,43200,0.666296296296296,0.999444444444444,1028,1,63.0350194552529,0.117273183805811,0.0468235015869141,2500,fixed_frames,8476,1285000,1178082,1285000,0.00659610894941634,0.9167953307393,0.9167953307393,0.461695719844358,0.916147081712062,0.9174046692607,NaN,NaN,NaN,NaN,8634,1285000,1145396,1285000,0.00671906614785992,0.891358754863813,0.891358754863813,0.449038910505837,0.8908046692607,0.891902723735409,NaN,NaN,NaN,NaN,8595,1285000,0,1285000,0.00668871595330739,0,0.00668871595330739,0.0033443579766537,0.0065431906614786,0.00683735408560311,NaN,NaN,0.00119757524316,NaN,2500,1,0.0681413470446544,50,0.934759922178988,1,1,1,-0.993403891050584,-0.993403891050584,-0.0832046692607004,0.0033443579766537,0.461438910505837,0.0030875486381323
rate_pareto,results/noisy_channel_confirmatory_bp/rate_pareto/exact-threshold/n_42/Rc_0p6667/points/result_n_42_awgn_ebno_p1p5.mat,exact-threshold,Exact threshold,42,21,2097152,8,168,14028,0.1,0.1,0.0666666666666667,0.266666666666667,0.0888888888888889,0.666666666666667,64800,43200,0.666296296296296,0.999444444444444,1028,1.5,63.0350194552529,0.117273183805811,0.0468235015869141,2500,fixed_frames,8378,1285000,736522,1285000,0.00651984435797665,0.573168871595331,0.573168871595331,0.289844357976654,0.568736186770428,0.577408560311284,NaN,NaN,NaN,NaN,8688,1285000,1081894,1285000,0.00676108949416342,0.841940856031128,0.841940856031128,0.424350972762646,0.841291828793774,0.842576653696498,NaN,NaN,NaN,NaN,8595,1285000,0,1285000,0.00668871595330739,0,0.00668871595330739,0.0033443579766537,0.00654708171206226,0.00683190661478599,NaN,NaN,0.00119757524316,NaN,2499,0.9996,0.0236939966648138,49.9984,0.59443813229572,1,1,0.9996,-0.993480155642023,-0.993480155642023,-0.426431128404669,0.0033443579766537,0.288431517509728,0.00193151750972763
rate_pareto,results/noisy_channel_confirmatory_bp/rate_pareto/exact-threshold/n_42/Rc_0p6667/points/result_n_42_awgn_ebno_p2p0.mat,exact-threshold,Exact threshold,42,21,2097152,8,168,14028,0.1,0.1,0.0666666666666667,0.266666666666667,0.0888888888888889,0.666666666666667,64800,43200,0.666296296296296,0.999444444444444,1028,2,63.0350194552529,0.117273183805811,0.0468235015869141,2500,fixed_frames,8590,1285000,854,1285000,0.00668482490272374,0.000664591439688716,0.00668482490272374,0.00367470817120623,0.00653929961089494,0.00683035019455253,NaN,NaN,NaN,NaN,8487,1285000,995543,1285000,0.00660466926070039,0.774741634241245,0.774741634241245,0.390673151750973,0.774050583657587,0.775453696498055,NaN,NaN,NaN,NaN,8595,1285000,0,1285000,0.00668871595330739,0,0.00668871595330739,0.0033443579766537,0.00654396887159533,0.00683190661478599,NaN,NaN,0.00119757524316,NaN,21,0.0084,3.27126181211784e-05,20.184,0.000687548638132296,0.0150887159533074,0.0552235015869141,0.0084,-0.00840389105058366,-0.0485386766841903,-0.00773540856031128,0.0033443579766537,0.000334241245136187,3.89105058365759e-06
rate_pareto,results/noisy_channel_confirmatory_bp/rate_pareto/exact-threshold/n_42/Rc_0p6667/points/result_n_42_awgn_ebno_p2p5.mat,exact-threshold,Exact threshold,42,21,2097152,8,168,14028,0.1,0.1,0.0666666666666667,0.266666666666667,0.0888888888888889,0.666666666666667,64800,43200,0.666296296296296,0.999444444444444,1028,2.5,63.0350194552529,0.117273183805811,0.0468235015869141,2500,fixed_frames,8593,1285000,901,1285000,0.00668715953307393,0.000701167315175097,0.00668715953307393,0.00369416342412451,0.00655175097276265,0.00682256809338521,NaN,NaN,NaN,NaN,8578,1285000,891905,1285000,0.00667548638132296,0.694089494163424,0.694089494163424,0.350382490272374,0.693308949416342,0.694872373540856,NaN,NaN,NaN,NaN,8595,1285000,0,1285000,0.00668871595330739,0,0.00668871595330739,0.0033443579766537,0.00654630350194552,0.00683813229571984,NaN,NaN,0.00119757524316,NaN,4,0.0016,0.000149332962757087,12.0268,0.00071556420233463,0.00828871595330739,0.0484235015869141,0.0016,-0.00160155642023346,-0.0417363420538401,-0.000898832684824903,0.0033443579766537,0.000352140077821012,2.33463035019455e-06
rate_pareto,results/noisy_channel_confirmatory_bp/rate_pareto/id/n_40/Rc_0p3333/points/result_n_40_awgn_ebno_p1p0.mat,id,Identification,40,20,1048576,65536,1310720,1,0.1,0.1,0.0333333333333333,0.133333333333333,0.133333333333333,0.333333333333333,64800,21600,0.333333333333333,1,540,1,120,0.169349400790728,0.0624990463256836,2500,fixed_frames,3,675000,0,675000,4.44444444444444e-06,0,4.44444444444444e-06,2.22222222222222e-06,0,1.03703703703704e-05,NaN,NaN,0.00119757524316,NaN,0,675000,608542,675000,0,0.901543703703704,0.901543703703704,0.450771851851852,0.900893333333333,0.902225185185185,NaN,0.00119757524316,NaN,NaN,3,675000,0,675000,4.44444444444444e-06,0,4.44444444444444e-06,2.22222222222222e-06,0,1.03703703703704e-05,NaN,NaN,0.00119757524316,NaN,0,0,0,26.7988,0,4.44444444444444e-06,0.0624990463256836,0,0,-0.0624946018812391,0,2.22222222222222e-06,0,0
rate_pareto,results/noisy_channel_confirmatory_bp/rate_pareto/id/n_40/Rc_0p3333/points/result_n_40_awgn_ebno_p1p5.mat,id,Identification,40,20,1048576,65536,1310720,1,0.1,0.1,0.0333333333333333,0.133333333333333,0.133333333333333,0.333333333333333,64800,21600,0.333333333333333,1,540,1.5,120,0.169349400790728,0.0624990463256836,2500,fixed_frames,3,675000,239,675000,4.44444444444444e-06,0.000354074074074074,0.000354074074074074,0.000179259259259259,1.48148148148148e-06,0.00106222222222222,NaN,NaN,NaN,NaN,0,675000,574243,675000,0,0.85073037037037,0.85073037037037,0.425365185185185,0.849856296296296,0.851592592592593,NaN,0.00119757524316,NaN,NaN,3,675000,0,675000,4.44444444444444e-06,0,4.44444444444444e-06,2.22222222222222e-06,0,1.03703703703704e-05,NaN,NaN,0.00119757524316,NaN,1,0.0004,3.40555555555556e-05,19.9496,0.000357777777777778,0.000404444444444444,0.0628990463256836,0.0004,-0.0004,-0.0628946018812391,-4.59259259259259e-05,2.22222222222222e-06,0.000177037037037037,0
rate_pareto,results/noisy_channel_confirmatory_bp/rate_pareto/id/n_40/Rc_0p3333/points/result_n_40_awgn_ebno_p2p0.mat,id,Identification,40,20,1048576,65536,1310720,1,0.1,0.1,0.0333333333333333,0.133333333333333,0.133333333333333,0.333333333333333,64800,21600,0.333333333333333,1,540,2,120,0.169349400790728,0.0624990463256836,2500,fixed_frames,3,675000,0,675000,4.44444444444444e-06,0,4.44444444444444e-06,2.22222222222222e-06,0,1.03703703703704e-05,NaN,NaN,0.00119757524316,NaN,2,675000,528017,675000,2.96296296296296e-06,0.782247407407407,0.782247407407407,0.391125185185185,0.781256296296296,0.783222222222222,NaN,NaN,NaN,NaN,3,675000,0,675000,4.44444444444444e-06,0,4.44444444444444e-06,2.22222222222222e-06,0,1.03703703703704e-05,NaN,NaN,0.00119757524316,NaN,0,0,0,15.8156,0,4.44444444444444e-06,0.0624990463256836,0,0,-0.0624946018812391,0,2.22222222222222e-06,0,0
rate_pareto,results/noisy_channel_confirmatory_bp/rate_pareto/id/n_40/Rc_0p3333/points/result_n_40_awgn_ebno_p2p5.mat,id,Identification,40,20,1048576,65536,1310720,1,0.1,0.1,0.0333333333333333,0.133333333333333,0.133333333333333,0.333333333333333,64800,21600,0.333333333333333,1,540,2.5,120,0.169349400790728,0.0624990463256836,2500,fixed_frames,3,675000,127,675000,4.44444444444444e-06,0.000188148148148148,0.000188148148148148,9.62962962962963e-05,1.48148148148148e-06,0.000564444444444444,NaN,NaN,NaN,NaN,2,675000,472287,675000,2.96296296296296e-06,0.699684444444444,0.699684444444444,0.349843703703704,0.698577777777778,0.700733333333333,NaN,NaN,NaN,NaN,3,675000,0,675000,4.44444444444444e-06,0,4.44444444444444e-06,2.22222222222222e-06,0,1.03703703703704e-05,NaN,NaN,0.00119757524316,NaN,1,0.0004,7.22222222222222e-06,12.9868,0.000172592592592593,0.000404444444444444,0.0628990463256836,0.0004,-0.0004,-0.0628946018812391,-0.000211851851851852,2.22222222222222e-06,9.40740740740741e-05,0
rate_pareto,results/noisy_channel_confirmatory_bp/rate_pareto/id/n_40/Rc_0p4/points/result_n_40_awgn_ebno_p1p0.mat,id,Identification,40,20,1048576,65536,1310720,1,0.1,0.1,0.04,0.16,0.16,0.4,64800,25920,0.4,1,648,1,100,0.203219280948874,0.0624990463256836,2500,fixed_frames,3,810000,0,810000,3.7037037037037e-06,0,3.7037037037037e-06,1.85185185185185e-06,0,8.64197530864197e-06,NaN,NaN,0.00119757524316,NaN,1,810000,730006,810000,1.23456790123457e-06,0.901241975308642,0.901241975308642,0.450621604938272,0.900604938271605,0.901875308641975,NaN,NaN,NaN,NaN,3,810000,0,810000,3.7037037037037e-06,0,3.7037037037037e-06,1.85185185185185e-06,0,8.64197530864197e-06,NaN,NaN,0.00119757524316,NaN,0,0,0,24.5996,0,3.7037037037037e-06,0.0624990463256836,0,0,-0.0624953426219799,0,1.85185185185185e-06,0,0
rate_pareto,results/noisy_channel_confirmatory_bp/rate_pareto/id/n_40/Rc_0p4/points/result_n_40_awgn_ebno_p1p5.mat,id,Identification,40,20,1048576,65536,1310720,1,0.1,0.1,0.04,0.16,0.16,0.4,64800,25920,0.4,1,648,1.5,100,0.203219280948874,0.0624990463256836,2500,fixed_frames,3,810000,324,810000,3.7037037037037e-06,0.0004,0.0004,0.000201851851851852,1.23456790123457e-06,0.0012,NaN,NaN,NaN,NaN,2,810000,689206,810000,2.46913580246914e-06,0.850871604938272,0.850871604938272,0.425437037037037,0.850062962962963,0.851656790123457,NaN,NaN,NaN,NaN,3,810000,0,810000,3.7037037037037e-06,0,3.7037037037037e-06,1.85185185185185e-06,0,8.64197530864197e-06,NaN,NaN,0.00119757524316,NaN,1,0.0004,0.000122916666666667,17.7944,0.0004,0.000403703703703704,0.0628990463256836,0.0004,-0.0004,-0.0628953426219799,0,1.85185185185185e-06,0.0002,0
rate_pareto,results/noisy_channel_confirmatory_bp/rate_pareto/id/n_40/Rc_0p4/points/result_n_40_awgn_ebno_p2p0.mat,id,Identification,40,20,1048576,65536,1310720,1,0.1,0.1,0.04,0.16,0.16,0.4,64800,25920,0.4,1,648,2,100,0.203219280948874,0.0624990463256836,2500,fixed_frames,3,810000,0,810000,3.7037037037037e-06,0,3.7037037037037e-06,1.85185185185185e-06,0,8.64197530864197e-06,NaN,NaN,0.00119757524316,NaN,0,810000,634523,810000,0,0.783361728395062,0.783361728395062,0.391680864197531,0.782495061728395,0.784277777777778,NaN,0.00119757524316,NaN,NaN,3,810000,0,810000,3.7037037037037e-06,0,3.7037037037037e-06,1.85185185185185e-06,0,8.64197530864197e-06,NaN,NaN,0.00119757524316,NaN,0,0,0,13.9356,0,3.7037037037037e-06,0.0624990463256836,0,0,-0.0624953426219799,0,1.85185185185185e-06,0,0
rate_pareto,results/noisy_channel_confirmatory_bp/rate_pareto/id/n_40/Rc_0p4/points/result_n_40_awgn_ebno_p2p5.mat,id,Identification,40,20,1048576,65536,1310720,1,0.1,0.1,0.04,0.16,0.16,0.4,64800,25920,0.4,1,648,2.5,100,0.203219280948874,0.0624990463256836,2500,fixed_frames,3,810000,16,810000,3.7037037037037e-06,1.97530864197531e-05,1.97530864197531e-05,1.17283950617284e-05,1.23456790123457e-06,5.92592592592593e-05,NaN,NaN,NaN,NaN,1,810000,567685,810000,1.23456790123457e-06,0.700845679012346,0.700845679012346,0.350423456790123,0.699835802469136,0.70183950617284,NaN,NaN,NaN,NaN,3,810000,0,810000,3.7037037037037e-06,0,3.7037037037037e-06,1.85185185185185e-06,0,8.64197530864197e-06,NaN,NaN,0.00119757524316,NaN,1,0.0004,4.01234567901235e-07,11.2756,1.54320987654321e-05,0.000403703703703704,0.0628990463256836,0.0004,-0.0004,-0.0628953426219799,-0.000380246913580247,1.85185185185185e-06,9.87654320987654e-06,0
rate_pareto,results/noisy_channel_confirmatory_bp/rate_pareto/id/n_40/Rc_0p5/points/result_n_40_awgn_ebno_p1p0.mat,id,Identification,40,20,1048576,65536,1310720,1,0.1,0.1,0.05,0.2,0.2,0.5,64800,32400,0.5,1,810,1,80,0.254024101186092,0.0624990463256836,2500,fixed_frames,3,1012500,472,1012500,2.96296296296296e-06,0.000466172839506173,0.000466172839506173,0.000234567901234568,9.87654320987654e-07,0.00126617283950617,NaN,NaN,NaN,NaN,0,1012500,912883,1012500,0,0.901612839506173,0.901612839506173,0.450806419753086,0.901021234567901,0.902214320987654,NaN,0.00119757524316,NaN,NaN,3,1012500,0,1012500,2.96296296296296e-06,0,2.96296296296296e-06,1.48148148148148e-06,0,6.91358024691358e-06,NaN,NaN,0.00119757524316,NaN,2,0.0008,0.00014737037037037,29.7276,0.000462716049382716,0.000802962962962963,0.0632990463256836,0.0008,-0.0008,-0.0632960833627206,-0.000333827160493827,1.48148148148148e-06,0.000233086419753086,0
rate_pareto,results/noisy_channel_confirmatory_bp/rate_pareto/id/n_40/Rc_0p5/points/result_n_40_awgn_ebno_p1p5.mat,id,Identification,40,20,1048576,65536,1310720,1,0.1,0.1,0.05,0.2,0.2,0.5,64800,32400,0.5,1,810,1.5,80,0.254024101186092,0.0624990463256836,2500,fixed_frames,3,1012500,0,1012500,2.96296296296296e-06,0,2.96296296296296e-06,1.48148148148148e-06,0,6.91358024691358e-06,NaN,NaN,0.00119757524316,NaN,1,1012500,861590,1012500,9.87654320987654e-07,0.850953086419753,0.850953086419753,0.425477037037037,0.850258765432099,0.851625679012346,NaN,NaN,NaN,NaN,3,1012500,0,1012500,2.96296296296296e-06,0,2.96296296296296e-06,1.48148148148148e-06,0,6.91358024691358e-06,NaN,NaN,0.00119757524316,NaN,0,0,0,17.7476,0,2.96296296296296e-06,0.0624990463256836,0,0,-0.0624960833627206,0,1.48148148148148e-06,0,0
rate_pareto,results/noisy_channel_confirmatory_bp/rate_pareto/id/n_40/Rc_0p5/points/result_n_40_awgn_ebno_p2p0.mat,id,Identification,40,20,1048576,65536,1310720,1,0.1,0.1,0.05,0.2,0.2,0.5,64800,32400,0.5,1,810,2,80,0.254024101186092,0.0624990463256836,2500,fixed_frames,3,1012500,0,1012500,2.96296296296296e-06,0,2.96296296296296e-06,1.48148148148148e-06,0,6.91358024691358e-06,NaN,NaN,0.00119757524316,NaN,1,1012500,793081,1012500,9.87654320987654e-07,0.78328987654321,0.78328987654321,0.391645432098765,0.782477037037037,0.784096790123457,NaN,NaN,NaN,NaN,3,1012500,0,1012500,2.96296296296296e-06,0,2.96296296296296e-06,1.48148148148148e-06,0,6.91358024691358e-06,NaN,NaN,0.00119757524316,NaN,0,0,0,12.9588,0,2.96296296296296e-06,0.0624990463256836,0,0,-0.0624960833627206,0,1.48148148148148e-06,0,0
rate_pareto,results/noisy_channel_confirmatory_bp/rate_pareto/id/n_40/Rc_0p5/points/result_n_40_awgn_ebno_p2p5.mat,id,Identification,40,20,1048576,65536,1310720,1,0.1,0.1,0.05,0.2,0.2,0.5,64800,32400,0.5,1,810,2.5,80,0.254024101186092,0.0624990463256836,2500,fixed_frames,3,1012500,0,1012500,2.96296296296296e-06,0,2.96296296296296e-06,1.48148148148148e-06,0,6.91358024691358e-06,NaN,NaN,0.00119757524316,NaN,0,1012500,709034,1012500,0,0.700280493827161,0.700280493827161,0.35014024691358,0.699391604938272,0.701187160493827,NaN,0.00119757524316,NaN,NaN,3,1012500,0,1012500,2.96296296296296e-06,0,2.96296296296296e-06,1.48148148148148e-06,0,6.91358024691358e-06,NaN,NaN,0.00119757524316,NaN,0,0,0,10.1024,0,2.96296296296296e-06,0.0624990463256836,0,0,-0.0624960833627206,0,1.48148148148148e-06,0,0
rate_pareto,results/noisy_channel_confirmatory_bp/rate_pareto/id/n_40/Rc_0p6/points/result_n_40_awgn_ebno_p1p0.mat,id,Identification,40,20,1048576,65536,1310720,1,0.1,0.1,0.06,0.24,0.24,0.6,64800,38880,0.6,1,972,1,66.6666666666667,0.30482892142331,0.0624990463256836,2500,fixed_frames,1,1215000,1174457,1215000,8.23045267489712e-07,0.966631275720165,0.966631275720165,0.483316049382716,0.966051028806584,0.967179423868313,NaN,NaN,NaN,NaN,2,1215000,1095129,1215000,1.64609053497942e-06,0.901340740740741,0.901340740740741,0.450671193415638,0.900815637860082,0.901849382716049,NaN,NaN,NaN,NaN,3,1215000,0,1215000,2.46913580246914e-06,0,2.46913580246914e-06,1.23456790123457e-06,0,5.76131687242798e-06,NaN,NaN,0.00119757524316,NaN,2500,1,0.0862627674897119,50,0.966643209876543,1,1,1,-0.999999176954733,-0.999999176954733,-0.0333687242798354,1.23456790123457e-06,0.483316049382716,1.23456790123457e-06
rate_pareto,results/noisy_channel_confirmatory_bp/rate_pareto/id/n_40/Rc_0p6/points/result_n_40_awgn_ebno_p1p5.mat,id,Identification,40,20,1048576,65536,1310720,1,0.1,0.1,0.06,0.24,0.24,0.6,64800,38880,0.6,1,972,1.5,66.6666666666667,0.30482892142331,0.0624990463256836,2500,fixed_frames,3,1215000,172,1215000,2.46913580246914e-06,0.00014156378600823,0.00014156378600823,7.20164609053498e-05,8.23045267489712e-07,0.000424691358024691,NaN,NaN,NaN,NaN,1,1215000,1033646,1215000,8.23045267489712e-07,0.850737448559671,0.850737448559671,0.425369135802469,0.850085596707819,0.851355555555556,NaN,NaN,NaN,NaN,3,1215000,0,1215000,2.46913580246914e-06,0,2.46913580246914e-06,1.23456790123457e-06,0,5.76131687242798e-06,NaN,NaN,0.00119757524316,NaN,1,0.0004,4.73251028806584e-06,21.6472,0.000141152263374486,0.000402469135802469,0.0628990463256836,0.0004,-0.0004,-0.0628965771898811,-0.00025843621399177,1.23456790123457e-06,7.07818930041152e-05,0
rate_pareto,results/noisy_channel_confirmatory_bp/rate_pareto/id/n_40/Rc_0p6/points/result_n_40_awgn_ebno_p2p0.mat,id,Identification,40,20,1048576,65536,1310720,1,0.1,0.1,0.06,0.24,0.24,0.6,64800,38880,0.6,1,972,2,66.6666666666667,0.30482892142331,0.0624990463256836,2500,fixed_frames,3,1215000,0,1215000,2.46913580246914e-06,0,2.46913580246914e-06,1.23456790123457e-06,0,5.76131687242798e-06,NaN,NaN,0.00119757524316,NaN,0,1215000,951349,1215000,0,0.78300329218107,0.78300329218107,0.391501646090535,0.782290534979424,0.783757201646091,NaN,0.00119757524316,NaN,NaN,3,1215000,0,1215000,2.46913580246914e-06,0,2.46913580246914e-06,1.23456790123457e-06,0,5.76131687242798e-06,NaN,NaN,0.00119757524316,NaN,0,0,0,13.4604,0,2.46913580246914e-06,0.0624990463256836,0,0,-0.0624965771898811,0,1.23456790123457e-06,0,0
rate_pareto,results/noisy_channel_confirmatory_bp/rate_pareto/id/n_40/Rc_0p6/points/result_n_40_awgn_ebno_p2p5.mat,id,Identification,40,20,1048576,65536,1310720,1,0.1,0.1,0.06,0.24,0.24,0.6,64800,38880,0.6,1,972,2.5,66.6666666666667,0.30482892142331,0.0624990463256836,2500,fixed_frames,3,1215000,0,1215000,2.46913580246914e-06,0,2.46913580246914e-06,1.23456790123457e-06,0,5.76131687242798e-06,NaN,NaN,0.00119757524316,NaN,2,1215000,850471,1215000,1.64609053497942e-06,0.699976131687243,0.699976131687243,0.349988888888889,0.69918024691358,0.700765432098765,NaN,NaN,NaN,NaN,3,1215000,0,1215000,2.46913580246914e-06,0,2.46913580246914e-06,1.23456790123457e-06,0,5.76131687242798e-06,NaN,NaN,0.00119757524316,NaN,0,0,0,9.9168,0,2.46913580246914e-06,0.0624990463256836,0,0,-0.0624965771898811,0,1.23456790123457e-06,0,0
rate_pareto,results/noisy_channel_confirmatory_bp/rate_pareto/id/n_40/Rc_0p6667/points/result_n_40_awgn_ebno_p1p0.mat,id,Identification,40,20,1048576,65536,1310720,1,0.1,0.1,0.0666666666666667,0.266666666666667,0.266666666666667,0.666666666666667,64800,43200,0.666666666666667,1,1080,1,60,0.338698801581456,0.0624990463256836,2500,fixed_frames,3,1350000,1251695,1350000,2.22222222222222e-06,0.927181481481481,0.927181481481481,0.463591851851852,0.9266,0.927747407407407,NaN,NaN,NaN,NaN,5,1350000,1216767,1350000,3.7037037037037e-06,0.901308888888889,0.901308888888889,0.450656296296296,0.900794814814815,0.901811851851852,NaN,NaN,NaN,NaN,3,1350000,0,1350000,2.22222222222222e-06,0,2.22222222222222e-06,1.11111111111111e-06,0,5.18518518518518e-06,NaN,NaN,0.00119757524316,NaN,2500,1,0.0681853703703704,50,0.927011481481481,1,1,1,-0.999997777777778,-0.999997777777778,-0.0728185185185185,1.11111111111111e-06,0.463591851851852,1.11111111111111e-06
rate_pareto,results/noisy_channel_confirmatory_bp/rate_pareto/id/n_40/Rc_0p6667/points/result_n_40_awgn_ebno_p1p5.mat,id,Identification,40,20,1048576,65536,1310720,1,0.1,0.1,0.0666666666666667,0.266666666666667,0.266666666666667,0.666666666666667,64800,43200,0.666666666666667,1,1080,1.5,60,0.338698801581456,0.0624990463256836,2500,fixed_frames,1,1350000,774125,1350000,7.40740740740741e-07,0.573425925925926,0.573425925925926,0.286713333333333,0.568777777777778,0.578018518518518,NaN,NaN,NaN,NaN,1,1350000,1147513,1350000,7.40740740740741e-07,0.85000962962963,0.85000962962963,0.425005185185185,0.84939037037037,0.850607407407407,NaN,NaN,NaN,NaN,3,1350000,0,1350000,2.22222222222222e-06,0,2.22222222222222e-06,1.11111111111111e-06,0,5.18518518518518e-06,NaN,NaN,0.00119757524316,NaN,2493,0.9972,0.0234246574074074,49.9924,0.573554074074074,0.997202222222222,1,0.9972,-0.997201481481481,-0.999999259259259,-0.423774074074074,1.11111111111111e-06,0.286712962962963,7.40740740740741e-07
rate_pareto,results/noisy_channel_confirmatory_bp/rate_pareto/id/n_40/Rc_0p6667/points/result_n_40_awgn_ebno_p2p0.mat,id,Identification,40,20,1048576,65536,1310720,1,0.1,0.1,0.0666666666666667,0.266666666666667,0.266666666666667,0.666666666666667,64800,43200,0.666666666666667,1,1080,2,60,0.338698801581456,0.0624990463256836,2500,fixed_frames,3,1350000,679,1350000,2.22222222222222e-06,0.000502962962962963,0.000502962962962963,0.000252592592592593,0.000163703703703704,0.000948148148148148,NaN,NaN,NaN,NaN,3,1350000,1057507,1350000,2.22222222222222e-06,0.783338518518519,0.783338518518519,0.39167037037037,0.782634074074074,0.784057777777778,NaN,NaN,NaN,NaN,3,1350000,0,1350000,2.22222222222222e-06,0,2.22222222222222e-06,1.11111111111111e-06,0,5.18518518518518e-06,NaN,NaN,0.00119757524316,NaN,19,0.0076,1.45555555555556e-05,20.144,0.000508888888888889,0.00760222222222222,0.0700990463256836,0.0076,-0.0076,-0.0700968241034614,-0.00709703703703704,1.11111111111111e-06,0.000251481481481481,0
rate_pareto,results/noisy_channel_confirmatory_bp/rate_pareto/id/n_40/Rc_0p6667/points/result_n_40_awgn_ebno_p2p5.mat,id,Identification,40,20,1048576,65536,1310720,1,0.1,0.1,0.0666666666666667,0.266666666666667,0.266666666666667,0.666666666666667,64800,43200,0.666666666666667,1,1080,2.5,60,0.338698801581456,0.0624990463256836,2500,fixed_frames,3,1350000,545,1350000,2.22222222222222e-06,0.000403703703703704,0.000403703703703704,0.000202962962962963,2.22222222222222e-06,0.00120592592592593,NaN,NaN,NaN,NaN,1,1350000,945237,1350000,7.40740740740741e-07,0.700175555555556,0.700175555555556,0.350088148148148,0.69939037037037,0.70094962962963,NaN,NaN,NaN,NaN,3,1350000,0,1350000,2.22222222222222e-06,0,2.22222222222222e-06,1.11111111111111e-06,0,5.18518518518518e-06,NaN,NaN,0.00119757524316,NaN,6,0.0024,0.000102648148148148,12.0128,0.000403703703703704,0.00240222222222222,0.0648990463256836,0.0024,-0.0024,-0.0648968241034614,-0.0019962962962963,1.11111111111111e-06,0.000201851851851852,0
rate_pareto,results/noisy_channel_confirmatory_bp/rate_pareto/rank/n_40/Rc_0p3333/points/result_n_40_awgn_ebno_p1p0.mat,rank,Rank,40,20,1048576,3120,62400,21,0.1,0.1,0.0333333333333333,0.133333333333333,0.133333333333333,0.333333333333333,64800,21600,0.333333333333333,1,540,1,120,0.132743820071975,0.062464714050293,2500,fixed_frames,15,675000,247,675000,2.22222222222222e-05,0.000365925925925926,0.000365925925925926,0.000194074074074074,1.33333333333333e-05,0.00109777777777778,NaN,NaN,NaN,NaN,16,675000,601249,675000,2.37037037037037e-05,0.890739259259259,0.890739259259259,0.445381481481481,0.89002962962963,0.89149037037037,NaN,NaN,NaN,NaN,15,675000,0,675000,2.22222222222222e-05,0,2.22222222222222e-05,1.11111111111111e-05,1.18518518518519e-05,3.55555555555556e-05,NaN,NaN,0.00119757524316,NaN,1,0.0004,4.54814814814815e-05,26.7416,0.000368888888888889,0.000422222222222222,0.062864714050293,0.0004,-0.0004,-0.0628424918280707,-3.40740740740741e-05,1.11111111111111e-05,0.000182962962962963,0
rate_pareto,results/noisy_channel_confirmatory_bp/rate_pareto/rank/n_40/Rc_0p3333/points/result_n_40_awgn_ebno_p1p5.mat,rank,Rank,40,20,1048576,3120,62400,21,0.1,0.1,0.0333333333333333,0.133333333333333,0.133333333333333,0.333333333333333,64800,21600,0.333333333333333,1,540,1.5,120,0.132743820071975,0.062464714050293,2500,fixed_frames,15,675000,0,675000,2.22222222222222e-05,0,2.22222222222222e-05,1.11111111111111e-05,1.18518518518519e-05,3.40740740740741e-05,NaN,NaN,0.00119757524316,NaN,15,675000,566438,675000,2.22222222222222e-05,0.839167407407407,0.839167407407407,0.419594814814815,0.838346666666667,0.840037037037037,NaN,NaN,NaN,NaN,15,675000,0,675000,2.22222222222222e-05,0,2.22222222222222e-05,1.11111111111111e-05,1.18518518518519e-05,3.40740740740741e-05,NaN,NaN,0.00119757524316,NaN,0,0,0,19.9688,0,2.22222222222222e-05,0.062464714050293,0,0,-0.0624424918280707,0,1.11111111111111e-05,0,0
rate_pareto,results/noisy_channel_confirmatory_bp/rate_pareto/rank/n_40/Rc_0p3333/points/result_n_40_awgn_ebno_p2p0.mat,rank,Rank,40,20,1048576,3120,62400,21,0.1,0.1,0.0333333333333333,0.133333333333333,0.133333333333333,0.333333333333333,64800,21600,0.333333333333333,1,540,2,120,0.132743820071975,0.062464714050293,2500,fixed_frames,15,675000,0,675000,2.22222222222222e-05,0,2.22222222222222e-05,1.11111111111111e-05,1.18518518518519e-05,3.40740740740741e-05,NaN,NaN,0.00119757524316,NaN,15,675000,520537,675000,2.22222222222222e-05,0.771165925925926,0.771165925925926,0.385594074074074,0.770137777777778,0.772133333333333,NaN,NaN,NaN,NaN,15,675000,0,675000,2.22222222222222e-05,0,2.22222222222222e-05,1.11111111111111e-05,1.18518518518519e-05,3.40740740740741e-05,NaN,NaN,0.00119757524316,NaN,0,0,0,15.7996,0,2.22222222222222e-05,0.062464714050293,0,0,-0.0624424918280707,0,1.11111111111111e-05,0,0
rate_pareto,results/noisy_channel_confirmatory_bp/rate_pareto/rank/n_40/Rc_0p3333/points/result_n_40_awgn_ebno_p2p5.mat,rank,Rank,40,20,1048576,3120,62400,21,0.1,0.1,0.0333333333333333,0.133333333333333,0.133333333333333,0.333333333333333,64800,21600,0.333333333333333,1,540,2.5,120,0.132743820071975,0.062464714050293,2500,fixed_frames,15,675000,0,675000,2.22222222222222e-05,0,2.22222222222222e-05,1.11111111111111e-05,1.18518518518519e-05,3.40740740740741e-05,NaN,NaN,0.00119757524316,NaN,15,675000,464656,675000,2.22222222222222e-05,0.688379259259259,0.688379259259259,0.344200740740741,0.687291851851852,0.689474074074074,NaN,NaN,NaN,NaN,15,675000,0,675000,2.22222222222222e-05,0,2.22222222222222e-05,1.11111111111111e-05,1.18518518518519e-05,3.40740740740741e-05,NaN,NaN,0.00119757524316,NaN,0,0,0,12.882,0,2.22222222222222e-05,0.062464714050293,0,0,-0.0624424918280707,0,1.11111111111111e-05,0,0
rate_pareto,results/noisy_channel_confirmatory_bp/rate_pareto/rank/n_40/Rc_0p4/points/result_n_40_awgn_ebno_p1p0.mat,rank,Rank,40,20,1048576,3120,62400,21,0.1,0.1,0.04,0.16,0.16,0.4,64800,25920,0.4,1,648,1,100,0.15929258408637,0.062464714050293,2500,fixed_frames,16,810000,324,810000,1.97530864197531e-05,0.0004,0.0004,0.000209876543209877,1.23456790123457e-05,0.0012,NaN,NaN,NaN,NaN,12,810000,721605,810000,1.48148148148148e-05,0.89087037037037,0.89087037037037,0.445442592592593,0.890182716049383,0.891540740740741,NaN,NaN,NaN,NaN,16,810000,0,810000,1.97530864197531e-05,0,1.97530864197531e-05,9.87654320987654e-06,9.87654320987654e-06,3.08641975308642e-05,NaN,NaN,0.00119757524316,NaN,1,0.0004,0.000152530864197531,24.6084,0.0004,0.000419753086419753,0.062864714050293,0.0004,-0.0004,-0.0628449609638732,0,9.87654320987654e-06,0.0002,0
rate_pareto,results/noisy_channel_confirmatory_bp/rate_pareto/rank/n_40/Rc_0p4/points/result_n_40_awgn_ebno_p1p5.mat,rank,Rank,40,20,1048576,3120,62400,21,0.1,0.1,0.04,0.16,0.16,0.4,64800,25920,0.4,1,648,1.5,100,0.15929258408637,0.062464714050293,2500,fixed_frames,16,810000,0,810000,1.97530864197531e-05,0,1.97530864197531e-05,9.87654320987654e-06,1.11111111111111e-05,2.96296296296296e-05,NaN,NaN,0.00119757524316,NaN,23,810000,680441,810000,2.83950617283951e-05,0.840050617283951,0.840050617283951,0.42003950617284,0.839254320987654,0.840817283950617,NaN,NaN,NaN,NaN,16,810000,0,810000,1.97530864197531e-05,0,1.97530864197531e-05,9.87654320987654e-06,1.11111111111111e-05,2.96296296296296e-05,NaN,NaN,0.00119757524316,NaN,0,0,0,17.7912,0,1.97530864197531e-05,0.062464714050293,0,0,-0.0624449609638732,0,9.87654320987654e-06,0,0
rate_pareto,results/noisy_channel_confirmatory_bp/rate_pareto/rank/n_40/Rc_0p4/points/result_n_40_awgn_ebno_p2p0.mat,rank,Rank,40,20,1048576,3120,62400,21,0.1,0.1,0.04,0.16,0.16,0.4,64800,25920,0.4,1,648,2,100,0.15929258408637,0.062464714050293,2500,fixed_frames,16,810000,111,810000,1.97530864197531e-05,0.000137037037037037,0.000137037037037037,7.83950617283951e-05,1.23456790123457e-05,0.000411111111111111,NaN,NaN,NaN,NaN,16,810000,625183,810000,1.97530864197531e-05,0.771830864197531,0.771830864197531,0.385925308641975,0.770911111111111,0.772734567901235,NaN,NaN,NaN,NaN,16,810000,0,810000,1.97530864197531e-05,0,1.97530864197531e-05,9.87654320987654e-06,1.11111111111111e-05,2.96296296296296e-05,NaN,NaN,0.00119757524316,NaN,1,0.0004,4.93827160493827e-06,13.942,0.000132098765432099,0.000419753086419753,0.062864714050293,0.0004,-0.0004,-0.0628449609638732,-0.000262962962962963,9.87654320987654e-06,6.85185185185185e-05,0
rate_pareto,results/noisy_channel_confirmatory_bp/rate_pareto/rank/n_40/Rc_0p4/points/result_n_40_awgn_ebno_p2p5.mat,rank,Rank,40,20,1048576,3120,62400,21,0.1,0.1,0.04,0.16,0.16,0.4,64800,25920,0.4,1,648,2.5,100,0.15929258408637,0.062464714050293,2500,fixed_frames,16,810000,0,810000,1.97530864197531e-05,0,1.97530864197531e-05,9.87654320987654e-06,9.87654320987654e-06,2.96296296296296e-05,NaN,NaN,0.00119757524316,NaN,21,810000,558402,810000,2.59259259259259e-05,0.689385185185185,0.689385185185185,0.344705555555556,0.688398765432099,0.69038024691358,NaN,NaN,NaN,NaN,16,810000,0,810000,1.97530864197531e-05,0,1.97530864197531e-05,9.87654320987654e-06,1.11111111111111e-05,2.96296296296296e-05,NaN,NaN,0.00119757524316,NaN,0,0,0,11.2872,0,1.97530864197531e-05,0.062464714050293,0,0,-0.0624449609638732,0,9.87654320987654e-06,0,0
rate_pareto,results/noisy_channel_confirmatory_bp/rate_pareto/rank/n_40/Rc_0p5/points/result_n_40_awgn_ebno_p1p0.mat,rank,Rank,40,20,1048576,3120,62400,21,0.1,0.1,0.05,0.2,0.2,0.5,64800,32400,0.5,1,810,1,80,0.199115730107962,0.062464714050293,2500,fixed_frames,25,1012500,0,1012500,2.46913580246914e-05,0,2.46913580246914e-05,1.23456790123457e-05,1.58024691358025e-05,3.45679012345679e-05,NaN,NaN,0.00119757524316,NaN,28,1012500,901708,1012500,2.76543209876543e-05,0.890575802469136,0.890575802469136,0.445301728395062,0.890005925925926,0.8912,NaN,NaN,NaN,NaN,25,1012500,0,1012500,2.46913580246914e-05,0,2.46913580246914e-05,1.23456790123457e-05,1.48148148148148e-05,3.55555555555556e-05,NaN,NaN,0.00119757524316,NaN,0,0,0,29.7172,0,2.46913580246914e-05,0.062464714050293,0,0,-0.0624400226922683,0,1.23456790123457e-05,0,0
rate_pareto,results/noisy_channel_confirmatory_bp/rate_pareto/rank/n_40/Rc_0p5/points/result_n_40_awgn_ebno_p1p5.mat,rank,Rank,40,20,1048576,3120,62400,21,0.1,0.1,0.05,0.2,0.2,0.5,64800,32400,0.5,1,810,1.5,80,0.199115730107962,0.062464714050293,2500,fixed_frames,25,1012500,0,1012500,2.46913580246914e-05,0,2.46913580246914e-05,1.23456790123457e-05,1.58024691358025e-05,3.45679012345679e-05,NaN,NaN,0.00119757524316,NaN,22,1012500,849468,1012500,2.17283950617284e-05,0.838980740740741,0.838980740740741,0.419501234567901,0.83824987654321,0.839667160493827,NaN,NaN,NaN,NaN,25,1012500,0,1012500,2.46913580246914e-05,0,2.46913580246914e-05,1.23456790123457e-05,1.48148148148148e-05,3.45679012345679e-05,NaN,NaN,0.00119757524316,NaN,0,0,0,17.7156,0,2.46913580246914e-05,0.062464714050293,0,0,-0.0624400226922683,0,1.23456790123457e-05,0,0
rate_pareto,results/noisy_channel_confirmatory_bp/rate_pareto/rank/n_40/Rc_0p5/points/result_n_40_awgn_ebno_p2p0.mat,rank,Rank,40,20,1048576,3120,62400,21,0.1,0.1,0.05,0.2,0.2,0.5,64800,32400,0.5,1,810,2,80,0.199115730107962,0.062464714050293,2500,fixed_frames,25,1012500,1,1012500,2.46913580246914e-05,9.87654320987654e-07,2.46913580246914e-05,1.28395061728395e-05,1.58024691358025e-05,3.45679012345679e-05,NaN,NaN,NaN,NaN,15,1012500,781317,1012500,1.48148148148148e-05,0.771671111111111,0.771671111111111,0.385842962962963,0.770906666666667,0.772454320987654,NaN,NaN,NaN,NaN,25,1012500,0,1012500,2.46913580246914e-05,0,2.46913580246914e-05,1.23456790123457e-05,1.48148148148148e-05,3.45679012345679e-05,NaN,NaN,0.00119757524316,NaN,1,0.0004,2.46913580246914e-08,12.9344,9.87654320987654e-07,0.000424691358024691,0.062864714050293,0.0004,-0.0004,-0.0628400226922683,-0.000399012345679012,1.23456790123457e-05,4.93827160493827e-07,0
rate_pareto,results/noisy_channel_confirmatory_bp/rate_pareto/rank/n_40/Rc_0p5/points/result_n_40_awgn_ebno_p2p5.mat,rank,Rank,40,20,1048576,3120,62400,21,0.1,0.1,0.05,0.2,0.2,0.5,64800,32400,0.5,1,810,2.5,80,0.199115730107962,0.062464714050293,2500,fixed_frames,25,1012500,0,1012500,2.46913580246914e-05,0,2.46913580246914e-05,1.23456790123457e-05,1.58024691358025e-05,3.45679012345679e-05,NaN,NaN,0.00119757524316,NaN,15,1012500,696195,1012500,1.48148148148148e-05,0.6876,0.6876,0.343807407407407,0.686708148148148,0.688479012345679,NaN,NaN,NaN,NaN,25,1012500,0,1012500,2.46913580246914e-05,0,2.46913580246914e-05,1.23456790123457e-05,1.58024691358025e-05,3.45679012345679e-05,NaN,NaN,0.00119757524316,NaN,0,0,0,10.0756,0,2.46913580246914e-05,0.062464714050293,0,0,-0.0624400226922683,0,1.23456790123457e-05,0,0
rate_pareto,results/noisy_channel_confirmatory_bp/rate_pareto/rank/n_40/Rc_0p6/points/result_n_40_awgn_ebno_p1p0.mat,rank,Rank,40,20,1048576,3120,62400,21,0.1,0.1,0.06,0.24,0.24,0.6,64800,38880,0.6,1,972,1,66.6666666666667,0.238938876129555,0.062464714050293,2500,fixed_frames,27,1215000,1166236,1215000,2.22222222222222e-05,0.959865020576132,0.959865020576132,0.479943621399177,0.958716049382716,0.960821399176955,NaN,NaN,NaN,NaN,26,1215000,1082525,1215000,2.13991769547325e-05,0.8909670781893,0.8909670781893,0.445494238683128,0.890395884773663,0.891547325102881,NaN,NaN,NaN,NaN,33,1215000,0,1215000,2.71604938271605e-05,0,2.71604938271605e-05,1.35802469135802e-05,1.89300411522634e-05,3.7037037037037e-05,NaN,NaN,0.00119757524316,NaN,2500,1,0.0862764094650206,50,0.966551440329218,1,1,1,-0.999977777777778,-0.999977777777778,-0.0401349794238683,1.35802469135802e-05,0.479943209876543,1.31687242798354e-05
rate_pareto,results/noisy_channel_confirmatory_bp/rate_pareto/rank/n_40/Rc_0p6/points/result_n_40_awgn_ebno_p1p5.mat,rank,Rank,40,20,1048576,3120,62400,21,0.1,0.1,0.06,0.24,0.24,0.6,64800,38880,0.6,1,972,1.5,66.6666666666667,0.238938876129555,0.062464714050293,2500,fixed_frames,33,1215000,259,1215000,2.71604938271605e-05,0.000213168724279835,0.000213168724279835,0.000120164609053498,2.30452674897119e-05,0.000540740740740741,NaN,NaN,NaN,NaN,19,1215000,1019681,1215000,1.56378600823045e-05,0.839243621399177,0.839243621399177,0.41962962962963,0.838588477366255,0.839853497942387,NaN,NaN,NaN,NaN,33,1215000,0,1215000,2.71604938271605e-05,0,2.71604938271605e-05,1.35802469135802e-05,1.81069958847737e-05,3.7037037037037e-05,NaN,NaN,0.00119757524316,NaN,2,0.0008,7.38683127572016e-06,21.6268,0.000230041152263374,0.000827160493827161,0.063264714050293,0.0008,-0.0008,-0.0632375535564658,-0.000586831275720165,1.35802469135802e-05,0.000106584362139918,0
rate_pareto,results/noisy_channel_confirmatory_bp/rate_pareto/rank/n_40/Rc_0p6/points/result_n_40_awgn_ebno_p2p0.mat,rank,Rank,40,20,1048576,3120,62400,21,0.1,0.1,0.06,0.24,0.24,0.6,64800,38880,0.6,1,972,2,66.6666666666667,0.238938876129555,0.062464714050293,2500,fixed_frames,33,1215000,0,1215000,2.71604938271605e-05,0,2.71604938271605e-05,1.35802469135802e-05,1.81069958847737e-05,3.7037037037037e-05,NaN,NaN,0.00119757524316,NaN,22,1215000,937415,1215000,1.81069958847737e-05,0.771534979423868,0.771534979423868,0.385776543209877,0.77078353909465,0.772284773662551,NaN,NaN,NaN,NaN,33,1215000,0,1215000,2.71604938271605e-05,0,2.71604938271605e-05,1.35802469135802e-05,1.81069958847737e-05,3.62139917695473e-05,NaN,NaN,0.00119757524316,NaN,1,0.0004,1.02880658436214e-08,13.468,4.11522633744856e-07,0.000427160493827161,0.062864714050293,0.0004,-0.0004,-0.0628375535564658,-0.0004,1.35802469135802e-05,0,0
rate_pareto,results/noisy_channel_confirmatory_bp/rate_pareto/rank/n_40/Rc_0p6/points/result_n_40_awgn_ebno_p2p5.mat,rank,Rank,40,20,1048576,3120,62400,21,0.1,0.1,0.06,0.24,0.24,0.6,64800,38880,0.6,1,972,2.5,66.6666666666667,0.238938876129555,0.062464714050293,2500,fixed_frames,33,1215000,0,1215000,2.71604938271605e-05,0,2.71604938271605e-05,1.35802469135802e-05,1.81069958847737e-05,3.7037037037037e-05,NaN,NaN,0.00119757524316,NaN,20,1215000,836280,1215000,1.64609053497942e-05,0.688296296296296,0.688296296296296,0.344156378600823,0.687459259259259,0.689120164609053,NaN,NaN,NaN,NaN,33,1215000,0,1215000,2.71604938271605e-05,0,2.71604938271605e-05,1.35802469135802e-05,1.81069958847737e-05,3.62139917695473e-05,NaN,NaN,0.00119757524316,NaN,0,0,0,9.9024,0,2.71604938271605e-05,0.062464714050293,0,0,-0.0624375535564658,0,1.35802469135802e-05,0,0
rate_pareto,results/noisy_channel_confirmatory_bp/rate_pareto/rank/n_40/Rc_0p6667/points/result_n_40_awgn_ebno_p1p0.mat,rank,Rank,40,20,1048576,3120,62400,21,0.1,0.1,0.0666666666666667,0.266666666666667,0.266666666666667,0.666666666666667,64800,43200,0.666666666666667,1,1080,1,60,0.26548764014395,0.062464714050293,2500,fixed_frames,15,1350000,1240057,1350000,1.11111111111111e-05,0.918560740740741,0.918560740740741,0.459285925925926,0.917946666666667,0.919160740740741,NaN,NaN,NaN,NaN,26,1350000,1202702,1350000,1.92592592592593e-05,0.89089037037037,0.89089037037037,0.445454814814815,0.890391851851852,0.891406666666667,NaN,NaN,NaN,NaN,34,1350000,0,1350000,2.51851851851852e-05,0,2.51851851851852e-05,1.25925925925926e-05,1.7037037037037e-05,3.40740740740741e-05,NaN,NaN,0.00119757524316,NaN,2500,1,0.0681493611111111,50,0.926957037037037,1,1,1,-0.999988888888889,-0.999988888888889,-0.0814392592592592,1.25925925925926e-05,0.459285185185185,1.18518518518519e-05
rate_pareto,results/noisy_channel_confirmatory_bp/rate_pareto/rank/n_40/Rc_0p6667/points/result_n_40_awgn_ebno_p1p5.mat,rank,Rank,40,20,1048576,3120,62400,21,0.1,0.1,0.0666666666666667,0.266666666666667,0.266666666666667,0.666666666666667,64800,43200,0.666666666666667,1,1080,1.5,60,0.26548764014395,0.062464714050293,2500,fixed_frames,34,1350000,757474,1350000,2.51851851851852e-05,0.561091851851852,0.561091851851852,0.280558518518519,0.556214074074074,0.56572,NaN,NaN,NaN,NaN,30,1350000,1132741,1350000,2.22222222222222e-05,0.839067407407407,0.839067407407407,0.419544814814815,0.83847037037037,0.839673333333333,NaN,NaN,NaN,NaN,34,1350000,0,1350000,2.51851851851852e-05,0,2.51851851851852e-05,1.25925925925926e-05,1.7037037037037e-05,3.40740740740741e-05,NaN,NaN,0.00119757524316,NaN,2493,0.9972,0.0233007222222222,49.9868,0.570931481481481,0.997225185185185,1,0.9972,-0.9972,-0.999974814814815,-0.436108148148148,1.25925925925926e-05,0.280552962962963,7.03703703703704e-06
rate_pareto,results/noisy_channel_confirmatory_bp/rate_pareto/rank/n_40/Rc_0p6667/points/result_n_40_awgn_ebno_p2p0.mat,rank,Rank,40,20,1048576,3120,62400,21,0.1,0.1,0.0666666666666667,0.266666666666667,0.266666666666667,0.666666666666667,64800,43200,0.666666666666667,1,1080,2,60,0.26548764014395,0.062464714050293,2500,fixed_frames,34,1350000,825,1350000,2.51851851851852e-05,0.000611111111111111,0.000611111111111111,0.000318148148148148,0.000259259259259259,0.00103481481481481,NaN,NaN,NaN,NaN,25,1350000,1041777,1350000,1.85185185185185e-05,0.771686666666667,0.771686666666667,0.385852592592593,0.77096,0.772398518518518,NaN,NaN,NaN,NaN,34,1350000,0,1350000,2.51851851851852e-05,0,2.51851851851852e-05,1.25925925925926e-05,1.7037037037037e-05,3.40740740740741e-05,NaN,NaN,0.00119757524316,NaN,19,0.0076,1.65740740740741e-05,20.1828,0.000594814814814815,0.00762518518518519,0.070064714050293,0.0076,-0.0076,-0.0700395288651078,-0.00698888888888889,1.25925925925926e-05,0.000305555555555556,0
rate_pareto,results/noisy_channel_confirmatory_bp/rate_pareto/rank/n_40/Rc_0p6667/points/result_n_40_awgn_ebno_p2p5.mat,rank,Rank,40,20,1048576,3120,62400,21,0.1,0.1,0.0666666666666667,0.266666666666667,0.266666666666667,0.666666666666667,64800,43200,0.666666666666667,1,1080,2.5,60,0.26548764014395,0.062464714050293,2500,fixed_frames,34,1350000,2590,1350000,2.51851851851852e-05,0.00191851851851852,0.00191851851851852,0.000971851851851852,0.000557037037037037,0.00365925925925926,NaN,NaN,NaN,NaN,29,1350000,928849,1350000,2.14814814814815e-05,0.688036296296296,0.688036296296296,0.344028888888889,0.687236296296296,0.68880962962963,NaN,NaN,NaN,NaN,34,1350000,0,1350000,2.51851851851852e-05,0,2.51851851851852e-05,1.25925925925926e-05,1.62962962962963e-05,3.33333333333333e-05,NaN,NaN,0.00119757524316,NaN,10,0.004,0.000370212962962963,12.0992,0.00193185185185185,0.00402518518518519,0.066464714050293,0.004,-0.004,-0.0664395288651078,-0.00208148148148148,1.25925925925926e-05,0.000959259259259259,0
waterfall,results/noisy_channel_confirmatory_bp/waterfall/exact-threshold/n_42/Rc_0p5/points/result_n_42_awgn_ebno_p0p5.mat,exact-threshold,Exact threshold,42,21,2097152,8,168,14028,0.1,0.1,0.05,0.2,0.0666666666666667,0.5,64800,32400,0.499722222222222,0.999444444444444,771,0.5,84.0466926070039,0.0879548878543584,0.0468235015869141,2500,fixed_frames,6393,963750,928043,963750,0.00663346303501946,0.962949935149157,0.962949935149157,0.484791699092088,0.962396770106677,0.963477914405156,NaN,NaN,NaN,NaN,6467,963750,894615,963750,0.00671024643320363,0.928264591439689,0.928264591439689,0.467487418936446,0.927757151128885,0.928755678316251,NaN,NaN,NaN,NaN,6454,963750,0,963750,0.00669675745784695,0,0.00669675745784695,0.00334837872892348,0.0065348897535668,0.00685433957722234,NaN,NaN,0.00119757524316,NaN,2500,1,0.0938158853684146,50,0.976434241245136,1,1,1,-0.993366536964981,-0.993366536964981,-0.0370500648508431,0.00334837872892348,0.484656809338521,0.00321348897535668
waterfall,results/noisy_channel_confirmatory_bp/waterfall/exact-threshold/n_42/Rc_0p5/points/result_n_42_awgn_ebno_p0p6.mat,exact-threshold,Exact threshold,42,21,2097152,8,168,14028,0.1,0.1,0.05,0.2,0.0666666666666667,0.5,64800,32400,0.499722222222222,0.999444444444444,771,0.6,84.0466926070039,0.0879548878543584,0.0468235015869141,2500,fixed_frames,6454,963750,888821,963750,0.00669675745784695,0.922252658884566,0.922252658884566,0.464474708171206,0.919032104094465,0.925257277332409,NaN,NaN,NaN,NaN,6448,963750,887795,963750,0.0066905317769131,0.921188067444877,0.921188067444877,0.463939299610895,0.920621086434356,0.92172475727702,NaN,NaN,NaN,NaN,6454,963750,0,963750,0.00669675745784695,0,0.00669675745784695,0.00334837872892348,0.00654336039845392,0.0068578152530097,NaN,NaN,0.00119757524316,NaN,2499,0.9996,0.0783755172626768,50,0.938217898832685,1,1,0.9996,-0.993303242542153,-0.993303242542153,-0.0773473411154345,0.00334837872892348,0.464204928664073,0.00307859922178988
waterfall,results/noisy_channel_confirmatory_bp/waterfall/exact-threshold/n_42/Rc_0p5/points/result_n_42_awgn_ebno_p0p7.mat,exact-threshold,Exact threshold,42,21,2097152,8,168,14028,0.1,0.1,0.05,0.2,0.0666666666666667,0.5,64800,32400,0.499722222222222,0.999444444444444,771,0.7,84.0466926070039,0.0879548878543584,0.0468235015869141,2500,fixed_frames,6422,963750,526439,963750,0.00666355382619974,0.546240207522698,0.546240207522698,0.276451880674449,0.531180836504111,0.560916792223371,NaN,NaN,NaN,NaN,6389,963750,881839,963750,0.00662931258106355,0.91500804150454,0.91500804150454,0.460818677042802,0.914479657258713,0.915565779316184,NaN,NaN,NaN,NaN,6454,963750,0,963750,0.00669675745784695,0,0.00669675745784695,0.00334837872892348,0.00653503893214683,0.00685335887216851,NaN,NaN,0.00119757524316,NaN,2280,0.912,0.0363920202581681,49.8148,0.559543450064851,0.918696757457847,0.958823501586914,0.912,-0.912033203631647,-0.952159947760714,-0.365759792477302,0.00334837872892348,0.274923994811933,0.00182049286640726
waterfall,results/noisy_channel_confirmatory_bp/waterfall/exact-threshold/n_42/Rc_0p5/points/result_n_42_awgn_ebno_p0p8.mat,exact-threshold,Exact threshold,42,21,2097152,8,168,14028,0.1,0.1,0.05,0.2,0.0666666666666667,0.5,64800,32400,0.499722222222222,0.999444444444444,771,0.8,84.0466926070039,0.0879548878543584,0.0468235015869141,2500,fixed_frames,6438,963750,34199,963750,0.00668015564202335,0.0354853437094682,0.0354853437094682,0.0210827496757458,0.0306273851447117,0.040581806409707,NaN,NaN,NaN,NaN,6373,963750,874921,963750,0.00661271076523995,0.907829831387808,0.907829831387808,0.457221271076524,0.907292752901382,0.908405437402531,NaN,NaN,NaN,NaN,6454,963750,0,963750,0.00669675745784695,0,0.00669675745784695,0.00334837872892348,0.00654307524536532,0.00685677049015325,NaN,NaN,0.00119757524316,NaN,546,0.2184,0.00169027237354086,45.1576,0.036798962386511,0.225096757457847,0.265223501586914,0.2184,-0.218416601815824,-0.258543345944891,-0.182914656290532,0.00334837872892348,0.0178671854734112,0.000132814526588846
waterfall,results/noisy_channel_confirmatory_bp/waterfall/exact-threshold/n_42/Rc_0p5/points/result_n_42_awgn_ebno_p0p9.mat,exact-threshold,Exact threshold,42,21,2097152,8,168,14028,0.1,0.1,0.05,0.2,0.0666666666666667,0.5,64800,32400,0.499722222222222,0.999444444444444,771,0.9,84.0466926070039,0.0879548878543584,0.0468235015869141,2500,fixed_frames,6452,963750,584,963750,0.006694682230869,0.000605966277561608,0.006694682230869,0.0036503242542153,0.00652544966874705,0.00685951330762183,NaN,NaN,NaN,NaN,6435,963750,867828,963750,0.00667704280155642,0.900470038910506,0.900470038910506,0.453573540856031,0.899851824488805,0.901041137053647,NaN,NaN,NaN,NaN,6454,963750,0,963750,0.00669675745784695,0,0.00669675745784695,0.00334837872892348,0.00653931840420708,0.0068545956193261,NaN,NaN,0.00119757524316,NaN,10,0.004,2.66814897165092e-05,35.7188,0.000615304798962386,0.010696757457847,0.0508235015869141,0.004,-0.00400207522697795,-0.0441288193560451,-0.00339403372243839,0.00334837872892348,0.000303501945525292,1.55642023346304e-06
waterfall,results/noisy_channel_confirmatory_bp/waterfall/exact-threshold/n_42/Rc_0p5/points/result_n_42_awgn_ebno_p1p0.mat,exact-threshold,Exact threshold,42,21,2097152,8,168,14028,0.1,0.1,0.05,0.2,0.0666666666666667,0.5,64800,32400,0.499722222222222,0.999444444444444,771,1,84.0466926070039,0.0879548878543584,0.0468235015869141,2500,fixed_frames,6452,963750,383,963750,0.006694682230869,0.000397405966277562,0.006694682230869,0.00354604409857328,0.00653609013350268,0.00686059360943799,NaN,NaN,NaN,NaN,6467,963750,858820,963750,0.00671024643320363,0.891123216601816,0.891123216601816,0.44891673151751,0.890464632922662,0.891722785427454,NaN,NaN,NaN,NaN,6454,963750,0,963750,0.00669675745784695,0,0.00669675745784695,0.00334837872892348,0.00653595449423396,0.00685171733942098,NaN,NaN,0.00119757524316,NaN,1,0.0004,7.95133098635044e-05,29.8496,0.000399481193255512,0.00709675745784695,0.0472235015869141,0.0004,-0.000402075226977951,-0.0405288193560451,-2.59403372243838e-06,0.00334837872892348,0.000200259403372244,2.59403372243839e-06
waterfall,results/noisy_channel_confirmatory_bp/waterfall/exact-threshold/n_42/Rc_0p5/points/result_n_42_awgn_ebno_p1p1.mat,exact-threshold,Exact threshold,42,21,2097152,8,168,14028,0.1,0.1,0.05,0.2,0.0666666666666667,0.5,64800,32400,0.499722222222222,0.999444444444444,771,1.1,84.0466926070039,0.0879548878543584,0.0468235015869141,2500,fixed_frames,6453,963750,372,963750,0.00669571984435798,0.000385992217898833,0.00669571984435798,0.0035408560311284,0.00653800937796044,0.00685544118867768,NaN,NaN,NaN,NaN,6317,963750,850430,963750,0.00655460440985733,0.882417639429313,0.882417639429313,0.444486121919585,0.881762435410571,0.883078410844227,NaN,NaN,NaN,NaN,6454,963750,0,963750,0.00669675745784695,0,0.00669675745784695,0.00334837872892348,0.00654315671514026,0.00686082141007935,NaN,NaN,0.00119757524316,NaN,1,0.0004,3.36730282255574e-05,26.0432,0.00038651102464332,0.00709675745784695,0.0472235015869141,0.0004,-0.000401037613488976,-0.0405277817425561,-1.40077821011673e-05,0.00334837872892348,0.000194552529182879,2.07522697795071e-06
waterfall,results/noisy_channel_confirmatory_bp/waterfall/exact-threshold/n_42/Rc_0p5/points/result_n_42_awgn_ebno_p1p2.mat,exact-threshold,Exact threshold,42,21,2097152,8,168,14028,0.1,0.1,0.05,0.2,0.0666666666666667,0.5,64800,32400,0.499722222222222,0.999444444444444,771,1.2,84.0466926070039,0.0879548878543584,0.0468235015869141,2500,fixed_frames,6463,963750,688,963750,0.00670609597924773,0.000713878080415045,0.00670609597924773,0.00370998702983139,0.00655049473719162,0.00688433691436445,NaN,NaN,NaN,NaN,6607,963750,842037,963750,0.00685551232166018,0.873708949416342,0.873708949416342,0.440282230869001,0.873043559466246,0.874372245141904,NaN,NaN,NaN,NaN,6454,963750,0,963750,0.00669675745784695,0,0.00669675745784695,0.00334837872892348,0.00654112900882803,0.0068580073903357,NaN,NaN,0.00119757524316,NaN,2,0.0008,4.81749119881416e-05,23.2296,0.000711802853437095,0.00749675745784695,0.0476235015869141,0.0008,-0.000790661478599223,-0.0409174056076663,-8.61219195849546e-05,0.00334837872892348,0.000362645914396887,1.03761348897536e-06
waterfall,results/noisy_channel_confirmatory_bp/waterfall/exact-threshold/n_42/Rc_0p5/points/result_n_42_awgn_ebno_p1p3.mat,exact-threshold,Exact threshold,42,21,2097152,8,168,14028,0.1,0.1,0.05,0.2,0.0666666666666667,0.5,64800,32400,0.499722222222222,0.999444444444444,771,1.3,84.0466926070039,0.0879548878543584,0.0468235015869141,2500,fixed_frames,6452,963750,329,963750,0.006694682230869,0.000341374837872892,0.006694682230869,0.00351802853437095,0.00653904699252606,0.00686065055818012,NaN,NaN,NaN,NaN,6414,963750,831928,963750,0.00665525291828794,0.863219714656291,0.863219714656291,0.434937483787289,0.862558936813096,0.863920717781742,NaN,NaN,NaN,NaN,6454,963750,0,963750,0.00669675745784695,0,0.00669675745784695,0.00334837872892348,0.00654325176577524,0.00686581009192113,NaN,NaN,0.00119757524316,NaN,1,0.0004,2.27533815082453e-05,21.0148,0.000347081712062257,0.00709675745784695,0.0472235015869141,0.0004,-0.000402075226977951,-0.0405288193560451,-5.86251621271077e-05,0.00334837872892348,0.000171725032425422,2.07522697795071e-06
waterfall,results/noisy_channel_confirmatory_bp/waterfall/exact-threshold/n_42/Rc_0p5/points/result_n_42_awgn_ebno_p1p4.mat,exact-threshold,Exact threshold,42,21,2097152,8,168,14028,0.1,0.1,0.05,0.2,0.0666666666666667,0.5,64800,32400,0.499722222222222,0.999444444444444,771,1.4,84.0466926070039,0.0879548878543584,0.0468235015869141,2500,fixed_frames,6454,963750,0,963750,0.00669675745784695,0,0.00669675745784695,0.00334837872892348,0.00652543612719672,0.00686061496510549,NaN,NaN,0.00119757524316,NaN,6325,963750,821356,963750,0.00656290531776913,0.852250064850843,0.852250064850843,0.429406485084306,0.851559695096263,0.852938948526245,NaN,NaN,NaN,NaN,6454,963750,0,963750,0.00669675745784695,0,0.00669675745784695,0.00334837872892348,0.00652962715860052,0.00686492919763546,NaN,NaN,0.00119757524316,NaN,0,0,0,19.2656,0,0.00669675745784695,0.0468235015869141,0,0,-0.0401267441290671,0,0.00334837872892348,0,0
waterfall,results/noisy_channel_confirmatory_bp/waterfall/exact-threshold/n_42/Rc_0p5/points/result_n_42_awgn_ebno_p1p5.mat,exact-threshold,Exact threshold,42,21,2097152,8,168,14028,0.1,0.1,0.05,0.2,0.0666666666666667,0.5,64800,32400,0.499722222222222,0.999444444444444,771,1.5,84.0466926070039,0.0879548878543584,0.0468235015869141,2500,fixed_frames,6451,963750,381,963750,0.00669364461738003,0.000395330739299611,0.00669364461738003,0.00354448767833982,0.00653269251521113,0.00685559056964593,NaN,NaN,NaN,NaN,6247,963750,811005,963750,0.00648197146562905,0.841509727626459,0.841509727626459,0.423995849546044,0.840778917310334,0.842191605135038,NaN,NaN,NaN,NaN,6454,963750,0,963750,0.00669675745784695,0,0.00669675745784695,0.00334837872892348,0.00653995567397963,0.00685338020540426,NaN,NaN,0.00119757524316,NaN,1,0.0004,4.69149527515286e-05,17.8112,0.000398962386511025,0.00709675745784695,0.0472235015869141,0.0004,-0.000403112840466927,-0.040529856969534,-4.66926070038912e-06,0.00334837872892348,0.000198184176394293,2.07522697795071e-06
waterfall,results/noisy_channel_confirmatory_bp/waterfall/exact-threshold/n_42/Rc_0p5/points/result_n_42_awgn_ebno_p1p6.mat,exact-threshold,Exact threshold,42,21,2097152,8,168,14028,0.1,0.1,0.05,0.2,0.0666666666666667,0.5,64800,32400,0.499722222222222,0.999444444444444,771,1.6,84.0466926070039,0.0879548878543584,0.0468235015869141,2500,fixed_frames,6454,963750,0,963750,0.00669675745784695,0,0.00669675745784695,0.00334837872892348,0.00654525909700742,0.0068546667455275,NaN,NaN,0.00119757524316,NaN,6468,963750,799459,963750,0.00671128404669261,0.82952944228275,0.82952944228275,0.418120363164721,0.828775246564185,0.830215401855195,NaN,NaN,NaN,NaN,6454,963750,0,963750,0.00669675745784695,0,0.00669675745784695,0.00334837872892348,0.00653359452493702,0.00685632228034971,NaN,NaN,0.00119757524316,NaN,0,0,0,16.5456,0,0.00669675745784695,0.0468235015869141,0,0,-0.0401267441290671,0,0.00334837872892348,0,0
waterfall,results/noisy_channel_confirmatory_bp/waterfall/exact-threshold/n_42/Rc_0p5/points/result_n_42_awgn_ebno_p1p7.mat,exact-threshold,Exact threshold,42,21,2097152,8,168,14028,0.1,0.1,0.05,0.2,0.0666666666666667,0.5,64800,32400,0.499722222222222,0.999444444444444,771,1.7,84.0466926070039,0.0879548878543584,0.0468235015869141,2500,fixed_frames,6454,963750,0,963750,0.00669675745784695,0,0.00669675745784695,0.00334837872892348,0.00653697176339483,0.00685671357137447,NaN,NaN,0.00119757524316,NaN,6565,963750,787106,963750,0.00681193255512322,0.816711802853437,0.816711802853437,0.41176186770428,0.815932230122067,0.817481341289679,NaN,NaN,NaN,NaN,6454,963750,0,963750,0.00669675745784695,0,0.00669675745784695,0.00334837872892348,0.00653501180826205,0.00686168104441156,NaN,NaN,0.00119757524316,NaN,0,0,0,15.478,0,0.00669675745784695,0.0468235015869141,0,0,-0.0401267441290671,0,0.00334837872892348,0,0
waterfall,results/noisy_channel_confirmatory_bp/waterfall/exact-threshold/n_42/Rc_0p5/points/result_n_42_awgn_ebno_p1p8.mat,exact-threshold,Exact threshold,42,21,2097152,8,168,14028,0.1,0.1,0.05,0.2,0.0666666666666667,0.5,64800,32400,0.499722222222222,0.999444444444444,771,1.8,84.0466926070039,0.0879548878543584,0.0468235015869141,2500,fixed_frames,6454,963750,0,963750,0.00669675745784695,0,0.00669675745784695,0.00334837872892348,0.006531715916531,0.00685751639412302,NaN,NaN,0.00119757524316,NaN,6504,963750,774444,963750,0.00674863813229572,0.803573540856031,0.803573540856031,0.405161089494163,0.802758576323102,0.804358811267249,NaN,NaN,NaN,NaN,6454,963750,0,963750,0.00669675745784695,0,0.00669675745784695,0.00334837872892348,0.00653919626616251,0.00685777967320485,NaN,NaN,0.00119757524316,NaN,0,0,0,14.5068,0,0.00669675745784695,0.0468235015869141,0,0,-0.0401267441290671,0,0.00334837872892348,0,0
waterfall,results/noisy_channel_confirmatory_bp/waterfall/exact-threshold/n_42/Rc_0p5/points/result_n_42_awgn_ebno_p1p9.mat,exact-threshold,Exact threshold,42,21,2097152,8,168,14028,0.1,0.1,0.05,0.2,0.0666666666666667,0.5,64800,32400,0.499722222222222,0.999444444444444,771,1.9,84.0466926070039,0.0879548878543584,0.0468235015869141,2500,fixed_frames,6454,963750,13,963750,0.00669675745784695,1.34889753566796e-05,0.00669675745784695,0.00335512321660182,0.00652679878678328,0.00685329487325814,NaN,NaN,NaN,NaN,6477,963750,760958,963750,0.00672062256809339,0.789580285343709,0.789580285343709,0.398150453955901,0.788750809383872,0.790383683515316,NaN,NaN,NaN,NaN,6454,963750,0,963750,0.00669675745784695,0,0.00669675745784695,0.00334837872892348,0.00652951875796995,0.00685031714623383,NaN,NaN,0.00119757524316,NaN,2,0.0008,2.34698289172997e-07,13.7208,9.85732814526589e-06,0.00749675745784695,0.0476235015869141,0.0008,-0.0008,-0.0409267441290671,-0.00078651102464332,0.00334837872892348,6.74448767833982e-06,0
waterfall,results/noisy_channel_confirmatory_bp/waterfall/exact-threshold/n_42/Rc_0p5/points/result_n_42_awgn_ebno_p2p0.mat,exact-threshold,Exact threshold,42,21,2097152,8,168,14028,0.1,0.1,0.05,0.2,0.0666666666666667,0.5,64800,32400,0.499722222222222,0.999444444444444,771,2,84.0466926070039,0.0879548878543584,0.0468235015869141,2500,fixed_frames,6454,963750,0,963750,0.00669675745784695,0,0.00669675745784695,0.00334837872892348,0.00653772446515894,0.00686063632090595,NaN,NaN,0.00119757524316,NaN,6499,963750,747580,963750,0.00674345006485084,0.775699092088197,0.775699092088197,0.391221271076524,0.774837659979372,0.776550212858235,NaN,NaN,NaN,NaN,6454,963750,0,963750,0.00669675745784695,0,0.00669675745784695,0.00334837872892348,0.00653198024322417,0.00685352243037008,NaN,NaN,0.00119757524316,NaN,0,0,0,12.9412,0,0.00669675745784695,0.0468235015869141,0,0,-0.0401267441290671,0,0.00334837872892348,0,0
waterfall,results/noisy_channel_confirmatory_bp/waterfall/exact-threshold/n_42/Rc_0p5/points/result_n_42_awgn_ebno_p2p1.mat,exact-threshold,Exact threshold,42,21,2097152,8,168,14028,0.1,0.1,0.05,0.2,0.0666666666666667,0.5,64800,32400,0.499722222222222,0.999444444444444,771,2.1,84.0466926070039,0.0879548878543584,0.0468235015869141,2500,fixed_frames,6456,963750,724,963750,0.0066988326848249,0.000751232166018158,0.0066988326848249,0.00372503242542153,0.00653381824218811,0.00686866632703775,NaN,NaN,NaN,NaN,6300,963750,731773,963750,0.00653696498054475,0.759297535667964,0.759297535667964,0.382917250324254,0.75847932038845,0.760129817713602,NaN,NaN,NaN,NaN,6454,963750,0,963750,0.00669675745784695,0,0.00669675745784695,0.00334837872892348,0.00653603587711962,0.00686174512243333,NaN,NaN,0.00119757524316,NaN,2,0.0008,9.59668951886851e-05,12.2872,0.000766277561608301,0.00749675745784695,0.0476235015869141,0.0008,-0.00079792477302205,-0.0409246689020892,-4.87678339818418e-05,0.00334837872892348,0.000379247730220493,2.59403372243839e-06
waterfall,results/noisy_channel_confirmatory_bp/waterfall/exact-threshold/n_42/Rc_0p5/points/result_n_42_awgn_ebno_p2p2.mat,exact-threshold,Exact threshold,42,21,2097152,8,168,14028,0.1,0.1,0.05,0.2,0.0666666666666667,0.5,64800,32400,0.499722222222222,0.999444444444444,771,2.2,84.0466926070039,0.0879548878543584,0.0468235015869141,2500,fixed_frames,6454,963750,0,963750,0.00669675745784695,0,0.00669675745784695,0.00334837872892348,0.00654335360880582,0.00685053750051882,NaN,NaN,0.00119757524316,NaN,6357,963750,716862,963750,0.00659610894941634,0.743825680933852,0.743825680933852,0.375210894941634,0.742954973463448,0.744695884952998,NaN,NaN,NaN,NaN,6454,963750,0,963750,0.00669675745784695,0,0.00669675745784695,0.00334837872892348,0.00653502537017629,0.00686352836198757,NaN,NaN,0.00119757524316,NaN,0,0,0,11.6516,0,0.00669675745784695,0.0468235015869141,0,0,-0.0401267441290671,0,0.00334837872892348,0,0
waterfall,results/noisy_channel_confirmatory_bp/waterfall/exact-threshold/n_42/Rc_0p5/points/result_n_42_awgn_ebno_p2p3.mat,exact-threshold,Exact threshold,42,21,2097152,8,168,14028,0.1,0.1,0.05,0.2,0.0666666666666667,0.5,64800,32400,0.499722222222222,0.999444444444444,771,2.3,84.0466926070039,0.0879548878543584,0.0468235015869141,2500,fixed_frames,6454,963750,0,963750,0.00669675745784695,0,0.00669675745784695,0.00334837872892348,0.00654596389292384,0.00685853264754924,NaN,NaN,0.00119757524316,NaN,6402,963750,701675,963750,0.00664280155642023,0.728067444876783,0.728067444876783,0.367355123216602,0.727112281488122,0.728946691237507,NaN,NaN,NaN,NaN,6454,963750,0,963750,0.00669675745784695,0,0.00669675745784695,0.00334837872892348,0.00652951198305004,0.00684827745069759,NaN,NaN,0.00119757524316,NaN,0,0,0,11.1228,0,0.00669675745784695,0.0468235015869141,0,0,-0.0401267441290671,0,0.00334837872892348,0,0
waterfall,results/noisy_channel_confirmatory_bp/waterfall/exact-threshold/n_42/Rc_0p5/points/result_n_42_awgn_ebno_p2p4.mat,exact-threshold,Exact threshold,42,21,2097152,8,168,14028,0.1,0.1,0.05,0.2,0.0666666666666667,0.5,64800,32400,0.499722222222222,0.999444444444444,771,2.4,84.0466926070039,0.0879548878543584,0.0468235015869141,2500,fixed_frames,6454,963750,0,963750,0.00669675745784695,0,0.00669675745784695,0.00334837872892348,0.00654220056591851,0.00685352243037008,NaN,NaN,0.00119757524316,NaN,6385,963750,685226,963750,0.00662516212710765,0.710999740596628,0.710999740596628,0.358812451361868,0.710084129527098,0.711911222250468,NaN,NaN,NaN,NaN,6454,963750,0,963750,0.00669675745784695,0,0.00669675745784695,0.00334837872892348,0.00652444592014609,0.00685705509822254,NaN,NaN,0.00119757524316,NaN,0,0,0,10.5704,0,0.00669675745784695,0.0468235015869141,0,0,-0.0401267441290671,0,0.00334837872892348,0,0
waterfall,results/noisy_channel_confirmatory_bp/waterfall/exact-threshold/n_42/Rc_0p5/points/result_n_42_awgn_ebno_p2p5.mat,exact-threshold,Exact threshold,42,21,2097152,8,168,14028,0.1,0.1,0.05,0.2,0.0666666666666667,0.5,64800,32400,0.499722222222222,0.999444444444444,771,2.5,84.0466926070039,0.0879548878543584,0.0468235015869141,2500,fixed_frames,6454,963750,0,963750,0.00669675745784695,0,0.00669675745784695,0.00334837872892348,0.00652862342750655,0.00685746658684101,NaN,NaN,0.00119757524316,NaN,6531,963750,668369,963750,0.00677665369649805,0.69350869001297,0.69350869001297,0.350142671854734,0.692597177159541,0.694402335810047,NaN,NaN,NaN,NaN,6454,963750,0,963750,0.00669675745784695,0,0.00669675745784695,0.00334837872892348,0.00653731770741456,0.00685786506535673,NaN,NaN,0.00119757524316,NaN,0,0,0,10.1172,0,0.00669675745784695,0.0468235015869141,0,0,-0.0401267441290671,0,0.00334837872892348,0,0
waterfall,results/noisy_channel_confirmatory_bp/waterfall/exact-threshold/n_42/Rc_0p5/points/result_n_42_awgn_ebno_p2p6.mat,exact-threshold,Exact threshold,42,21,2097152,8,168,14028,0.1,0.1,0.05,0.2,0.0666666666666667,0.5,64800,32400,0.499722222222222,0.999444444444444,771,2.6,84.0466926070039,0.0879548878543584,0.0468235015869141,2500,fixed_frames,6454,963750,0,963750,0.00669675745784695,0,0.00669675745784695,0.00334837872892348,0.00653585955009546,0.00685974107097461,NaN,NaN,0.00119757524316,NaN,6354,963750,650029,963750,0.00659299610894942,0.674478858625162,0.674478858625162,0.340535927367056,0.673494417195929,0.675397119386399,NaN,NaN,NaN,NaN,6454,963750,0,963750,0.00669675745784695,0,0.00669675745784695,0.00334837872892348,0.00653484906968154,0.00685873902964926,NaN,NaN,0.00119757524316,NaN,0,0,0,9.6716,0,0.00669675745784695,0.0468235015869141,0,0,-0.0401267441290671,0,0.00334837872892348,0,0
waterfall,results/noisy_channel_confirmatory_bp/waterfall/id/n_40/Rc_0p5/points/result_n_40_awgn_ebno_p0p5.mat,id,Identification,40,20,1048576,65536,1310720,1,0.1,0.1,0.05,0.2,0.2,0.5,64800,32400,0.5,1,810,0.5,80,0.254024101186092,0.0624990463256836,2500,fixed_frames,1,1012500,983778,1012500,9.87654320987654e-07,0.971632592592593,0.971632592592593,0.485816790123457,0.971122962962963,0.972118518518518,NaN,NaN,NaN,NaN,0,1012500,949583,1012500,0,0.93785975308642,0.93785975308642,0.46892987654321,0.93741037037037,0.938320987654321,NaN,0.00119757524316,NaN,NaN,3,1012500,0,1012500,2.96296296296296e-06,0,2.96296296296296e-06,1.48148148148148e-06,0,6.91358024691358e-06,NaN,NaN,0.00119757524316,NaN,2500,1,0.0933760740740741,50,0.971637530864198,1,1,1,-0.999999012345679,-0.999999012345679,-0.0283674074074074,1.48148148148148e-06,0.485816790123457,1.48148148148148e-06
waterfall,results/noisy_channel_confirmatory_bp/waterfall/id/n_40/Rc_0p5/points/result_n_40_awgn_ebno_p0p6.mat,id,Identification,40,20,1048576,65536,1310720,1,0.1,0.1,0.05,0.2,0.2,0.5,64800,32400,0.5,1,810,0.6,80,0.254024101186092,0.0624990463256836,2500,fixed_frames,1,1012500,939749,1012500,9.87654320987654e-07,0.928147160493827,0.928147160493827,0.464074074074074,0.924614320987654,0.931741234567901,NaN,NaN,NaN,NaN,3,1012500,943073,1012500,2.96296296296296e-06,0.93143012345679,0.93143012345679,0.465716543209877,0.930943209876543,0.93191012345679,NaN,NaN,NaN,NaN,3,1012500,0,1012500,2.96296296296296e-06,0,2.96296296296296e-06,1.48148148148148e-06,0,6.91358024691358e-06,NaN,NaN,0.00119757524316,NaN,2499,0.9996,0.0779997407407407,49.9988,0.92825975308642,0.999602962962963,1,0.9996,-0.999601975308642,-0.999999012345679,-0.0714528395061729,1.48148148148148e-06,0.464073580246914,9.87654320987654e-07
waterfall,results/noisy_channel_confirmatory_bp/waterfall/id/n_40/Rc_0p5/points/result_n_40_awgn_ebno_p0p7.mat,id,Identification,40,20,1048576,65536,1310720,1,0.1,0.1,0.05,0.2,0.2,0.5,64800,32400,0.5,1,810,0.7,80,0.254024101186092,0.0624990463256836,2500,fixed_frames,2,1012500,549742,1012500,1.97530864197531e-06,0.542955061728395,0.542955061728395,0.271478518518519,0.528497777777778,0.557148641975309,NaN,NaN,NaN,NaN,2,1012500,936758,1012500,1.97530864197531e-06,0.925193086419753,0.925193086419753,0.462597530864198,0.924718024691358,0.925695802469136,NaN,NaN,NaN,NaN,3,1012500,0,1012500,2.96296296296296e-06,0,2.96296296296296e-06,1.48148148148148e-06,0,6.91358024691358e-06,NaN,NaN,0.00119757524316,NaN,2272,0.9088,0.0353870740740741,49.7996,0.54269037037037,0.908802962962963,0.971299046325684,0.9088,-0.908800987654321,-0.971297071017042,-0.365844938271605,1.48148148148148e-06,0.271477530864198,4.93827160493827e-07
waterfall,results/noisy_channel_confirmatory_bp/waterfall/id/n_40/Rc_0p5/points/result_n_40_awgn_ebno_p0p8.mat,id,Identification,40,20,1048576,65536,1310720,1,0.1,0.1,0.05,0.2,0.2,0.5,64800,32400,0.5,1,810,0.8,80,0.254024101186092,0.0624990463256836,2500,fixed_frames,3,1012500,36888,1012500,2.96296296296296e-06,0.0364325925925926,0.0364325925925926,0.0182177777777778,0.0312592592592593,0.0422449382716049,NaN,NaN,NaN,NaN,1,1012500,928403,1012500,9.87654320987654e-07,0.916941234567901,0.916941234567901,0.458471111111111,0.916395061728395,0.917461728395062,NaN,NaN,NaN,NaN,3,1012500,0,1012500,2.96296296296296e-06,0,2.96296296296296e-06,1.48148148148148e-06,0,6.91358024691358e-06,NaN,NaN,0.00119757524316,NaN,507,0.2028,0.00179101234567901,44.8556,0.0364967901234568,0.202802962962963,0.265299046325684,0.2028,-0.2028,-0.265296083362721,-0.166367407407407,1.48148148148148e-06,0.0182162962962963,0
waterfall,results/noisy_channel_confirmatory_bp/waterfall/id/n_40/Rc_0p5/points/result_n_40_awgn_ebno_p0p9.mat,id,Identification,40,20,1048576,65536,1310720,1,0.1,0.1,0.05,0.2,0.2,0.5,64800,32400,0.5,1,810,0.9,80,0.254024101186092,0.0624990463256836,2500,fixed_frames,3,1012500,590,1012500,2.96296296296296e-06,0.000582716049382716,0.000582716049382716,0.00029283950617284,3.95061728395062e-06,0.00157728395061728,NaN,NaN,NaN,NaN,1,1012500,921290,1012500,9.87654320987654e-07,0.909916049382716,0.909916049382716,0.454958518518519,0.909357037037037,0.910459259259259,NaN,NaN,NaN,NaN,3,1012500,0,1012500,2.96296296296296e-06,0,2.96296296296296e-06,1.48148148148148e-06,0,6.91358024691358e-06,NaN,NaN,0.00119757524316,NaN,5,0.002,0.000129185185185185,35.5448,0.000578271604938272,0.00200296296296296,0.0644990463256836,0.002,-0.002,-0.0644960833627206,-0.00141728395061728,1.48148148148148e-06,0.000291358024691358,0
waterfall,results/noisy_channel_confirmatory_bp/waterfall/id/n_40/Rc_0p5/points/result_n_40_awgn_ebno_p1p0.mat,id,Identification,40,20,1048576,65536,1310720,1,0.1,0.1,0.05,0.2,0.2,0.5,64800,32400,0.5,1,810,1,80,0.254024101186092,0.0624990463256836,2500,fixed_frames,3,1012500,472,1012500,2.96296296296296e-06,0.000466172839506173,0.000466172839506173,0.000234567901234568,9.87654320987654e-07,0.00126617283950617,NaN,NaN,NaN,NaN,0,1012500,912845,1012500,0,0.901575308641975,0.901575308641975,0.450787654320988,0.900980740740741,0.902177777777778,NaN,0.00119757524316,NaN,NaN,3,1012500,0,1012500,2.96296296296296e-06,0,2.96296296296296e-06,1.48148148148148e-06,0,6.91358024691358e-06,NaN,NaN,0.00119757524316,NaN,2,0.0008,0.00014737037037037,29.7328,0.000462716049382716,0.000802962962962963,0.0632990463256836,0.0008,-0.0008,-0.0632960833627206,-0.000333827160493827,1.48148148148148e-06,0.000233086419753086,0
waterfall,results/noisy_channel_confirmatory_bp/waterfall/id/n_40/Rc_0p5/points/result_n_40_awgn_ebno_p1p1.mat,id,Identification,40,20,1048576,65536,1310720,1,0.1,0.1,0.05,0.2,0.2,0.5,64800,32400,0.5,1,810,1.1,80,0.254024101186092,0.0624990463256836,2500,fixed_frames,3,1012500,0,1012500,2.96296296296296e-06,0,2.96296296296296e-06,1.48148148148148e-06,0,6.91358024691358e-06,NaN,NaN,0.00119757524316,NaN,1,1012500,903901,1012500,9.87654320987654e-07,0.892741728395062,0.892741728395062,0.446371358024691,0.892132345679012,0.893326419753086,NaN,NaN,NaN,NaN,3,1012500,0,1012500,2.96296296296296e-06,0,2.96296296296296e-06,1.48148148148148e-06,0,6.91358024691358e-06,NaN,NaN,0.00119757524316,NaN,0,0,0,25.888,0,2.96296296296296e-06,0.0624990463256836,0,0,-0.0624960833627206,0,1.48148148148148e-06,0,0
waterfall,results/noisy_channel_confirmatory_bp/waterfall/id/n_40/Rc_0p5/points/result_n_40_awgn_ebno_p1p2.mat,id,Identification,40,20,1048576,65536,1310720,1,0.1,0.1,0.05,0.2,0.2,0.5,64800,32400,0.5,1,810,1.2,80,0.254024101186092,0.0624990463256836,2500,fixed_frames,3,1012500,806,1012500,2.96296296296296e-06,0.000796049382716049,0.000796049382716049,0.000399506172839506,1.97530864197531e-06,0.0019920987654321,NaN,NaN,NaN,NaN,1,1012500,893765,1012500,9.87654320987654e-07,0.882730864197531,0.882730864197531,0.441365925925926,0.882125432098765,0.883343209876543,NaN,NaN,NaN,NaN,3,1012500,0,1012500,2.96296296296296e-06,0,2.96296296296296e-06,1.48148148148148e-06,0,6.91358024691358e-06,NaN,NaN,0.00119757524316,NaN,2,0.0008,9.84938271604938e-05,23.2028,0.000794074074074074,0.000802962962962963,0.0632990463256836,0.0008,-0.0008,-0.0632960833627206,-3.95061728395069e-06,1.48148148148148e-06,0.000398024691358025,0
waterfall,results/noisy_channel_confirmatory_bp/waterfall/id/n_40/Rc_0p5/points/result_n_40_awgn_ebno_p1p3.mat,id,Identification,40,20,1048576,65536,1310720,1,0.1,0.1,0.05,0.2,0.2,0.5,64800,32400,0.5,1,810,1.3,80,0.254024101186092,0.0624990463256836,2500,fixed_frames,3,1012500,0,1012500,2.96296296296296e-06,0,2.96296296296296e-06,1.48148148148148e-06,0,6.91358024691358e-06,NaN,NaN,0.00119757524316,NaN,3,1012500,884115,1012500,2.96296296296296e-06,0.8732,0.8732,0.436601481481481,0.872549135802469,0.873811358024691,NaN,NaN,NaN,NaN,3,1012500,0,1012500,2.96296296296296e-06,0,2.96296296296296e-06,1.48148148148148e-06,0,6.91358024691358e-06,NaN,NaN,0.00119757524316,NaN,0,0,0,21.0164,0,2.96296296296296e-06,0.0624990463256836,0,0,-0.0624960833627206,0,1.48148148148148e-06,0,0
waterfall,results/noisy_channel_confirmatory_bp/waterfall/id/n_40/Rc_0p5/points/result_n_40_awgn_ebno_p1p4.mat,id,Identification,40,20,1048576,65536,1310720,1,0.1,0.1,0.05,0.2,0.2,0.5,64800,32400,0.5,1,810,1.4,80,0.254024101186092,0.0624990463256836,2500,fixed_frames,3,1012500,358,1012500,2.96296296296296e-06,0.00035358024691358,0.00035358024691358,0.000178271604938272,0,0.00141432098765432,NaN,NaN,NaN,NaN,1,1012500,872307,1012500,9.87654320987654e-07,0.861537777777778,0.861537777777778,0.430769382716049,0.860868148148148,0.862186666666667,NaN,NaN,NaN,NaN,3,1012500,0,1012500,2.96296296296296e-06,0,2.96296296296296e-06,1.48148148148148e-06,0,6.91358024691358e-06,NaN,NaN,0.00119757524316,NaN,1,0.0004,2.35679012345679e-05,19.266,0.000350123456790123,0.000402962962962963,0.0628990463256836,0.0004,-0.0004,-0.0628960833627206,-4.64197530864198e-05,1.48148148148148e-06,0.00017679012345679,0
waterfall,results/noisy_channel_confirmatory_bp/waterfall/id/n_40/Rc_0p5/points/result_n_40_awgn_ebno_p1p5.mat,id,Identification,40,20,1048576,65536,1310720,1,0.1,0.1,0.05,0.2,0.2,0.5,64800,32400,0.5,1,810,1.5,80,0.254024101186092,0.0624990463256836,2500,fixed_frames,3,1012500,0,1012500,2.96296296296296e-06,0,2.96296296296296e-06,1.48148148148148e-06,0,6.91358024691358e-06,NaN,NaN,0.00119757524316,NaN,1,1012500,861623,1012500,9.87654320987654e-07,0.850985679012346,0.850985679012346,0.425493333333333,0.850291358024691,0.851661234567901,NaN,NaN,NaN,NaN,3,1012500,0,1012500,2.96296296296296e-06,0,2.96296296296296e-06,1.48148148148148e-06,0,6.91358024691358e-06,NaN,NaN,0.00119757524316,NaN,0,0,0,17.7508,0,2.96296296296296e-06,0.0624990463256836,0,0,-0.0624960833627206,0,1.48148148148148e-06,0,0
waterfall,results/noisy_channel_confirmatory_bp/waterfall/id/n_40/Rc_0p5/points/result_n_40_awgn_ebno_p1p6.mat,id,Identification,40,20,1048576,65536,1310720,1,0.1,0.1,0.05,0.2,0.2,0.5,64800,32400,0.5,1,810,1.6,80,0.254024101186092,0.0624990463256836,2500,fixed_frames,3,1012500,0,1012500,2.96296296296296e-06,0,2.96296296296296e-06,1.48148148148148e-06,0,6.91358024691358e-06,NaN,NaN,0.00119757524316,NaN,3,1012500,848838,1012500,2.96296296296296e-06,0.838358518518519,0.838358518518519,0.419180740740741,0.837658271604938,0.839067654320988,NaN,NaN,NaN,NaN,3,1012500,0,1012500,2.96296296296296e-06,0,2.96296296296296e-06,1.48148148148148e-06,0,6.91358024691358e-06,NaN,NaN,0.00119757524316,NaN,0,0,0,16.5148,0,2.96296296296296e-06,0.0624990463256836,0,0,-0.0624960833627206,0,1.48148148148148e-06,0,0
waterfall,results/noisy_channel_confirmatory_bp/waterfall/id/n_40/Rc_0p5/points/result_n_40_awgn_ebno_p1p7.mat,id,Identification,40,20,1048576,65536,1310720,1,0.1,0.1,0.05,0.2,0.2,0.5,64800,32400,0.5,1,810,1.7,80,0.254024101186092,0.0624990463256836,2500,fixed_frames,3,1012500,0,1012500,2.96296296296296e-06,0,2.96296296296296e-06,1.48148148148148e-06,0,6.91358024691358e-06,NaN,NaN,0.00119757524316,NaN,1,1012500,836096,1012500,9.87654320987654e-07,0.825773827160494,0.825773827160494,0.412887407407407,0.825063703703704,0.82650962962963,NaN,NaN,NaN,NaN,3,1012500,0,1012500,2.96296296296296e-06,0,2.96296296296296e-06,1.48148148148148e-06,0,6.91358024691358e-06,NaN,NaN,0.00119757524316,NaN,0,0,0,15.4316,0,2.96296296296296e-06,0.0624990463256836,0,0,-0.0624960833627206,0,1.48148148148148e-06,0,0
waterfall,results/noisy_channel_confirmatory_bp/waterfall/id/n_40/Rc_0p5/points/result_n_40_awgn_ebno_p1p8.mat,id,Identification,40,20,1048576,65536,1310720,1,0.1,0.1,0.05,0.2,0.2,0.5,64800,32400,0.5,1,810,1.8,80,0.254024101186092,0.0624990463256836,2500,fixed_frames,3,1012500,1,1012500,2.96296296296296e-06,9.87654320987654e-07,2.96296296296296e-06,1.97530864197531e-06,9.87654320987654e-07,6.91358024691358e-06,NaN,NaN,NaN,NaN,0,1012500,821902,1012500,0,0.811755061728395,0.811755061728395,0.405877530864198,0.810948148148148,0.81251950617284,NaN,0.00119757524316,NaN,NaN,3,1012500,0,1012500,2.96296296296296e-06,0,2.96296296296296e-06,1.48148148148148e-06,0,6.91358024691358e-06,NaN,NaN,0.00119757524316,NaN,1,0.0004,2.46913580246914e-08,14.5196,9.87654320987654e-07,0.000402962962962963,0.0628990463256836,0.0004,-0.0004,-0.0628960833627206,-0.000399012345679012,1.48148148148148e-06,4.93827160493827e-07,0
waterfall,results/noisy_channel_confirmatory_bp/waterfall/id/n_40/Rc_0p5/points/result_n_40_awgn_ebno_p1p9.mat,id,Identification,40,20,1048576,65536,1310720,1,0.1,0.1,0.05,0.2,0.2,0.5,64800,32400,0.5,1,810,1.9,80,0.254024101186092,0.0624990463256836,2500,fixed_frames,3,1012500,0,1012500,2.96296296296296e-06,0,2.96296296296296e-06,1.48148148148148e-06,0,6.91358024691358e-06,NaN,NaN,0.00119757524316,NaN,1,1012500,808101,1012500,9.87654320987654e-07,0.798124444444444,0.798124444444444,0.399062716049383,0.797311604938272,0.798908641975309,NaN,NaN,NaN,NaN,3,1012500,0,1012500,2.96296296296296e-06,0,2.96296296296296e-06,1.48148148148148e-06,0,5.92592592592593e-06,NaN,NaN,0.00119757524316,NaN,0,0,0,13.6676,0,2.96296296296296e-06,0.0624990463256836,0,0,-0.0624960833627206,0,1.48148148148148e-06,0,0
waterfall,results/noisy_channel_confirmatory_bp/waterfall/id/n_40/Rc_0p5/points/result_n_40_awgn_ebno_p2p0.mat,id,Identification,40,20,1048576,65536,1310720,1,0.1,0.1,0.05,0.2,0.2,0.5,64800,32400,0.5,1,810,2,80,0.254024101186092,0.0624990463256836,2500,fixed_frames,3,1012500,0,1012500,2.96296296296296e-06,0,2.96296296296296e-06,1.48148148148148e-06,0,6.91358024691358e-06,NaN,NaN,0.00119757524316,NaN,1,1012500,793038,1012500,9.87654320987654e-07,0.783247407407407,0.783247407407407,0.391624197530864,0.782433580246914,0.784053333333333,NaN,NaN,NaN,NaN,3,1012500,0,1012500,2.96296296296296e-06,0,2.96296296296296e-06,1.48148148148148e-06,0,6.91358024691358e-06,NaN,NaN,0.00119757524316,NaN,0,0,0,12.9588,0,2.96296296296296e-06,0.0624990463256836,0,0,-0.0624960833627206,0,1.48148148148148e-06,0,0
waterfall,results/noisy_channel_confirmatory_bp/waterfall/id/n_40/Rc_0p5/points/result_n_40_awgn_ebno_p2p1.mat,id,Identification,40,20,1048576,65536,1310720,1,0.1,0.1,0.05,0.2,0.2,0.5,64800,32400,0.5,1,810,2.1,80,0.254024101186092,0.0624990463256836,2500,fixed_frames,3,1012500,0,1012500,2.96296296296296e-06,0,2.96296296296296e-06,1.48148148148148e-06,0,6.91358024691358e-06,NaN,NaN,0.00119757524316,NaN,1,1012500,777620,1012500,9.87654320987654e-07,0.76801975308642,0.76801975308642,0.38401037037037,0.767217777777778,0.768807901234568,NaN,NaN,NaN,NaN,3,1012500,0,1012500,2.96296296296296e-06,0,2.96296296296296e-06,1.48148148148148e-06,0,6.91358024691358e-06,NaN,NaN,0.00119757524316,NaN,0,0,0,12.2308,0,2.96296296296296e-06,0.0624990463256836,0,0,-0.0624960833627206,0,1.48148148148148e-06,0,0
waterfall,results/noisy_channel_confirmatory_bp/waterfall/id/n_40/Rc_0p5/points/result_n_40_awgn_ebno_p2p2.mat,id,Identification,40,20,1048576,65536,1310720,1,0.1,0.1,0.05,0.2,0.2,0.5,64800,32400,0.5,1,810,2.2,80,0.254024101186092,0.0624990463256836,2500,fixed_frames,3,1012500,0,1012500,2.96296296296296e-06,0,2.96296296296296e-06,1.48148148148148e-06,0,6.91358024691358e-06,NaN,NaN,0.00119757524316,NaN,1,1012500,761647,1012500,9.87654320987654e-07,0.752243950617284,0.752243950617284,0.376122469135802,0.751387654320988,0.753055802469136,NaN,NaN,NaN,NaN,3,1012500,0,1012500,2.96296296296296e-06,0,2.96296296296296e-06,1.48148148148148e-06,0,6.91358024691358e-06,NaN,NaN,0.00119757524316,NaN,0,0,0,11.6452,0,2.96296296296296e-06,0.0624990463256836,0,0,-0.0624960833627206,0,1.48148148148148e-06,0,0
waterfall,results/noisy_channel_confirmatory_bp/waterfall/id/n_40/Rc_0p5/points/result_n_40_awgn_ebno_p2p3.mat,id,Identification,40,20,1048576,65536,1310720,1,0.1,0.1,0.05,0.2,0.2,0.5,64800,32400,0.5,1,810,2.3,80,0.254024101186092,0.0624990463256836,2500,fixed_frames,3,1012500,0,1012500,2.96296296296296e-06,0,2.96296296296296e-06,1.48148148148148e-06,0,6.91358024691358e-06,NaN,NaN,0.00119757524316,NaN,1,1012500,744853,1012500,9.87654320987654e-07,0.735657283950617,0.735657283950617,0.367829135802469,0.734815802469136,0.736525432098765,NaN,NaN,NaN,NaN,3,1012500,0,1012500,2.96296296296296e-06,0,2.96296296296296e-06,1.48148148148148e-06,0,6.91358024691358e-06,NaN,NaN,0.00119757524316,NaN,0,0,0,11.1044,0,2.96296296296296e-06,0.0624990463256836,0,0,-0.0624960833627206,0,1.48148148148148e-06,0,0
waterfall,results/noisy_channel_confirmatory_bp/waterfall/id/n_40/Rc_0p5/points/result_n_40_awgn_ebno_p2p4.mat,id,Identification,40,20,1048576,65536,1310720,1,0.1,0.1,0.05,0.2,0.2,0.5,64800,32400,0.5,1,810,2.4,80,0.254024101186092,0.0624990463256836,2500,fixed_frames,3,1012500,0,1012500,2.96296296296296e-06,0,2.96296296296296e-06,1.48148148148148e-06,0,6.91358024691358e-06,NaN,NaN,0.00119757524316,NaN,1,1012500,726648,1012500,9.87654320987654e-07,0.717677037037037,0.717677037037037,0.358839012345679,0.716791111111111,0.718564938271605,NaN,NaN,NaN,NaN,3,1012500,0,1012500,2.96296296296296e-06,0,2.96296296296296e-06,1.48148148148148e-06,0,6.91358024691358e-06,NaN,NaN,0.00119757524316,NaN,0,0,0,10.5924,0,2.96296296296296e-06,0.0624990463256836,0,0,-0.0624960833627206,0,1.48148148148148e-06,0,0
waterfall,results/noisy_channel_confirmatory_bp/waterfall/id/n_40/Rc_0p5/points/result_n_40_awgn_ebno_p2p5.mat,id,Identification,40,20,1048576,65536,1310720,1,0.1,0.1,0.05,0.2,0.2,0.5,64800,32400,0.5,1,810,2.5,80,0.254024101186092,0.0624990463256836,2500,fixed_frames,3,1012500,0,1012500,2.96296296296296e-06,0,2.96296296296296e-06,1.48148148148148e-06,0,6.91358024691358e-06,NaN,NaN,0.00119757524316,NaN,0,1012500,709026,1012500,0,0.700272592592593,0.700272592592593,0.350136296296296,0.699393580246914,0.701184197530864,NaN,0.00119757524316,NaN,NaN,3,1012500,0,1012500,2.96296296296296e-06,0,2.96296296296296e-06,1.48148148148148e-06,0,6.91358024691358e-06,NaN,NaN,0.00119757524316,NaN,0,0,0,10.1012,0,2.96296296296296e-06,0.0624990463256836,0,0,-0.0624960833627206,0,1.48148148148148e-06,0,0
waterfall,results/noisy_channel_confirmatory_bp/waterfall/id/n_40/Rc_0p5/points/result_n_40_awgn_ebno_p2p6.mat,id,Identification,40,20,1048576,65536,1310720,1,0.1,0.1,0.05,0.2,0.2,0.5,64800,32400,0.5,1,810,2.6,80,0.254024101186092,0.0624990463256836,2500,fixed_frames,3,1012500,0,1012500,2.96296296296296e-06,0,2.96296296296296e-06,1.48148148148148e-06,0,6.91358024691358e-06,NaN,NaN,0.00119757524316,NaN,0,1012500,690093,1012500,0,0.681573333333333,0.681573333333333,0.340786666666667,0.680651851851852,0.682457283950617,NaN,0.00119757524316,NaN,NaN,3,1012500,0,1012500,2.96296296296296e-06,0,2.96296296296296e-06,1.48148148148148e-06,0,6.91358024691358e-06,NaN,NaN,0.00119757524316,NaN,0,0,0,9.6668,0,2.96296296296296e-06,0.0624990463256836,0,0,-0.0624960833627206,0,1.48148148148148e-06,0,0
waterfall,results/noisy_channel_confirmatory_bp/waterfall/rank/n_40/Rc_0p5/points/result_n_40_awgn_ebno_p0p5.mat,rank,Rank,40,20,1048576,3120,62400,21,0.1,0.1,0.05,0.2,0.2,0.5,64800,32400,0.5,1,810,0.5,80,0.199115730107962,0.062464714050293,2500,fixed_frames,17,1012500,978013,1012500,1.67901234567901e-05,0.965938765432099,0.965938765432099,0.482977777777778,0.965380740740741,0.966435555555556,NaN,NaN,NaN,NaN,19,1012500,939916,1012500,1.87654320987654e-05,0.928312098765432,0.928312098765432,0.464165432098765,0.927826172839506,0.928795061728395,NaN,NaN,NaN,NaN,25,1012500,0,1012500,2.46913580246914e-05,0,2.46913580246914e-05,1.23456790123457e-05,1.58024691358025e-05,3.45679012345679e-05,NaN,NaN,0.00119757524316,NaN,2500,1,0.0935666790123457,50,0.971864197530864,1,1,1,-0.999983209876543,-0.999983209876543,-0.0340612345679012,1.23456790123457e-05,0.482977777777778,1.23456790123457e-05
waterfall,results/noisy_channel_confirmatory_bp/waterfall/rank/n_40/Rc_0p5/points/result_n_40_awgn_ebno_p0p6.mat,rank,Rank,40,20,1048576,3120,62400,21,0.1,0.1,0.05,0.2,0.2,0.5,64800,32400,0.5,1,810,0.6,80,0.199115730107962,0.062464714050293,2500,fixed_frames,17,1012500,934892,1012500,1.67901234567901e-05,0.92335012345679,0.92335012345679,0.461683456790123,0.920185679012346,0.92634962962963,NaN,NaN,NaN,NaN,18,1012500,933617,1012500,1.77777777777778e-05,0.922090864197531,0.922090864197531,0.461054320987654,0.921593086419753,0.922604444444444,NaN,NaN,NaN,NaN,25,1012500,0,1012500,2.46913580246914e-05,0,2.46913580246914e-05,1.23456790123457e-05,1.48148148148148e-05,3.45679012345679e-05,NaN,NaN,0.00119757524316,NaN,2500,1,0.078258037037037,50,0.930589135802469,1,1,1,-0.999983209876543,-0.999983209876543,-0.0766498765432099,1.23456790123457e-05,0.461683456790123,1.23456790123457e-05
waterfall,results/noisy_channel_confirmatory_bp/waterfall/rank/n_40/Rc_0p5/points/result_n_40_awgn_ebno_p0p7.mat,rank,Rank,40,20,1048576,3120,62400,21,0.1,0.1,0.05,0.2,0.2,0.5,64800,32400,0.5,1,810,0.7,80,0.199115730107962,0.062464714050293,2500,fixed_frames,17,1012500,561871,1012500,1.67901234567901e-05,0.554934320987654,0.554934320987654,0.277475555555556,0.541361975308642,0.568987654320988,NaN,NaN,NaN,NaN,17,1012500,926757,1012500,1.67901234567901e-05,0.915315555555556,0.915315555555556,0.457666172839506,0.914744691358025,0.915837037037037,NaN,NaN,NaN,NaN,25,1012500,0,1012500,2.46913580246914e-05,0,2.46913580246914e-05,1.23456790123457e-05,1.48148148148148e-05,3.45679012345679e-05,NaN,NaN,0.00119757524316,NaN,2316,0.9264,0.0370265061728395,49.8412,0.561675061728395,0.926424691358025,0.988864714050293,0.9264,-0.926407901234568,-0.988847923926836,-0.371465679012346,1.23456790123457e-05,0.277471604938272,8.39506172839506e-06
waterfall,results/noisy_channel_confirmatory_bp/waterfall/rank/n_40/Rc_0p5/points/result_n_40_awgn_ebno_p0p8.mat,rank,Rank,40,20,1048576,3120,62400,21,0.1,0.1,0.05,0.2,0.2,0.5,64800,32400,0.5,1,810,0.8,80,0.199115730107962,0.062464714050293,2500,fixed_frames,24,1012500,35358,1012500,2.37037037037037e-05,0.0349214814814815,0.0349214814814815,0.0174725925925926,0.0299723456790123,0.0401728395061728,NaN,NaN,NaN,NaN,24,1012500,918280,1012500,2.37037037037037e-05,0.906943209876543,0.906943209876543,0.453483456790123,0.906399012345679,0.907509135802469,NaN,NaN,NaN,NaN,25,1012500,0,1012500,2.46913580246914e-05,0,2.46913580246914e-05,1.23456790123457e-05,1.58024691358025e-05,3.45679012345679e-05,NaN,NaN,0.00119757524316,NaN,485,0.194,0.00169181481481481,44.6808,0.0354967901234568,0.194024691358025,0.256464714050293,0.194,-0.194000987654321,-0.256441010346589,-0.159078518518519,1.23456790123457e-05,0.0174607407407407,4.93827160493827e-07
waterfall,results/noisy_channel_confirmatory_bp/waterfall/rank/n_40/Rc_0p5/points/result_n_40_awgn_ebno_p0p9.mat,rank,Rank,40,20,1048576,3120,62400,21,0.1,0.1,0.05,0.2,0.2,0.5,64800,32400,0.5,1,810,0.9,80,0.199115730107962,0.062464714050293,2500,fixed_frames,25,1012500,407,1012500,2.46913580246914e-05,0.000401975308641975,0.000401975308641975,0.000213333333333333,1.77777777777778e-05,0.00120296296296296,NaN,NaN,NaN,NaN,24,1012500,911379,1012500,2.37037037037037e-05,0.900127407407407,0.900127407407407,0.450075555555556,0.899547654320988,0.900716049382716,NaN,NaN,NaN,NaN,25,1012500,0,1012500,2.46913580246914e-05,0,2.46913580246914e-05,1.23456790123457e-05,1.58024691358025e-05,3.45679012345679e-05,NaN,NaN,0.00119757524316,NaN,3,0.0012,0.000158814814814815,35.5224,0.000402469135802469,0.00122469135802469,0.063664714050293,0.0012,-0.0012,-0.0636400226922683,-0.000798024691358025,1.23456790123457e-05,0.000200987654320988,0
waterfall,results/noisy_channel_confirmatory_bp/waterfall/rank/n_40/Rc_0p5/points/result_n_40_awgn_ebno_p1p0.mat,rank,Rank,40,20,1048576,3120,62400,21,0.1,0.1,0.05,0.2,0.2,0.5,64800,32400,0.5,1,810,1,80,0.199115730107962,0.062464714050293,2500,fixed_frames,25,1012500,0,1012500,2.46913580246914e-05,0,2.46913580246914e-05,1.23456790123457e-05,1.58024691358025e-05,3.45679012345679e-05,NaN,NaN,0.00119757524316,NaN,28,1012500,901727,1012500,2.76543209876543e-05,0.890594567901235,0.890594567901235,0.445311111111111,0.890032592592593,0.891214814814815,NaN,NaN,NaN,NaN,25,1012500,0,1012500,2.46913580246914e-05,0,2.46913580246914e-05,1.23456790123457e-05,1.48148148148148e-05,3.55555555555556e-05,NaN,NaN,0.00119757524316,NaN,0,0,0,29.7116,0,2.46913580246914e-05,0.062464714050293,0,0,-0.0624400226922683,0,1.23456790123457e-05,0,0
waterfall,results/noisy_channel_confirmatory_bp/waterfall/rank/n_40/Rc_0p5/points/result_n_40_awgn_ebno_p1p1.mat,rank,Rank,40,20,1048576,3120,62400,21,0.1,0.1,0.05,0.2,0.2,0.5,64800,32400,0.5,1,810,1.1,80,0.199115730107962,0.062464714050293,2500,fixed_frames,25,1012500,377,1012500,2.46913580246914e-05,0.000372345679012346,0.000372345679012346,0.000198518518518519,1.67901234567901e-05,0.00111703703703704,NaN,NaN,NaN,NaN,21,1012500,893064,1012500,2.07407407407407e-05,0.882038518518519,0.882038518518519,0.44102962962963,0.881402469135802,0.882614320987654,NaN,NaN,NaN,NaN,25,1012500,0,1012500,2.46913580246914e-05,0,2.46913580246914e-05,1.23456790123457e-05,1.58024691358025e-05,3.45679012345679e-05,NaN,NaN,0.00119757524316,NaN,1,0.0004,2.91111111111111e-05,25.9256,0.000369876543209877,0.000424691358024691,0.062864714050293,0.0004,-0.0004,-0.0628400226922683,-2.76543209876543e-05,1.23456790123457e-05,0.000186172839506173,0
waterfall,results/noisy_channel_confirmatory_bp/waterfall/rank/n_40/Rc_0p5/points/result_n_40_awgn_ebno_p1p2.mat,rank,Rank,40,20,1048576,3120,62400,21,0.1,0.1,0.05,0.2,0.2,0.5,64800,32400,0.5,1,810,1.2,80,0.199115730107962,0.062464714050293,2500,fixed_frames,25,1012500,0,1012500,2.46913580246914e-05,0,2.46913580246914e-05,1.23456790123457e-05,1.48148148148148e-05,3.55555555555556e-05,NaN,NaN,0.00119757524316,NaN,25,1012500,883061,1012500,2.46913580246914e-05,0.872159012345679,0.872159012345679,0.436091851851852,0.871524938271605,0.872795061728395,NaN,NaN,NaN,NaN,25,1012500,0,1012500,2.46913580246914e-05,0,2.46913580246914e-05,1.23456790123457e-05,1.58024691358025e-05,3.45679012345679e-05,NaN,NaN,0.00119757524316,NaN,0,0,0,23.1412,0,2.46913580246914e-05,0.062464714050293,0,0,-0.0624400226922683,0,1.23456790123457e-05,0,0
waterfall,results/noisy_channel_confirmatory_bp/waterfall/rank/n_40/Rc_0p5/points/result_n_40_awgn_ebno_p1p3.mat,rank,Rank,40,20,1048576,3120,62400,21,0.1,0.1,0.05,0.2,0.2,0.5,64800,32400,0.5,1,810,1.3,80,0.199115730107962,0.062464714050293,2500,fixed_frames,25,1012500,1126,1012500,2.46913580246914e-05,0.0011120987654321,0.0011120987654321,0.000568395061728395,2.37037037037037e-05,0.00255111111111111,NaN,NaN,NaN,NaN,24,1012500,872871,1012500,2.37037037037037e-05,0.862094814814815,0.862094814814815,0.431059259259259,0.861443950617284,0.862732839506173,NaN,NaN,NaN,NaN,25,1012500,0,1012500,2.46913580246914e-05,0,2.46913580246914e-05,1.23456790123457e-05,1.58024691358025e-05,3.45679012345679e-05,NaN,NaN,0.00119757524316,NaN,3,0.0012,0.000206938271604938,20.9832,0.00110666666666667,0.00122469135802469,0.063664714050293,0.0012,-0.0012,-0.0636400226922683,-8.79012345679012e-05,1.23456790123457e-05,0.000556049382716049,0
waterfall,results/noisy_channel_confirmatory_bp/waterfall/rank/n_40/Rc_0p5/points/result_n_40_awgn_ebno_p1p4.mat,rank,Rank,40,20,1048576,3120,62400,21,0.1,0.1,0.05,0.2,0.2,0.5,64800,32400,0.5,1,810,1.4,80,0.199115730107962,0.062464714050293,2500,fixed_frames,25,1012500,0,1012500,2.46913580246914e-05,0,2.46913580246914e-05,1.23456790123457e-05,1.58024691358025e-05,3.45679012345679e-05,NaN,NaN,0.00119757524316,NaN,27,1012500,861533,1012500,2.66666666666667e-05,0.850896790123457,0.850896790123457,0.425461728395062,0.850217283950617,0.851588148148148,NaN,NaN,NaN,NaN,25,1012500,0,1012500,2.46913580246914e-05,0,2.46913580246914e-05,1.23456790123457e-05,1.58024691358025e-05,3.45679012345679e-05,NaN,NaN,0.00119757524316,NaN,0,0,0,19.1792,0,2.46913580246914e-05,0.062464714050293,0,0,-0.0624400226922683,0,1.23456790123457e-05,0,0
waterfall,results/noisy_channel_confirmatory_bp/waterfall/rank/n_40/Rc_0p5/points/result_n_40_awgn_ebno_p1p5.mat,rank,Rank,40,20,1048576,3120,62400,21,0.1,0.1,0.05,0.2,0.2,0.5,64800,32400,0.5,1,810,1.5,80,0.199115730107962,0.062464714050293,2500,fixed_frames,25,1012500,0,1012500,2.46913580246914e-05,0,2.46913580246914e-05,1.23456790123457e-05,1.58024691358025e-05,3.45679012345679e-05,NaN,NaN,0.00119757524316,NaN,22,1012500,849450,1012500,2.17283950617284e-05,0.838962962962963,0.838962962962963,0.419492345679012,0.838229135802469,0.839647407407407,NaN,NaN,NaN,NaN,25,1012500,0,1012500,2.46913580246914e-05,0,2.46913580246914e-05,1.23456790123457e-05,1.48148148148148e-05,3.45679012345679e-05,NaN,NaN,0.00119757524316,NaN,0,0,0,17.7136,0,2.46913580246914e-05,0.062464714050293,0,0,-0.0624400226922683,0,1.23456790123457e-05,0,0
waterfall,results/noisy_channel_confirmatory_bp/waterfall/rank/n_40/Rc_0p5/points/result_n_40_awgn_ebno_p1p6.mat,rank,Rank,40,20,1048576,3120,62400,21,0.1,0.1,0.05,0.2,0.2,0.5,64800,32400,0.5,1,810,1.6,80,0.199115730107962,0.062464714050293,2500,fixed_frames,25,1012500,5,1012500,2.46913580246914e-05,4.93827160493827e-06,2.46913580246914e-05,1.48148148148148e-05,1.58024691358025e-05,3.45679012345679e-05,NaN,NaN,NaN,NaN,26,1012500,837035,1012500,2.5679012345679e-05,0.826701234567901,0.826701234567901,0.413363456790123,0.825933827160494,0.827438024691358,NaN,NaN,NaN,NaN,25,1012500,0,1012500,2.46913580246914e-05,0,2.46913580246914e-05,1.23456790123457e-05,1.58024691358025e-05,3.45679012345679e-05,NaN,NaN,0.00119757524316,NaN,1,0.0004,1.11111111111111e-07,16.5424,4.44444444444444e-06,0.000424691358024691,0.062864714050293,0.0004,-0.0004,-0.0628400226922683,-0.000395061728395062,1.23456790123457e-05,2.46913580246914e-06,0
waterfall,results/noisy_channel_confirmatory_bp/waterfall/rank/n_40/Rc_0p5/points/result_n_40_awgn_ebno_p1p7.mat,rank,Rank,40,20,1048576,3120,62400,21,0.1,0.1,0.05,0.2,0.2,0.5,64800,32400,0.5,1,810,1.7,80,0.199115730107962,0.062464714050293,2500,fixed_frames,25,1012500,46,1012500,2.46913580246914e-05,4.54320987654321e-05,4.54320987654321e-05,3.50617283950617e-05,1.67901234567901e-05,0.000136296296296296,NaN,NaN,NaN,NaN,24,1012500,824434,1012500,2.37037037037037e-05,0.814255802469136,0.814255802469136,0.40713975308642,0.813467654320988,0.815035061728395,NaN,NaN,NaN,NaN,25,1012500,0,1012500,2.46913580246914e-05,0,2.46913580246914e-05,1.23456790123457e-05,1.58024691358025e-05,3.45679012345679e-05,NaN,NaN,0.00119757524316,NaN,1,0.0004,1.58024691358025e-06,15.494,5.48148148148148e-05,0.000424691358024691,0.062864714050293,0.0004,-0.0004,-0.0628400226922683,-0.000354567901234568,1.23456790123457e-05,2.2716049382716e-05,0
waterfall,results/noisy_channel_confirmatory_bp/waterfall/rank/n_40/Rc_0p5/points/result_n_40_awgn_ebno_p1p8.mat,rank,Rank,40,20,1048576,3120,62400,21,0.1,0.1,0.05,0.2,0.2,0.5,64800,32400,0.5,1,810,1.8,80,0.199115730107962,0.062464714050293,2500,fixed_frames,25,1012500,0,1012500,2.46913580246914e-05,0,2.46913580246914e-05,1.23456790123457e-05,1.48148148148148e-05,3.45679012345679e-05,NaN,NaN,0.00119757524316,NaN,20,1012500,810746,1012500,1.97530864197531e-05,0.800736790123457,0.800736790123457,0.400378271604938,0.799934814814815,0.801495308641975,NaN,NaN,NaN,NaN,25,1012500,0,1012500,2.46913580246914e-05,0,2.46913580246914e-05,1.23456790123457e-05,1.48148148148148e-05,3.45679012345679e-05,NaN,NaN,0.00119757524316,NaN,0,0,0,14.5188,0,2.46913580246914e-05,0.062464714050293,0,0,-0.0624400226922683,0,1.23456790123457e-05,0,0
waterfall,results/noisy_channel_confirmatory_bp/waterfall/rank/n_40/Rc_0p5/points/result_n_40_awgn_ebno_p1p9.mat,rank,Rank,40,20,1048576,3120,62400,21,0.1,0.1,0.05,0.2,0.2,0.5,64800,32400,0.5,1,810,1.9,80,0.199115730107962,0.062464714050293,2500,fixed_frames,25,1012500,6,1012500,2.46913580246914e-05,5.92592592592593e-06,2.46913580246914e-05,1.53086419753086e-05,1.58024691358025e-05,3.45679012345679e-05,NaN,NaN,NaN,NaN,22,1012500,796156,1012500,2.17283950617284e-05,0.786326913580247,0.786326913580247,0.393174320987654,0.785552592592593,0.787087407407407,NaN,NaN,NaN,NaN,25,1012500,0,1012500,2.46913580246914e-05,0,2.46913580246914e-05,1.23456790123457e-05,1.58024691358025e-05,3.45679012345679e-05,NaN,NaN,0.00119757524316,NaN,1,0.0004,9.87654320987654e-08,13.6888,3.95061728395062e-06,0.000424691358024691,0.062864714050293,0.0004,-0.0004,-0.0628400226922683,-0.000394074074074074,1.23456790123457e-05,2.96296296296296e-06,0
waterfall,results/noisy_channel_confirmatory_bp/waterfall/rank/n_40/Rc_0p5/points/result_n_40_awgn_ebno_p2p0.mat,rank,Rank,40,20,1048576,3120,62400,21,0.1,0.1,0.05,0.2,0.2,0.5,64800,32400,0.5,1,810,2,80,0.199115730107962,0.062464714050293,2500,fixed_frames,25,1012500,1,1012500,2.46913580246914e-05,9.87654320987654e-07,2.46913580246914e-05,1.28395061728395e-05,1.58024691358025e-05,3.45679012345679e-05,NaN,NaN,NaN,NaN,15,1012500,781298,1012500,1.48148148148148e-05,0.771652345679012,0.771652345679012,0.385833580246914,0.770902716049383,0.772434567901235,NaN,NaN,NaN,NaN,25,1012500,0,1012500,2.46913580246914e-05,0,2.46913580246914e-05,1.23456790123457e-05,1.48148148148148e-05,3.45679012345679e-05,NaN,NaN,0.00119757524316,NaN,1,0.0004,2.46913580246914e-08,12.9348,9.87654320987654e-07,0.000424691358024691,0.062864714050293,0.0004,-0.0004,-0.0628400226922683,-0.000399012345679012,1.23456790123457e-05,4.93827160493827e-07,0
waterfall,results/noisy_channel_confirmatory_bp/waterfall/rank/n_40/Rc_0p5/points/result_n_40_awgn_ebno_p2p1.mat,rank,Rank,40,20,1048576,3120,62400,21,0.1,0.1,0.05,0.2,0.2,0.5,64800,32400,0.5,1,810,2.1,80,0.199115730107962,0.062464714050293,2500,fixed_frames,25,1012500,31,1012500,2.46913580246914e-05,3.06172839506173e-05,3.06172839506173e-05,2.76543209876543e-05,1.77777777777778e-05,9.18518518518518e-05,NaN,NaN,NaN,NaN,27,1012500,765340,1012500,2.66666666666667e-05,0.755891358024691,0.755891358024691,0.377959012345679,0.755000493827161,0.756695308641975,NaN,NaN,NaN,NaN,25,1012500,0,1012500,2.46913580246914e-05,0,2.46913580246914e-05,1.23456790123457e-05,1.58024691358025e-05,3.45679012345679e-05,NaN,NaN,0.00119757524316,NaN,1,0.0004,9.25925925925926e-07,12.2872,3.40740740740741e-05,0.000424691358024691,0.062864714050293,0.0004,-0.0004,-0.0628400226922683,-0.000369382716049383,1.23456790123457e-05,1.53086419753086e-05,0
waterfall,results/noisy_channel_confirmatory_bp/waterfall/rank/n_40/Rc_0p5/points/result_n_40_awgn_ebno_p2p2.mat,rank,Rank,40,20,1048576,3120,62400,21,0.1,0.1,0.05,0.2,0.2,0.5,64800,32400,0.5,1,810,2.2,80,0.199115730107962,0.062464714050293,2500,fixed_frames,25,1012500,1,1012500,2.46913580246914e-05,9.87654320987654e-07,2.46913580246914e-05,1.28395061728395e-05,1.48148148148148e-05,3.45679012345679e-05,NaN,NaN,NaN,NaN,21,1012500,749455,1012500,2.07407407407407e-05,0.740202469135802,0.740202469135802,0.370111604938272,0.739373827160494,0.741060740740741,NaN,NaN,NaN,NaN,25,1012500,0,1012500,2.46913580246914e-05,0,2.46913580246914e-05,1.23456790123457e-05,1.58024691358025e-05,3.45679012345679e-05,NaN,NaN,0.00119757524316,NaN,1,0.0004,4.93827160493827e-08,11.6832,1.97530864197531e-06,0.000424691358024691,0.062864714050293,0.0004,-0.0004,-0.0628400226922683,-0.000399012345679012,1.23456790123457e-05,4.93827160493827e-07,0
waterfall,results/noisy_channel_confirmatory_bp/waterfall/rank/n_40/Rc_0p5/points/result_n_40_awgn_ebno_p2p3.mat,rank,Rank,40,20,1048576,3120,62400,21,0.1,0.1,0.05,0.2,0.2,0.5,64800,32400,0.5,1,810,2.3,80,0.199115730107962,0.062464714050293,2500,fixed_frames,25,1012500,0,1012500,2.46913580246914e-05,0,2.46913580246914e-05,1.23456790123457e-05,1.58024691358025e-05,3.45679012345679e-05,NaN,NaN,0.00119757524316,NaN,24,1012500,732629,1012500,2.37037037037037e-05,0.723584197530864,0.723584197530864,0.361803950617284,0.722712098765432,0.724490864197531,NaN,NaN,NaN,NaN,25,1012500,0,1012500,2.46913580246914e-05,0,2.46913580246914e-05,1.23456790123457e-05,1.58024691358025e-05,3.45679012345679e-05,NaN,NaN,0.00119757524316,NaN,0,0,0,11.0964,0,2.46913580246914e-05,0.062464714050293,0,0,-0.0624400226922683,0,1.23456790123457e-05,0,0
waterfall,results/noisy_channel_confirmatory_bp/waterfall/rank/n_40/Rc_0p5/points/result_n_40_awgn_ebno_p2p4.mat,rank,Rank,40,20,1048576,3120,62400,21,0.1,0.1,0.05,0.2,0.2,0.5,64800,32400,0.5,1,810,2.4,80,0.199115730107962,0.062464714050293,2500,fixed_frames,25,1012500,0,1012500,2.46913580246914e-05,0,2.46913580246914e-05,1.23456790123457e-05,1.58024691358025e-05,3.45679012345679e-05,NaN,NaN,0.00119757524316,NaN,18,1012500,714949,1012500,1.77777777777778e-05,0.706122469135802,0.706122469135802,0.35307012345679,0.705228641975309,0.707081481481482,NaN,NaN,NaN,NaN,25,1012500,0,1012500,2.46913580246914e-05,0,2.46913580246914e-05,1.23456790123457e-05,1.58024691358025e-05,3.45679012345679e-05,NaN,NaN,0.00119757524316,NaN,0,0,0,10.5768,0,2.46913580246914e-05,0.062464714050293,0,0,-0.0624400226922683,0,1.23456790123457e-05,0,0
waterfall,results/noisy_channel_confirmatory_bp/waterfall/rank/n_40/Rc_0p5/points/result_n_40_awgn_ebno_p2p5.mat,rank,Rank,40,20,1048576,3120,62400,21,0.1,0.1,0.05,0.2,0.2,0.5,64800,32400,0.5,1,810,2.5,80,0.199115730107962,0.062464714050293,2500,fixed_frames,25,1012500,0,1012500,2.46913580246914e-05,0,2.46913580246914e-05,1.23456790123457e-05,1.58024691358025e-05,3.45679012345679e-05,NaN,NaN,0.00119757524316,NaN,16,1012500,696211,1012500,1.58024691358025e-05,0.687615802469136,0.687615802469136,0.343815802469136,0.686720987654321,0.68849975308642,NaN,NaN,NaN,NaN,25,1012500,0,1012500,2.46913580246914e-05,0,2.46913580246914e-05,1.23456790123457e-05,1.58024691358025e-05,3.45679012345679e-05,NaN,NaN,0.00119757524316,NaN,0,0,0,10.0776,0,2.46913580246914e-05,0.062464714050293,0,0,-0.0624400226922683,0,1.23456790123457e-05,0,0
waterfall,results/noisy_channel_confirmatory_bp/waterfall/rank/n_40/Rc_0p5/points/result_n_40_awgn_ebno_p2p6.mat,rank,Rank,40,20,1048576,3120,62400,21,0.1,0.1,0.05,0.2,0.2,0.5,64800,32400,0.5,1,810,2.6,80,0.199115730107962,0.062464714050293,2500,fixed_frames,25,1012500,0,1012500,2.46913580246914e-05,0,2.46913580246914e-05,1.23456790123457e-05,1.58024691358025e-05,3.55555555555556e-05,NaN,NaN,0.00119757524316,NaN,22,1012500,678655,1012500,2.17283950617284e-05,0.670276543209877,0.670276543209877,0.335149135802469,0.66936,0.671172345679012,NaN,NaN,NaN,NaN,25,1012500,0,1012500,2.46913580246914e-05,0,2.46913580246914e-05,1.23456790123457e-05,1.58024691358025e-05,3.35802469135802e-05,NaN,NaN,0.00119757524316,NaN,0,0,0,9.6228,0,2.46913580246914e-05,0.062464714050293,0,0,-0.0624400226922683,0,1.23456790123457e-05,0,0
