family,sequence,n_t,r,T,K,m,S,rate,E,bound,design_bound,asymptotic
id,fixed_E,24,12,4096,776,9312,1,0.5493698059545118,0.1,0.189208984375,0.18946457081379972,0.5
id,vanishing_E,24,12,4096,137,1644,1,0.44512477432007014,0.20412414523193154,0.033203125,0.033516620862494656,0.5
id,fixed_E,26,13,8192,1351,17563,1,0.5423173722102607,0.1,0.164794921875,0.16493848884661177,0.5
id,vanishing_E,26,13,8192,239,3107,1,0.4462040971585323,0.19611613513818404,0.029052734375,0.029177103632504895,0.5
id,fixed_E,28,14,16384,2352,32928,1,0.5359652595319274,0.1,0.14349365234375,0.14358729437462936,0.5
id,vanishing_E,28,14,16384,418,5852,1,0.4469540733620888,0.1889822365046136,0.02545166015625,0.025532832053792892,0.5
id,fixed_E,30,15,32768,4096,61440,1,0.5302296865202839,0.1,0.124969482421875,0.125,0.5
id,vanishing_E,30,15,32768,735,11025,1,0.44761636784440817,0.18257418583505536,0.02239990234375,0.02244867998231078,0.5
id,fixed_E,32,16,65536,7131,114096,1,0.5249965215207372,0.1,0.108795166015625,0.1088188204120155,0.5
id,vanishing_E,32,16,65536,1298,20768,1,0.4481898333749731,0.17677669529663687,0.0197906494140625,0.019820617922037216,0.5
id,fixed_E,34,17,131072,12416,211072,1,0.5202169318658079,0.1,0.09471893310546875,0.09473228540689986,0.5
id,vanishing_E,34,17,131072,2302,39134,1,0.44870985174654615,0.17149858514250882,0.01755523681640625,0.017567443942288836,0.5
id,fixed_E,36,18,262144,21618,389124,1,0.5158297344052849,0.1,0.08246231079101562,0.08246924442330589,0.5
id,vanishing_E,36,18,262144,4096,73728,1,0.44916458337339754,0.16666666666666666,0.015621185302734375,0.015625,0.5
id,fixed_E,38,19,524288,37640,715160,1,0.5117870137120917,0.1,0.07179069519042969,0.07179364718731468,0.5
id,vanishing_E,38,19,524288,7309,138871,1,0.4495627850442152,0.16222142113076254,0.01393890380859375,0.013942044976347436,0.5
id,fixed_E,40,20,1048576,65536,1310720,1,0.5080482023721841,0.1,0.062499046325683594,0.0625,0.5
id,vanishing_E,40,20,1048576,13083,261660,1,0.4499333467672531,0.15811388300841897,0.012475967407226562,0.01247725753999603,0.5
id,fixed_E,42,21,2097152,114104,2396184,1,0.5045787443921173,0.1,0.05440855026245117,0.05440941020600775,0.5
id,vanishing_E,42,21,2097152,23481,493101,1,0.4502743726913935,0.1543033499620919,0.011196136474609375,0.011197025200697243,0.5
id,fixed_E,44,22,4194304,198668,4370696,1,0.5013507183073853,0.1,0.04736590385437012,0.04736614270344993,0.5
id,vanishing_E,44,22,4194304,42252,929544,1,0.45059462798230876,0.15075567228888181,0.010073423385620117,0.010073790330393486,0.5
id,fixed_E,46,23,8388608,345901,7955723,1,0.4983382959791941,0.1,0.041234493255615234,0.04123462221165293,0.5
id,vanishing_E,46,23,8388608,76208,1752784,1,0.4508960171613268,0.14744195615489714,0.009084582328796387,0.009084797149691334,0.5
id,fixed_E,48,24,16777216,602248,14453952,1,0.49552001401242923,0.1,0.03589671850204468,0.035896823593657326,0.5
id,vanishing_E,48,24,16777216,137759,3306216,1,0.4511822823008828,0.14433756729740646,0.008211016654968262,0.00821113158104598,0.5
id,fixed_E,50,25,33554432,1048576,26214400,1,0.4928771237954945,0.1,0.031249970197677612,0.03125,0.5
id,vanishing_E,50,25,33554432,249543,6238575,1,0.4514557019835852,0.1414213562373095,0.007436931133270264,0.007436977837164958,0.5
id,fixed_E,52,26,67108864,1825676,47467576,1,0.490393058510844,0.1,0.02720467746257782,0.027204705103003875,0.5
id,vanishing_E,52,26,67108864,452920,11775920,1,0.4517180084570848,0.1386750490563073,0.006749019026756287,0.006749037330958367,0.5
id,fixed_E,54,27,134217728,3178688,85824576,1,0.48805347201946525,0.1,0.023683063685894012,0.023683071351724965,0.5
id,vanishing_E,54,27,134217728,823569,22236363,1,0.45197069450073396,0.13608276348795434,0.006136059761047363,0.0061360704898843045,0.5
id,fixed_E,56,28,268435456,5534417,154963676,1,0.48584562217358057,0.1,0.020617306232452393,0.020617311105826465,0.5
id,vanishing_E,56,28,268435456,1500160,42004480,1,0.452214997702986,0.1336306209562122,0.0055885277688503265,0.0055885325677006836,0.5
id,fixed_E,58,29,536870912,9635980,279443420,1,0.4837582924765396,0.1,0.017948409542441368,0.017948411796828663,0.5
id,vanishing_E,58,29,536870912,2737119,79376451,1,0.45245185730452403,0.13130643285972254,0.005098279565572739,0.0050982820134295335,0.5
id,fixed_E,60,30,1073741824,16777216,503316480,1,0.4817815099268087,0.1,0.015624999068677425,0.015625,0.5
id,vanishing_E,60,30,1073741824,5001860,150055800,1,0.45268206404295097,0.12909944487358055,0.004658344201743603,0.0046583453287923435,0.5
id,fixed_E,62,31,2147483648,29210829,905535699,1,0.47990639156237813,0.1,0.013602351769804955,0.013602352551501938,0.5
id,vanishing_E,62,31,2147483648,9154134,283778154,1,0.45290626274606055,0.1270001270001905,0.004262725356966257,0.004262726254365756,0.5
id,fixed_E,64,32,4294967296,50859008,1627488256,1,0.4781249997951196,0.1,0.011841535335406661,0.011841535675862483,0.5
id,vanishing_E,64,32,4294967296,16777216,536870912,1,0.453125,0.125,0.0039062497671693563,0.00390625,0.5
id,fixed_E,66,33,8589934592,88550676,2922172308,1,0.47643021369985755,0.1,0.010308655328117311,0.010308655552913232,0.5
id,vanishing_E,66,33,8589934592,30790065,1016072145,1,0.4533387226755602,0.12309149097933272,0.00358443520963192,0.0035844353711056904,0.5
id,fixed_E,68,34,17179869184,154175683,5241973222,1,0.47481562996815424,0.1,0.00897420581895858,0.008974205898414332,0.5
id,vanishing_E,68,34,17179869184,56579996,1923719864,1,0.4535478173559228,0.12126781251816648,0.0032933891634456813,0.0032933892440528195,0.5
id,fixed_E,70,35,34359738368,268435456,9395240960,1,0.4732754716706424,0.1,0.0078124999708961695,0.0078125,0.5
id,vanishing_E,70,35,34359738368,104100354,3643512390,1,0.45375261072382167,0.11952286093343936,0.0030297190241981298,0.0030297190552690556,0.5
id,fixed_E,72,36,68719476736,467373274,16825437864,1,0.4718045138720977,0.1,0.006801176248700358,0.006801176275750969,0.5
id,vanishing_E,72,36,68719476736,191758943,6903321948,1,0.453953383643637,0.11785113019775793,0.002790459868265316,0.0027904598922210595,0.5
id,fixed_E,74,37,137438953472,813744135,30108532995,1,0.4703980184449591,0.1,0.005920767827774398,0.005920767837931241,0.5
id,vanishing_E,74,37,137438953472,353632280,13084394360,1,0.4541503796822805,0.11624763874381928,0.0025730134730110876,0.0025730134840280003,0.5
id,fixed_E,76,38,274877906944,1416810830,53838811540,1,0.4690516777964671,0.1,0.005154327769560041,0.005154327776456616,0.5
id,vanishing_E,76,38,274877906944,652861675,24808743650,1,0.45434381086616765,0.11470786693528087,0.002375096933974419,0.0023750969384906933,0.5
id,fixed_E,78,39,549755813888,2466810933,96205626387,1,0.4677615669021873,0.1,0.004487102945859078,0.004487102949207166,0.5
id,vanishing_E,78,39,549755813888,1206548809,47055403551,1,0.45453386348077357,0.11322770341445956,0.002194699496612884,0.00219469950000494,0.5
id,fixed_E,80,40,1099511627776,4294967296,171798691840,1,0.466524101186092,0.1,0.0039062499990905053,0.00390625,0.5
id,vanishing_E,80,40,1099511627776,2232059113,89282364520,1,0.45472070230413053,0.11180339887498948,0.002030045936407987,0.002030045938102317,0.5
id,fixed_E,82,41,2199023255552,7477972397,306596868277,1,0.46533600005457126,0.1,0.003400588137083105,0.0034005881378754823,0.5
id,vanishing_E,82,41,2199023255552,4133208114,169461532674,1,0.4549044739789559,0.11043152607484653,0.0018795654400491912,0.0018795654407726928,0.5
id,fixed_E,84,42,4398046511104,13019906166,546836058972,1,0.46419425503263845,0.1,0.002960383918662046,0.0029603839189656206,0.5
id,vanishing_E,84,42,4398046511104,7660803710,321753755820,1,0.45508530991467255,0.1091089451179962,0.0017418650961644744,0.0017418650964336117,0.5
id,fixed_E,86,43,8796093022208,22668973294,974765851642,1,0.4630961017986163,0.1,0.0025771638880769387,0.00257716388822831,0.5
id,vanishing_E,86,43,8796093022208,14211910965,611112171495,1,0.45526332859497165,0.10783277320343841,0.0016157072154783236,0.0016157072156355,0.5
id,fixed_E,88,44,17592186044416,39468974941,1736634897404,1,0.4620389956661459,0.1,0.002243551474521155,0.002243551474603583,0.5
id,vanishing_E,88,44,17592186044416,26388100991,1161076443604,1,0.4554386374880275,0.10660035817780521,0.0014999898775158726,0.0014999898776184835,0.5
id,fixed_E,90,45,35184372088832,68719476736,3092376453120,1,0.46102058995921863,0.1,0.0019531249999715783,0.001953125,0.5
id,vanishing_E,90,45,35184372088832,49037521764,2206688479380,1,0.45561133462008485,0.10540925533894598,0.0013937301947350988,0.0013937301947798437,0.5
id,fixed_E,92,46,70368744177664,119647558363,5503787684698,1,0.460038716913548,0.1,0.0017002940689110346,0.0017002940689377411,0.5
id,vanishing_E,92,46,70368744177664,91201402126,4195264497796,1,0.45578150988495436,0.10425720702853739,0.0012960498754210903,0.0012960498754494715,0.5
id,fixed_E,94,47,140737488355328,208318498661,9790969437067,1,0.4590913707625014,0.1,0.0014801919594731316,0.0014801919594828103,0.5
id,vanishing_E,94,47,140737488355328,169752314061,7978358760867,1,0.4559492461365941,0.10314212462587934,0.0012061627363380012,0.0012061627363493994,0.5
id,fixed_E,96,48,281474976710656,362703572709,17409771490032,1,0.45817669271583283,0.1,0.0012885819441095236,0.0012885819441141532,0.5
id,vanishing_E,96,48,281474976710656,316198820283,15177543373584,1,0.4561146200998767,0.10206207261596577,0.0011233638740364427,0.001123363874040212,0.5
id,fixed_E,98,49,562949953421312,631503599063,30943676354087,1,0.4572929575930076,0.1,0.0011217757372996573,0.0011217757373017914,0.5
id,vanishing_E,98,49,562949953421312,589420002163,28881580105987,1,0.45627770313778465,0.10101525445522107,0.0010470202521197791,0.0010470202521220264,0.5
id,fixed_E,100,50,1125899906842624,1099511627776,54975581388800,1,0.45643856189774723,0.1,0.0009765624999991118,0.0009765625,0.5
id,vanishing_E,100,50,1125899906842624,1099511627776,54975581388800,1,0.45643856189774723,0.1,0.0009765624999991118,0.0009765625,0.5
id,fixed_E,102,51,2251799813685248,1914360933822,97632407624922,1,0.4556120131565828,0.1,0.0008501470344683959,0.0008501470344688706,0.5
id,vanishing_E,102,51,2251799813685248,2052465430459,104675736953409,1,0.45659725885891517,0.09901475429766744,0.0009114777512566619,0.000911477751257151,0.5
id,fixed_E,104,52,4503599627370496,3333095978581,173320990886212,1,0.454811920366738,0.1,0.0007400959797410067,0.0007400959797414052,0.5
id,vanishing_E,104,52,4503599627370496,3833929568652,199364337569904,1,0.4567538527976459,0.09805806756909202,0.000851303376381507,0.0008513033763819304,0.5
id,fixed_E,106,53,9007199254740992,5803257163348,307572629657444,1,0.45403698542040555,0.1,0.0006442909720568712,0.0006442909720570766,0.5
id,vanishing_E,106,53,9007199254740992,7166321262941,379815026935873,1,0.4569083991846802,0.09712858623572641,0.0007956214867976819,0.0007956214867978494,0.5
id,fixed_E,108,54,18014398509481984,10104057585011,545619109590594,1,0.4532859953904022,0.1,0.0005608878686508278,0.0005608878686508957,0.5
id,vanishing_E,108,54,18014398509481984,13403687171927,723799107284058,1,0.45706095052546475,0.09622504486493763,0.0007440541056572547,0.0007440541056573171,0.5
id,fixed_E,110,55,36028797018963968,17592186044416,967570232442880,1,0.4525578155774969,0.1,0.00048828124999997224,0.00048828125,0.5
id,vanishing_E,110,55,36028797018963968,25085371169877,1379695414343235,1,0.45721155665293733,0.09534625892455924,0.0006962589163516109,0.0006962589163516577,0.5
id,fixed_E,112,56,72057594037927936,30629774941153,1715267396704568,1,0.4518513832326571,0.1,0.00042507351723442,0.0004250735172344353,0.5
id,vanishing_E,112,56,72057594037927936,46976183936181,2630666300426136,1,0.45736026498035015,0.0944911182523068,0.0006519255126871681,0.0006519255126871937,0.5
id,fixed_E,114,57,144115188075855872,53329535657308,3039783532466556,1,0.4511657018786379,0.1,0.0003700479898706907,0.0003700479898707026,0.5
id,vanishing_E,114,57,144115188075855872,88021533990012,5017227437430684,1,0.45750712072046856,0.0936585811581694,0.0006107720856158502,0.0006107720856158614,0.5
id,fixed_E,116,58,288230376151711744,92852114613581,5385422647587698,1,0.45049983616489275,0.1,0.00032214548602853277,0.0003221454860285383,0.5
id,vanishing_E,116,58,288230376151711744,165024137439946,9571399971516868,1,0.4576521670763669,0.09284766908852593,0.0005725424906397915,0.0005725424906397973,0.5
id,fixed_E,118,59,576460752303423488,161664921360179,9538230360250561,1,0.44985290719798166,0.1,0.00028044393432544515,0.00028044393432544786,0.5
id,vanishing_E,118,59,576460752303423488,309561526812179,18264130081918561,1,0.4577954454081493,0.09205746178983235,0.000537003647820309,0.000537003647820311,0.5
id,fixed_E,120,60,1152921504606846976,281474976710656,16888498602639360,1,0.44922408829673766,0.1,0.00024414062499999913,0.000244140625,0.5
id,vanishing_E,120,60,1152921504606846976,581006990367077,34860419422024620,1,0.45793699537920995,0.09128709291752768,0.0005039432329481987,0.0005039432329482007,0.5
id,fixed_E,122,61,2305843009213693952,490076399058450,29894660342565450,1,0.4486126011275646,0.1,0.00021253675861721737,0.00021253675861721764,0.5
id,vanishing_E,122,61,2305843009213693952,1091050258143440,66554065746749840,1,0.45807685508504614,0.09053574604251853,0.0004731676240679948,0.0004731676240679954,0.5
id,fixed_E,124,62,4611686018427387904,853272570516939,52902899372050218,1,0.44801771218053926,0.1,0.000185023994935351,0.0001850239949353513,0.5
id,vanishing_E,124,62,4611686018427387904,2049894768862104,127093475669450448,1,0.4582150611671519,0.08980265101338746,0.0004445000723533926,0.00044450007235339293,0.5
id,fixed_E,126,63,9223372036854775808,1485633833817307,93594931530490341,1,0.44743872955158664,0.1,0.0001610727430142692,0.00016107274301426915,0.5
id,vanishing_E,126,63,9223372036854775808,3853331795849001,242759903138487063,1,0.45835164891411184,0.0890870806374748,0.0004177790704366956,0.0004177790704366959,0.5
id,fixed_E,128,64,18446744073709551616,2586638741762874,165544879472823936,1,0.446875,0.1,0.00014022196716272393,0.00014022196716272393,0.5
id,vanishing_E,128,64,18446744073709551616,7246930596177816,463803558155380224,1,0.45848665235168157,0.08838834764831843,0.00039285689481138294,0.00039285689481138294,0.5
id,fixed_E,130,65,36893488147419103232,4503599627370496,292733975779082240,1,0.44632590625406504,0.1,0.00012207031249999997,0.0001220703125,0.5
id,vanishing_E,130,65,36893488147419103232,13635770572112800,886325087187332000,1,0.4586201043233621,0.08770580193070293,0.0003695983019449652,0.0003695983019449652,0.5
id,fixed_E,132,66,73786976294838206464,7841222384935200,517520677405723200,1,0.44579086454059436,0.1,0.00010626837930860889,0.00010626837930860882,0.5
id,vanishing_E,132,66,73786976294838206464,25668966114518632,1694151763558229712,1,0.4587520365627454,0.08703882797784893,0.00034787936033522373,0.0003478793603352237,0.5
id,fixed_E,134,67,147573952589676412928,13652361128271032,914708195594159144,1,0.44526932231684907,0.1,9.251199746767566e-05,9.251199746767564e-05,0.5
id,vanishing_E,134,67,147573952589676412928,48343220302439288,3238995760263432296,1,0.45888247975871305,0.08638684255813601,0.00032758640298031263,0.0003275864029803126,0.5
id,fixed_E,136,68,295147905179352825856,23770141341076913,1616369611193230084,1,0.4447607561856643,0.1,8.053637150713466e-05,8.053637150713457e-05,0.5
id,vanishing_E,136,68,295147905179352825856,91087096336055153,6193922550851750404,1,0.4590114636144098,0.08574929257125441,0.0003086150866654607,0.0003086150866654607,0.5
id,fixed_E,138,69,590295810358705651712,41386219868205988,2855649170906213172,1,0.44426466997665337,0.1,7.011098358136199e-05,7.011098358136196e-05,0.5
id,vanishing_E,138,69,590295810358705651712,171699074447893911,11847236136904679859,1,0.4591390169007785,0.08512565307587486,0.00029086954614087024,0.00029086954614087034,0.5
id,fixed_E,140,70,1180591620717411303424,72057594037927936,5044031582654955520,1,0.44378059297817835,0.1,6.103515625e-05,6.103515625e-05,0.5
id,vanishing_E,140,70,1180591620717411303424,323790985467289076,22665368982710235320,1,0.45926516750532664,0.08451542547285165,0.0002742616327147322,0.0002742616327147323,0.5
id,fixed_E,142,71,2361183241434822606848,125459558158963202,8907628629286387342,1,0.44330807830637103,0.1,5.313418965430445e-05,5.313418965430441e-05,0.5
id,vanishing_E,142,71,2361183241434822606848,610862254845104031,43371220094002386201,1,0.4593899424767021,0.08391813582966891,0.000258710228043928,0.00025871022804392814,0.5
id,fixed_E,144,72,4722366482869645213696,218437778052336525,15727520019768229800,1,0.4428467013989049,0.1,4.625599873383783e-05,4.625599873383782e-05,0.5
id,vanishing_E,144,72,4722366482869645213696,1152921504606847359,83010348331693009848,1,0.4595133680655716,0.08333333333333333,0.00024414062500000005,0.000244140625,0.5
id,fixed_E,146,73,9444732965739290427392,380322261457230609,27763525086377834457,1,0.44239605862246584,0.1,4.026818575356733e-05,4.026818575356729e-05,0.5
id,vanishing_E,146,73,9444732965739290427392,2176859534820439214,158910746041892062622,1,0.459635469762229,0.0827605888602368,0.00023048396844219774,0.0002304839684421978,0.5
id,fixed_E,148,74,18889465931478580854784,662179517891295819,49001284323955890606,1,0.4419557659839794,0.1,3.5055491790681e-05,3.505549179068098e-05,0.5
id,vanishing_E,148,74,18889465931478580854784,4111797544933991065,304273018325115338810,1,0.45975627233130073,0.08219949365267865,0.00021767674956240217,0.00021767674956240214,0.5
id,fixed_E,150,75,37778931862957161709568,1152921504606846976,86469112845513523200,1,0.4415254579366392,0.1,3.0517578125e-05,3.0517578125e-05,0.5
id,vanishing_E,150,75,37778931862957161709568,7769628281370724225,582722121102804316875,1,0.45987579984386656,0.08164965809277261,0.00020566034819499403,0.00020566034819499395,0.5
id,fixed_E,152,76,75557863725914323419136,2007352930543411233,152558822721299253708,1,0.44110478627265515,0.1,2.6567094827152225e-05,2.6567094827152205e-05,0.5
id,vanishing_E,152,76,75557863725914323419136,14686984255058461651,1116210803384443085476,1,0.4599940757072739,0.08111071056538127,0.00019438061812249489,0.0001943806181224948,0.5
id,fixed_E,154,77,151115727451828646838272,3495004448837384407,269115342560478599339,1,0.4406934190954214,0.1,2.3127999366918915e-05,2.312799936691891e-05,0.5
id,vanishing_E,154,77,151115727451828646838272,27773183416358732660,2138535123059622414820,1,0.4601111226928834,0.08058229640253803,0.00018378751096712964,0.00018378751096712962,0.5
id,fixed_E,156,78,302231454903657293676544,6085156183315689749,474642182298623800422,1,0.44029103986450163,0.1,2.0134092876783664e-05,2.0134092876783644e-05,0.5
id,vanishing_E,156,78,302231454903657293676544,52538324796205355562,4097989334104017733836,1,0.46022696296195803,0.08006407690254357,0.0001738347347497403,0.00017383473474974031,0.5
id,fixed_E,158,79,604462909807314587353088,10594872286260733109,836994910614597915611,1,0.43989734650745005,0.1,1.75277458953405e-05,1.752774589534049e-05,0.5
id,vanishing_E,158,79,604462909807314587353088,99421723099841229144,7854316124887457102376,1,0.460341618089877,0.079555728417573,0.00016447944362960834,0.0001644794436296084,0.5
id,fixed_E,160,80,1208925819614629174706176,18446744073709551616,1475739525896764129280,1,0.43951205059304604,0.1,1.52587890625e-05,1.52587890625e-05,0.5
id,vanishing_E,160,80,1208925819614629174706176,188207935917269275764,15056634873381542061120,1,0.4604551090888365,0.07905694150420949,0.0001556819557193878,0.00015568195571938781,0.5
id,fixed_E,162,81,2417851639229258349412352,32117646888694579732,2601529397984260958292,1,0.43913487656101624,0.1,1.3283547413576113e-05,1.328354741357612e-05,0.5
id,vanishing_E,162,81,2417851639229258349412352,356404620630916271035,28868774271104217953835,1,0.4605674564291776,0.07856742013183861,0.00014740549620510538,0.00014740549620510535,0.5
id,fixed_E,164,82,4835703278458516698824704,55920071181398150515,4585445836874648342230,1,0.4387655610037688,0.1,1.1563999683459457e-05,1.156399968345944e-05,0.5
id,vanishing_E,164,82,4835703278458516698824704,675141371443953260636,55361592458404167372152,1,0.4606786800594658,0.07808688094430304,0.0001396159632977251,0.00013961596329772525,0.5
id,fixed_E,166,83,9671406556917033397649408,97362498933051035994,8081087411443235987502,1,0.4384038519960658,0.1,1.0067046438391832e-05,1.0067046438391822e-05,0.5
id,vanishing_E,166,83,9671406556917033397649408,1279350243925895080289,106186070245849291663987,1,0.46078879942543255,0.07761505257063328,0.00013228171480506092,0.00013228171480506092,0.5
id,fixed_E,168,84,19342813113834066795298816,169517956580171729746,14239508352734425298664,1,0.4380495084689212,0.1,8.76387294767025e-06,8.763872947670246e-06,0.5
id,vanishing_E,168,84,19342813113834066795298816,2425073730064230192315,203706193325395336154460,1,0.46089783348787516,0.07715167498104596,0.0001253733733450491,0.00012537337334504915,0.5
id,fixed_E,170,85,38685626227668133590597632,295147905179352825856,25087571940244990197760,1,0.4377022996243394,0.1,7.62939453125e-06,7.62939453125e-06,0.5
id,vanishing_E,170,85,38685626227668133590597632,4598314675116799976113,390856747384927997969605,1,0.46100580073960234,0.07669649888473704,0.0001188636484273341,0.00011886364842733411,0.5
id,fixed_E,172,86,77371252455336267181195264,513882350219113275727,44193882118843741712522,1,0.4373620043878029,0.1,6.641773706788056e-06,6.64177370678806e-06,0.5
id,vanishing_E,172,86,77371252455336267181195264,8721842623654080501451,750078465634250923124786,1,0.4611127192215006,0.07624928516630233,0.00011272717381289513,0.00011272717381289513,0.5
id,fixed_E,174,87,154742504910672534362390528,894721138902370408242,77840739084506225517054,1,0.4370284108956824,0.1,5.781999841729729e-06,5.78199984172972e-06,0.5
id,vanishing_E,174,87,154742504910672534362390528,16548218984986303418921,1439695051693808397446127,1,0.46121860653779195,0.07580980435789034,0.00010694035872392666,0.00010694035872392676,0.5
id,fixed_E,176,88,309485009821345068724781056,1557799982928816575908,137086398497735858679904,1,0.4367013160149847,0.1,5.033523219195916e-06,5.033523219195911e-06,0.5
id,vanishing_E,176,88,309485009821345068724781056,31406926154523772766752,2763809501598092003474176,1,0.4613234798705437,0.07537783614444091,0.00010148125162072922,0.00010148125162072928,0.5
id,fixed_E,178,89,618970019642690137449562112,2712287305282747675945,241393570170164543159105,1,0.43638052489306967,0.1,4.381936473835125e-06,4.381936473835123e-06,0.5
id,vanishing_E,178,89,618970019642690137449562112,59625020136830221502196,5306626792177889713695444,1,0.4614273559934835,0.07495316889958614,9.632941539115202e-05,9.632941539115193e-05,0.5
id,fixed_E,180,90,1237940039285380274899124224,4722366482869645213696,425012983458268069232640,1,0.4360658505351649,0.1,3.814697265625e-06,3.814697265625e-06,0.5
id,vanishing_E,180,90,1237940039285380274899124224,113229192030744362182767,10190627282766992596449030,1,0.46153025128517183,0.07453559924999299,9.146581291296438e-05,9.146581291296434e-05,0.5
id,fixed_E,182,91,2475880078570760549798248448,8222117603505812411638,748212701919028929459058,1,0.43575711340768514,0.1,3.320886853394028e-06,3.32088685339403e-06,0.5
id,vanishing_E,182,91,2475880078570760549798248448,215086392382314969641848,19572861706790662237408168,1,0.461632181741575,0.07412493166611012,8.687270205206258e-05,8.68727020520626e-05,0.5
id,fixed_E,184,92,4951760157141521099596496896,14315538222437926531878,1317029516464289240932776,1,0.43545414106552727,0.1,2.8909999208648643e-06,2.89099992086486e-06,0.5
id,vanishing_E,184,92,4951760157141521099596496896,408686291291174479361470,37599138798788052101255240,1,0.4617331629880787,0.07372097807744857,8.253353925103975e-05,8.253353925103978e-05,0.5
id,fixed_E,186,93,9903520314283042199192993792,24924799726861065214542,2318006374598079064952406,1,0.4351567678016561,0.1,2.516761609597958e-06,2.5167616095979554e-06,0.5
id,vanishing_E,186,93,9903520314283042199192993792,776761728778040098093261,72238840776357729122673273,1,0.4618332102909794,0.07332355751067665,7.8432890944625e-05,7.8432890944625e-05,0.5
id,fixed_E,188,94,19807040628566084398385987584,43396596884523962815120,4079280107145252504621280,1,0.4348648343174342,0.1,2.1909682369175627e-06,2.1909682369175614e-06,0.5
id,vanishing_E,188,94,19807040628566084398385987584,1476740695398153949856498,138813625367426471286510812,1,0.4619323385684869,0.07293249574894728,7.455635211190362e-05,7.455635211190368e-05,0.5
id,fixed_E,190,95,39614081257132168796771975168,75557863725914323419136,7177997053961860724817920,1,0.43457818741226817,0.1,1.9073486328125e-06,1.9073486328125e-06,0.5
id,vanishing_E,190,95,39614081257132168796771975168,2808260892060250575220757,266784784745723804645971915,1,0.462030562401267,0.07254762501100116,7.08904713410373e-05,7.089047134103724e-05,0.5
id,fixed_E,192,96,79228162514264337593543950336,131553881656092998586209,12629172638984927864276064,1,0.434296679691256,0.1,1.660443426697014e-06,1.660443426697011e-06,0.5
id,vanishing_E,192,96,79228162514264337593543950336,5341775194066149709652389,512810418630350372126629344,1,0.4621278960425528,0.07216878364870323,6.74226818412507e-05,6.742268184125066e-05,0.5
id,fixed_E,194,97,158456325028528675187087900672,229048611559006824510056,22217715321223661977475432,1,0.4340201692896244,0.1,1.4454999604324322e-06,1.44549996043243e-06,0.5
id,vanishing_E,194,97,158456325028528675187087900672,10163584838812003094438809,985867729364764300160564473,1,0.46222435342785057,0.07179581586177382,6.41412378898863e-05,6.41412378898863e-05,0.5
id,fixed_E,196,98,316912650057057350374175801344,398796795629777043432682,39082085971718150256402836,1,0.4337485196128327,0.1,1.258380804798979e-06,1.2583808047989777e-06,0.5
id,vanishing_E,196,98,316912650057057350374175801344,19342813113834089319758324,1895595685155740753336315752,1,0.46231994818426125,0.07142857142857142,6.103515625000007e-05,6.103515625e-05,0.5
id,fixed_E,198,99,633825300114114700748351602688,694345550152383405041935,68740209465085957099151565,1,0.4334815990913112,0.1,1.0954841184587813e-06,1.0954841184587807e-06,0.5
id,vanishing_E,198,99,633825300114114700748351602688,36821549751284517523130098,3645333425377167234789879702,1,0.462414693639441,0.07106690545187015,5.809416213687765e-05,5.809416213687764e-05,0.5
id,fixed_E,200,100,1267650600228229401496703205376,1208925819614629174706176,120892581961462917470617600,1,0.43321928094887363,0.1,9.5367431640625e-07,9.5367431640625e-07,0.5
id,vanishing_E,200,100,1267650600228229401496703205376,70112029870446205634043027,7011202987044620563404302700,1,0.4625086028302189,0.07071067811865475,5.5308639350482814e-05,5.530863935048277e-05,0.5
id,fixed_E,256,128,340282366920938463463374607431768211456,6690699980388625489511488543534,856409597489744062657470533572352,1,0.42734375,0.1,1.9662200074984047e-08,1.9662200074984027e-08,0.5
id,vanishing_E,256,128,340282366920938463463374607431768211456,5192296858534827628530496329220096,664613997892457936451903530140172288,1,0.46484375,0.0625,1.52587890625e-05,1.52587890625e-05,0.5
id,fixed_E,512,256,115792089237316195423570985008687907853269984665640564039457584007913129639936,44765466227572353509955042987089119678423934249686505478432820,11459959354258522498548491004694814637676527167919745402478801920,1,0.415625,0.1,3.866021117887027e-16,3.8660211178870195e-16,0.5
id,vanishing_E,512,256,115792089237316195423570985008687907853269984665640564039457584007913129639936,17870950389197701179196985028015374273999561593421965001687595500602419,4574963299634611501874428167171935814143887767916023040432024448154219264,1,0.4714308261758408,0.044194173824159216,1.5433653980084203e-07,1.54336539800842e-07,0.5
id,fixed_E,1024,512,13407807929942597099574024998205846127479365820592393377723561443721764030073546976801874298166903427690031858186486050853753882811946569946433649006084096,2003946966571920958968922358794100225499020164280141581796429411662582299510541422781405573422797021453873324578777598371810,1026020846884823530992088247702579315455498324111432489879771858771242137349397208464079653592472074984383142184334130366366720,1,0.4087890625,0.1,1.4946119283948456e-31,1.49461192839484e-31,0.5
id,vanishing_E,1024,512,13407807929942597099574024998205846127479365820592393377723561443721764030073546976801874298166903427690031858186486050853753882811946569946433649006084096,3121748550315992231381597229793166305748598142664971150859156959625371738819765620120306103063491971159826931121406622895447975679288285306290176,1598335257761788022467377781654101148543282249044465229239888363328190330275719997501596724768507889233831388734160190922469363547795602076820570112,1,0.4775390625,0.03125,2.3283064365386963e-10,2.3283064365386963e-10,0.5
id,fixed_E,2048,1024,179769313486231590772930519078902473361797697894230657273430081157732675805500963132708477322407536021120113879871393357658789768814416622492847430639474124377767893424865485276302219601246094119453082952085005768838150682342462881473913110540827237163350510684586298239947245938479716304835356329624224137216,4015803444832803697362258481697932903454448177165976965203902862607411152587694855068369899662264736806385233731132683673458955584168145603703549873170785458173216450548503525536763583476163197428528173004047906352632160152748678144615883709221116,4112182727508790986098952685258683293137354933417960412368796531309989020249799531590010777254159090489738479340679868081621970518188181098192435070126884309169373645361667610149645909479591114166812849156145056105095331996414646420086664918242422784,1,0.4048828125,0.1,2.2338648165001596e-62,2.233864816500142e-62,0.5
id,vanishing_E,2048,1024,179769313486231590772930519078902473361797697894230657273430081157732675805500963132708477322407536021120113879871393357658789768814416622492847430639474124377767893424865485276302219601246094119453082952085005768838150682342462881473913110540827237163350510684586298239947245938479716304835356329624224137216,4282063254058008896094005074857723318442194693309991245621806040672290825589283619001236628583262380603494827437839971586460347065728035081021340400556752191782941661308430277913414647419429973287756268927267195488806946615436826367576607609051372830966685099492757519981957449068243815593139743,4384832772155401109600261196654308678084807365949431035516729385648425805403426425857266307669260677737978703296348130904535395395305507922965852570170114244385732261179832604583336598957496292646662419381521608180538313334207310200398446191668605778909885541880583700461524427845881667167375096832,1,0.4827857255879204,0.022097086912079608,2.381976751769689e-14,2.3819767517696886e-14,0.5
id,fixed_E,4096,2048,32317006071311007300714876688669951960444102669715484032130345427524655138867890893197201411522913463688717960921898019494119559150490921095088152386448283120630877367300996091750197750389652106796057638384067568276792218642619756161838094338476170470581645852036305042887575891541065808607552399123930385521914333389668342420684974786564569494856176035326322058077805659331026192708460314150258592864177116725943603718461857357598351152301645904403697613233287231227125684710820209725157101726931323469678542580656697935045997268352998638215525166389437335543602135433229604645318478604952148193555853611059596230656,16126677307531013048780144651181788057533106900037013527436242190708989859491070947558092119243266490647890852162496677840580591271581966682838969049562707424268462957728546100943543356054635147798121812885409522482251392562716427504224059169046342561890871704316335004296262680661035599130931838300216495684735960002631254371787576042920711442575881310177301666985332346566101029461703741088135729290157844925519919509366980180336679184024796043496462368235570804527275970029235075295508441343,33027435125823514723901736245620301941827802931275803704189424006572011232237713300598972660210209772846880465228793196217509050924199867766454208613504424804901812137428062414732376793199892782690553472789318702043650851968443243528650873178206909566752505250439854088798745969993800907020148404838843383162339246085388808953420955735901617034395404923243113813985960645767374908337569261748501973586243266407464795155183575409329518968882782297080754930146449007671861186619873434205201287870464,1,0.402685546875,0.1,4.990152018397291e-124,4.990152018397213e-124,0.5
id,vanishing_E,4096,2048,32317006071311007300714876688669951960444102669715484032130345427524655138867890893197201411522913463688717960921898019494119559150490921095088152386448283120630877367300996091750197750389652106796057638384067568276792218642619756161838094338476170470581645852036305042887575891541065808607552399123930385521914333389668342420684974786564569494856176035326322058077805659331026192708460314150258592864177116725943603718461857357598351152301645904403697613233287231227125684710820209725157101726931323469678542580656697935045997268352998638215525166389437335543602135433229604645318478604952148193555853611059596230656,1751908409537131537220509645351687597690304110853111572994449976845956819751541616602568796259317428464425605223064365804210081422215355425149431390635151955247955156636234741221447435733643262808668929902091770092492911737768377135426590363166295684370498604708288556044687341394398676292971255828404734517580702346564613427770683056761383955397564338690628093211465848244049196353703022640400205739093118270803778352768276670202698397214556629204420309965547056893233608758387329699097930255380715679250799950923553703740673620901978370802540218870279314810722790539899334271514365444369275682816,3587908422732045388227603753680256200069742819027172501492633552580519566851157230802060894739082093495143639496835821167022246752697047910706035488020791204347812160791008750021524348382501402232153968439483945149425483238949636373353657063764573561590781142442574962779519675175728489048005131936572896292005278405764328300074358900247314340654211765638406334897082057203812754132383790367539621353662706218606138066469430620575126317495411976610652794809440372517342430737177251223752561163019705711105638299491437985260899575607251703403602368246332036732360275025713836588061420430068276598407168,1,0.487060546875,0.015625,5.421010862427522e-20,5.421010862427522e-20,0.5
rank,fixed_E,24,12,4096,36,432,21,0.3647869792568112,0.1,0.179443359375,0.18946457081379972,0.5
rank,vanishing_E,24,12,4096,6,72,21,0.25708020839342965,0.20412414523193154,0.025634765625,0.033516620862494656,0.5
rank,fixed_E,26,13,8192,64,832,21,0.37309383531311896,0.1,0.1614990234375,0.16493848884661177,0.5
rank,vanishing_E,26,13,8192,11,143,21,0.2753796667991688,0.19611613513818404,0.025634765625,0.029177103632504895,0.5
rank,fixed_E,28,14,16384,112,1568,21,0.3790967801469717,0.1,0.14227294921875,0.14358729437462936,0.5
rank,vanishing_E,28,14,16384,19,266,21,0.28768865841075675,0.1889822365046136,0.0230712890625,0.025532832053792892,0.5
rank,fixed_E,30,15,32768,195,2925,21,0.383807363645271,0.1,0.12432861328125,0.125,0.5
rank,vanishing_E,30,15,32768,35,525,21,0.3012057870851162,0.18257418583505536,0.02178955078125,0.02244867998231078,0.5
rank,fixed_E,32,16,65536,339,5424,21,0.38766067072301075,0.1,0.108306884765625,0.1088188204120155,0.5
rank,vanishing_E,32,16,65536,61,976,21,0.3103355417988402,0.17677669529663687,0.01922607421875,0.019820617922037216,0.5
rank,fixed_E,34,17,131072,591,10047,21,0.3910140341596433,0.1,0.0945281982421875,0.09473228540689986,0.5
rank,vanishing_E,34,17,131072,109,1853,21,0.3192837401772725,0.17149858514250882,0.017303466796875,0.017567443942288836,0.5
rank,fixed_E,36,18,262144,1029,18522,21,0.3938042296760078,0.1,0.0823516845703125,0.08246924442330589,0.5
rank,vanishing_E,36,18,262144,195,3510,21,0.32714598097755343,0.16666666666666666,0.01554107666015625,0.015625,0.5
rank,fixed_E,38,19,524288,1792,34048,21,0.396191643039505,0.1,0.07173728942871094,0.07179364718731468,0.5
rank,vanishing_E,38,19,524288,348,6612,21,0.3339702897182188,0.16222142113076254,0.013898849487304688,0.013942044976347436,0.5
rank,fixed_E,40,20,1048576,3120,62400,21,0.3982314602159243,0.1,0.06246471405029297,0.0625,0.5
rank,vanishing_E,40,20,1048576,623,12460,21,0.3401254111977841,0.15811388300841897,0.012456893920898438,0.01247725753999603,0.5
rank,fixed_E,42,21,2097152,5433,114093,21,0.3999964465345258,0.1,0.054393768310546875,0.05440941020600775,0.5
rank,vanishing_E,42,21,2097152,1118,23478,21,0.34569099751480836,0.1543033499620919,0.011185169219970703,0.011197025200697243,0.5
rank,fixed_E,44,22,4194304,9460,208120,21,0.40152400197418303,0.1,0.04735922813415527,0.04736614270344993,0.5
rank,vanishing_E,44,22,4194304,2012,44264,21,0.3507692320100642,0.15075567228888181,0.010068655014038086,0.010073790330393486,0.5
rank,fixed_E,46,23,8388608,16471,378833,21,0.4028522278986721,0.1,0.04123091697692871,0.04123462221165293,0.5
rank,vanishing_E,46,23,8388608,3628,83444,21,0.355402623838816,0.14744195615489714,0.009079813957214355,0.009084797149691334,0.5
rank,fixed_E,48,24,16777216,28678,688272,21,0.404012901967784,0.1,0.035894930362701416,0.035896823593657326,0.5
rank,vanishing_E,48,24,16777216,6559,157416,21,0.35967130542579057,0.14433756729740646,0.008208632469177246,0.00821113158104598,0.5
rank,fixed_E,50,25,33554432,49932,1248300,21,0.40503066527081283,0.1,0.031249254941940308,0.03125,0.5
rank,vanishing_E,50,25,33554432,11883,297075,21,0.36360935352801,0.1414213562373095,0.00743633508682251,0.007436977837164958,0.5
rank,fixed_E,52,26,67108864,86936,2260336,21,0.40592511183069446,0.1,0.027204081416130066,0.027204705103003875,0.5
rank,vanishing_E,52,26,67108864,21567,560742,21,0.3672495693699625,0.1386750490563073,0.00674852728843689,0.006749037330958367,0.5
rank,fixed_E,54,27,134217728,151366,4086882,21,0.40671424367670733,0.1,0.02368289977312088,0.023683071351724965,0.5
rank,vanishing_E,54,27,134217728,39217,1058859,21,0.37063109368500935,0.13608276348795434,0.006135821342468262,0.0061360704898843045,0.5
rank,fixed_E,56,28,268435456,263543,7379204,21,0.4074113173117784,0.1,0.020617179572582245,0.020617311105826465,0.5
rank,vanishing_E,56,28,268435456,71436,2000208,21,0.37378068931797986,0.1336306209562122,0.0055884383618831635,0.0055885325677006836,0.5
rank,fixed_E,58,29,536870912,458856,13306824,21,0.40802867141348326,0.1,0.017948364838957787,0.017948411796828663,0.5
rank,vanishing_E,58,29,536870912,130339,3779831,21,0.3767222465669592,0.13130643285972254,0.005098242312669754,0.0050982820134295335,0.5
rank,fixed_E,60,30,1073741824,798915,23967450,21,0.4085762181139739,0.1,0.015624979510903358,0.015625,0.5
rank,vanishing_E,60,30,1073741824,238183,7145490,21,0.3794766919408478,0.12909944487358055,0.004658309742808342,0.0046583453287923435,0.5
rank,fixed_E,62,31,2147483648,1390991,43120721,21,0.40906254782396034,0.1,0.013602334074676037,0.013602352551501938,0.5
rank,vanishing_E,62,31,2147483648,435911,13513241,21,0.3820624257205768,0.1270001270001905,0.004262714646756649,0.004262726254365756,0.5
rank,fixed_E,64,32,4294967296,2421857,77499424,21,0.4094950351886986,0.1,0.011841528117656708,0.011841535675862483,0.5
rank,vanishing_E,64,32,4294967296,798915,25565280,21,0.3844950389254674,0.125,0.0039062448777258396,0.00390625,0.5
rank,fixed_E,66,33,8589934592,4216698,139151034,21,0.4098799452750036,0.1,0.010308650904335082,0.010308655552913232,0.5
rank,vanishing_E,66,33,8589934592,1466193,48384369,21,0.38678845017481456,0.12309149097933272,0.0035844314843416214,0.0035844353711056904,0.5
rank,fixed_E,68,34,17179869184,7341699,249617766,21,0.41022272614155636,0.1,0.008974204421974719,0.008974205898414332,0.5
rank,vanishing_E,68,34,17179869184,2694285,91605690,21,0.38895490995503534,0.12126781251816648,0.003293387359008193,0.0032933892440528195,0.5
rank,fixed_E,70,35,34359738368,12782640,447392400,21,0.41052807868821256,0.1,0.007812498923158273,0.0078125,0.5
rank,vanishing_E,70,35,34359738368,4957159,173500565,21,0.39100521600011884,0.11952286093343936,0.003029718005564064,0.0030297190552690556,0.5
rank,fixed_E,72,36,68719476736,22255870,801211320,21,0.4108001050509029,0.1,0.0068011758994543925,0.006801176275750969,0.5
rank,vanishing_E,72,36,68719476736,9131378,328729608,21,0.392948974471468,0.11785113019775793,0.002790459504467435,0.0027904598922210595,0.5
rank,fixed_E,74,37,137438953472,38749720,1433739640,21,0.4110423772372238,0.1,0.0059207675731158815,0.005920767837931241,0.5
rank,vanishing_E,74,37,137438953472,16839632,623066384,21,0.39479473839287593,0.11624763874381928,0.0025730132692842744,0.0025730134840280003,0.5
rank,fixed_E,76,38,274877906944,67467182,2563752916,21,0.4112580273895604,0.1,0.005154327667696634,0.005154327776456616,0.5
rank,vanishing_E,76,38,274877906944,31088651,1181368738,21,0.39655016045014174,0.11470786693528087,0.0023750968466629274,0.0023750969384906933,0.5
rank,fixed_E,78,39,549755813888,117467187,4581220293,21,0.41144980502670253,0.1,0.004487102898565354,0.004487102949207166,0.5
rank,vanishing_E,78,39,549755813888,57454705,2240733495,21,0.39822210158895766,0.11322770341445956,0.0021946994529571384,0.00219469950000494,0.5
rank,fixed_E,80,40,1099511627776,204522252,8180890080,21,0.4116201333845623,0.1,0.0039062499772626325,0.00390625,0.5
rank,vanishing_E,80,40,1099511627776,106288529,4251541160,21,0.39981673448707844,0.11180339887498948,0.002030045914580114,0.002030045938102317,0.5
rank,fixed_E,82,41,2199023255552,356093923,14599850843,21,0.4117711534023795,0.1,0.003400588121621695,0.0034005881378754823,0.5
rank,vanishing_E,82,41,2199023255552,196819434,8069596794,21,0.40133962735970274,0.11043152607484653,0.0018795654309542442,0.0018795654407726928,0.5
rank,fixed_E,84,42,4398046511104,619995531,26039812302,21,0.41190476188453284,0.1,0.0029603839107039676,0.0029603839189656206,0.5
rank,vanishing_E,84,42,4398046511104,364800176,15321607392,21,0.402795816754967,0.1091089451179962,0.0017418650884337694,0.0017418650964336117,0.5
rank,fixed_E,86,43,8796093022208,1079474918,46417421474,21,0.41202264338237177,0.1,0.0025771638839842126,0.00257716388822831,0.5
rank,vanishing_E,86,43,8796093022208,676757665,29100579595,21,0.40418987019056746,0.10783277320343841,0.0016157072132045869,0.0016157072156355,0.5
rank,fixed_E,88,44,17592186044416,1879474997,82696899868,21,0.41212629767836223,0.1,0.002243551473156913,0.002243551474603583,0.5
rank,vanishing_E,88,44,17592186044416,1256576237,55289354428,21,0.40552593949320737,0.10660035817780521,0.0014999898755831964,0.0014999898776184835,0.5
rank,fixed_E,90,45,35184372088832,3272356035,147256021575,21,0.41221706303922134,0.1,0.0019531249993747224,0.001953125,0.5
rank,vanishing_E,90,45,35184372088832,2335120084,105080403780,21,0.4068078077003209,0.10540925533894598,0.0013937301941666647,0.0013937301947798437,0.5
rank,fixed_E,92,46,70368744177664,5697502779,262085127834,21,0.41229613623064587,0.1,0.0017002940685699741,0.0017002940689377411,0.5
rank,vanishing_E,92,46,70368744177664,4342923910,199774499860,21,0.40803892919982543,0.10425720702853739,0.0012960498749094995,0.0012960498754494715,0.5
rank,fixed_E,94,47,140737488355328,9919928507,466236639829,21,0.4123645896680789,0.1,0.0014801919592315471,0.0014801919594828103,0.5
rank,vanishing_E,94,47,140737488355328,8083443526,379921845722,21,0.40922246504184684,0.10314212462587934,0.0012061627360893112,0.0012061627363493994,0.5
rank,fixed_E,96,48,281474976710656,17271598700,829036737600,21,0.41242338622818114,0.1,0.001288581944006495,0.0012885819441141532,0.5
rank,vanishing_E,96,48,281474976710656,15057086680,722740160640,21,0.41036131361245537,0.10206207261596577,0.0011233638739547303,0.001123363874040212,0.5
rank,fixed_E,98,49,562949953421312,30071599955,1473508397795,21,0.41247339205426237,0.1,0.0011217757372499193,0.0011217757373017914,0.5
rank,vanishing_E,98,49,562949953421312,28067619150,1375313338350,21,0.41145813759890115,0.10101525445522107,0.0010470202520611593,0.0010470202521220264,0.5
rank,fixed_E,100,50,1125899906842624,52357696560,2617884828000,21,0.41251538766974966,0.1,0.0009765624999671374,0.0009765625,0.5
rank,vanishing_E,100,50,1125899906842624,52357696560,2617884828000,21,0.41251538766974966,0.1,0.0009765624999671374,0.0009765625,0.5
rank,fixed_E,102,51,2251799813685248,91160044467,4649162267817,21,0.4125500776390331,0.1,0.0008501470344528528,0.0008501470344688706,0.5
rank,vanishing_E,102,51,2251799813685248,97736449069,4984558902519,21,0.4135353233414074,0.09901475429766744,0.0009114777512433392,0.000911477751257151,0.5
rank,fixed_E,104,52,4503599627370496,158718856122,8253380518344,21,0.41257809899378617,0.1,0.000740095979732347,0.0007400959797414052,0.5
rank,vanishing_E,104,52,4503599627370496,182568074697,9493539884244,21,0.414520031424719,0.09805806756909202,0.0008513033763737354,0.0008513033763819304,0.5
rank,fixed_E,106,53,9007199254740992,276345579207,14646315697971,21,0.41260002860173567,0.1,0.0006442909720545398,0.0006442909720570766,0.5
rank,vanishing_E,106,53,9007199254740992,341253393473,18086429854069,21,0.4154714423659974,0.09712858623572641,0.0007956214867945732,0.0007956214867978494,0.5
rank,fixed_E,108,54,18014398509481984,481145599286,25981862361444,21,0.41261638962392555,0.1,0.0005608878686494401,0.0005608878686508957,0.5
rank,vanishing_E,108,54,18014398509481984,638270817710,34466624156340,21,0.41639134475897777,0.09622504486493763,0.0007440541056552008,0.0007440541056573171,0.5
rank,fixed_E,110,55,36028797018963968,837723144972,46074772973460,21,0.4126276571885961,0.1,0.0004882812499993061,0.00048828125,0.5
rank,vanishing_E,110,55,36028797018963968,1194541484279,65699781635345,21,0.4172813982640301,0.09534625892455924,0.0006962589163505561,0.0006962589163516577,0.5
rank,fixed_E,112,56,72057594037927936,1458560711483,81679399843048,21,0.412634263386414,0.1,0.00042507351723400366,0.0004250735172344353,0.5
rank,vanishing_E,112,56,72057594037927936,2236961139818,125269823829808,21,0.4181431451341104,0.0944911182523068,0.000651925512686849,0.0006519255126871937,0.5
rank,fixed_E,114,57,144115188075855872,2539501697967,144751596784119,21,0.41263660167882393,0.1,0.000370047989870545,0.0003700479898707026,0.5
rank,vanishing_E,114,57,144115188075855872,4191501618572,238915592258604,21,0.4189780205206549,0.0936585811581694,0.0006107720856157114,0.0006107720856158614,0.5
rank,fixed_E,116,58,288230376151711744,4421529267313,256448697504154,21,0.4126350307961093,0.1,0.0003221454860284356,0.0003221454860285383,0.5
rank,vanishing_E,116,58,288230376151711744,7858292259045,455780951024610,21,0.4197873617075844,0.09284766908852593,0.0005725424906397186,0.0005725424906397973,0.5
rank,fixed_E,118,59,576460752303423488,7698329588579,454201445726161,21,0.4126298781913805,0.1,0.00028044393432537576,0.00028044393432544786,0.5
rank,vanishing_E,118,59,576460752303423488,14741025086294,869720480091346,21,0.42057241640154946,0.09205746178983235,0.0005370036478202656,0.000537003647820311,0.5
rank,fixed_E,120,60,1152921504606846976,13403570319555,804214219173300,21,0.4126214431069146,0.1,0.00024414062499998092,0.000244140625,0.5
rank,vanishing_E,120,60,1152921504606846976,27666999541289,1660019972477340,21,0.4213343501893868,0.09128709291752768,0.0005039432329481744,0.0005039432329482007,0.5
rank,fixed_E,122,61,2305843009213693952,23336971383735,1423555254407835,21,0.4126099993015089,0.1,0.0002125367586172022,0.00021253675861721764,0.5
rank,vanishing_E,122,61,2305843009213693952,51954774197306,3169241226035666,21,0.42207425325899056,0.09053574604251853,0.00047316762406798005,0.0004731676240679954,0.5
rank,fixed_E,124,62,4611686018427387904,40632027167473,2519185684383326,21,0.4125957974807105,0.1,0.00018502399493534535,0.0001850239949353513,0.5
rank,vanishing_E,124,62,4611686018427387904,97614036612481,6052070269973822,21,0.4227931464673231,0.08980265101338746,0.0004445000723533876,0.00044450007235339293,0.5
rank,fixed_E,126,63,9223372036854775808,70744468277014,4456901501451882,21,0.41257906746604084,0.1,0.00016107274301426563,0.00016107274301426915,0.5
rank,vanishing_E,126,63,9223372036854775808,183491990278523,11559995387546949,21,0.42349198682856604,0.0890870806374748,0.0004177790704366915,0.0004177790704366959,0.5
rank,fixed_E,128,64,18446744073709551616,123173273417279,7883089498705856,21,0.41256002013454085,0.1,0.00014022196716272203,0.00014022196716272393,0.5
rank,vanishing_E,128,64,18446744073709551616,345091933151324,22085883721684736,21,0.4241716724862225,0.08838834764831843,0.0003928568948113812,0.00039285689481138294,0.5
rank,fixed_E,130,65,36893488147419103232,214457125112880,13939713132337200,21,0.41253884915576683,0.1,0.000122070312499999,0.0001220703125,0.5
rank,vanishing_E,130,65,36893488147419103232,649322408195847,42205956532730055,21,0.42483304722506393,0.08770580193070293,0.00036959830194496426,0.0003695983019449652,0.5
rank,fixed_E,132,66,73786976294838206464,373391542139771,24643841781224886,21,0.41251573254984614,0.1,0.0001062683793086085,0.00010626837930860882,0.5
rank,vanishing_E,132,66,73786976294838206464,1222331719738982,80673893502772812,21,0.4254769045719972,0.08703882797784893,0.0003478793603352233,0.0003478793603352237,0.5
rank,fixed_E,134,67,147573952589676412928,650112434679572,43557533123531324,21,0.41249083408715675,0.1,9.251199746767539e-05,9.251199746767564e-05,0.5
rank,vanishing_E,134,67,147573952589676412928,2302058109639966,154237893345877722,21,0.4261039915290208,0.08638684255813601,0.00032758640298031247,0.0003275864029803126,0.5
rank,fixed_E,136,68,295147905179352825856,1131911492432233,76969981485391844,21,0.4124643045475851,0.1,8.053637150713452e-05,8.053637150713457e-05,0.5
rank,vanishing_E,136,68,295147905179352825856,4337480777907388,294948692897702384,21,0.4267150119763307,0.08574929257125441,0.0003086150866654606,0.0003086150866654607,0.5
rank,fixed_E,138,69,590295810358705651712,1970772374676475,135983293852676775,21,0.41243628285506817,0.1,7.011098358136194e-05,7.011098358136196e-05,0.5
rank,vanishing_E,138,69,590295810358705651712,8176146402280662,564154101757365678,21,0.4273106297791933,0.08512565307587486,0.0002908695461408702,0.00029086954614087034,0.5
rank,fixed_E,140,70,1180591620717411303424,3431314001806092,240191980126426440,21,0.4124068971011872,0.1,6.103515624999998e-05,6.103515625e-05,0.5
rank,vanishing_E,140,70,1180591620717411303424,15418618355585194,1079303284890963580,21,0.4278914716283356,0.08451542547285165,0.00027426163271473215,0.0002742616327147323,0.5
rank,fixed_E,142,71,2361183241434822606848,5974264674236342,424172791870780282,21,0.41237626546990086,0.1,5.313418965430444e-05,5.313418965430441e-05,0.5
rank,vanishing_E,142,71,2361183241434822606848,29088678802147811,2065296194952494581,21,0.42845812964023194,0.08391813582966891,0.000258710228043928,0.00025871022804392814,0.5
rank,fixed_E,144,72,4722366482869645213696,10401798954873167,748929524750868024,21,0.4123444970740524,0.1,4.625599873383782e-05,4.625599873383782e-05,0.5
rank,vanishing_E,144,72,4722366482869645213696,54901024028897493,3952873730080619496,21,0.4290111637407191,0.08333333333333333,0.00024414062500000005,0.000244140625,0.5
rank,fixed_E,146,73,9444732965739290427392,18110583878915743,1322072623160849239,21,0.4123116927130223,0.1,4.026818575356733e-05,4.026818575356729e-05,0.5
rank,vanishing_E,146,73,9444732965739290427392,103659977848592343,7567178382947241039,21,0.42955110385278555,0.0827605888602368,0.00023048396844219774,0.0002304839684421978,0.5
rank,fixed_E,148,74,18889465931478580854784,31532357994823610,2333394491616947140,21,0.4122779455597986,0.1,3.5055491790680996e-05,3.505549179068098e-05,0.5
rank,vanishing_E,148,74,18889465931478580854784,195799883092094812,14489191348815016088,21,0.4300784519071199,0.08219949365267865,0.00021767674956240217,0.00021767674956240214,0.5
rank,fixed_E,150,75,37778931862957161709568,54901024028897475,4117576802167310625,21,0.4122433417847808,0.1,3.0517578125e-05,3.0517578125e-05,0.5
rank,vanishing_E,150,75,37778931862957161709568,369982299112891629,27748672433466872175,21,0.4305936836920082,0.08164965809277261,0.00020566034819499403,0.00020566034819499395,0.5
rank,fixed_E,152,76,75557863725914323419136,95588234787781487,7264705843871393012,21,0.4122079611227949,0.1,2.6567094827152225e-05,2.6567094827152205e-05,0.5
rank,vanishing_E,152,76,75557863725914323419136,699380202621831507,53152895399259194532,21,0.43109725055741366,0.08111071056538127,0.00019438061812249489,0.0001943806181224948,0.5
rank,fixed_E,154,77,151115727451828646838272,166428783277970686,12815016312403742822,21,0.41217187738906585,0.1,2.3127999366918915e-05,2.312799936691891e-05,0.5
rank,vanishing_E,154,77,151115727451828646838272,1322532543636130126,101835005859982019702,21,0.43158958098652783,0.08058229640253803,0.00018378751096712964,0.00018378751096712962,0.5
rank,fixed_E,156,78,302231454903657293676544,289769342062651892,22602008680886847576,21,0.4121351589492531,0.1,2.0134092876783664e-05,2.0134092876783644e-05,0.5
rank,vanishing_E,156,78,302231454903657293676544,2501824990295493122,195142349243048463516,21,0.4320710820467096,0.08006407690254357,0.0001738347347497403,0.00017383473474974031,0.5
rank,fixed_E,158,79,604462909807314587353088,504517727917177767,39856900505457043593,21,0.4120978691480908,0.1,1.75277458953405e-05,1.752774589534049e-05,0.5
rank,vanishing_E,158,79,604462909807314587353088,4734367766659106149,374015053566069385771,21,0.4325421407305177,0.079555728417573,0.00016447944362960834,0.0001644794436296084,0.5
rank,fixed_E,160,80,1208925819614629174706176,878416384462359600,70273310756988768000,21,0.4120600667006788,0.1,1.52587890625e-05,1.52587890625e-05,0.5
rank,vanishing_E,160,80,1208925819614629174706176,8962282662727108369,716982613018168669520,21,0.4330031251964693,0.07905694150420949,0.0001556819557193878,0.00015568195571938781,0.5
rank,fixed_E,162,81,2417851639229258349412352,1529411756604503796,123882352284964807476,21,0.41202180605003624,0.1,1.3283547413576113e-05,1.328354741357612e-05,0.5
rank,vanishing_E,162,81,2417851639229258349412352,16971648601472203382,1374703536719248473942,21,0.4334543859181976,0.07856742013183861,0.00014740549620510538,0.00014740549620510535,0.5
rank,fixed_E,164,82,4835703278458516698824704,2662860532447530976,218354563660697540032,21,0.4119831376941422,0.1,1.1563999683459457e-05,1.156399968345944e-05,0.5
rank,vanishing_E,164,82,4835703278458516698824704,32149589116378726696,2636266307543055589072,21,0.4338962567498392,0.07808688094430304,0.0001396159632977251,0.00013961596329772525,0.5
rank,fixed_E,166,83,9671406556917033397649408,4636309473002430285,384813686259201713655,21,0.4119441084853504,0.1,1.0067046438391832e-05,1.0067046438391822e-05,0.5
rank,vanishing_E,166,83,9671406556917033397649408,60921440186947384775,5056479535516632936325,21,0.43432905591471715,0.07761505257063328,0.00013228171480506092,0.00013228171480506092,0.5
rank,fixed_E,168,84,19342813113834066795298816,8072283646674844273,678071826320686918932,21,0.41190476190476194,0.1,8.76387294767025e-06,8.763872947670246e-06,0.5
rank,vanishing_E,168,84,19342813113834066795298816,115479701431630009157,9700294920256920769188,21,0.4347530869237159,0.07715167498104596,0.0001253733733450491,0.00012537337334504915,0.5
rank,fixed_E,170,85,38685626227668133590597632,14054662151397753612,1194646282868809057020,21,0.4118651383138761,0.1,7.62939453125e-06,7.62939453125e-06,0.5
rank,vanishing_E,170,85,38685626227668133590597632,218967365481752379814,18612226065948952284190,21,0.4351686394291391,0.07669649888473704,0.0001188636484273341,0.00011886364842733411,0.5
rank,fixed_E,172,86,77371252455336267181195264,24470588105672060748,2104470577087797224328,21,0.4118252751856008,0.1,6.641773706788056e-06,6.64177370678806e-06,0.5
rank,vanishing_E,172,86,77371252455336267181195264,415325839221622881021,35718022173059567767806,21,0.43557599001929853,0.07624928516630233,0.00011272717381289513,0.00011272717381289513,0.5
rank,fixed_E,174,87,154742504910672534362390528,42605768519160495630,3706701861166963119810,21,0.4117852073164941,0.1,5.781999841729729e-06,5.78199984172972e-06,0.5
rank,vanishing_E,174,87,154742504910672534362390528,788010427856490638996,68556907223514685592652,21,0.4359754029586037,0.07580980435789034,0.00010694035872392666,0.00010694035872392676,0.5
rank,fixed_E,176,88,309485009821345068724781056,74180951568038884567,6527923737987421841896,21,0.41174496702192354,0.1,5.033523219195916e-06,5.033523219195911e-06,0.5
rank,vanishing_E,176,88,309485009821345068724781056,1495567912120179655559,131609976266575809689192,21,0.4363671308774826,0.07537783614444091,0.00010148125162072922,0.00010148125162072928,0.5
rank,fixed_E,178,89,618970019642690137449562112,129156538346797508378,11494931912864978245642,21,0.4117045843156609,0.1,4.381936473835125e-06,4.381936473835123e-06,0.5
rank,vanishing_E,178,89,618970019642690137449562112,2839286673182391500104,252696513913232843509256,21,0.43675141541607476,0.07495316889958614,9.632941539115202e-05,9.632941539115193e-05,0.5
rank,fixed_E,180,90,1237940039285380274899124224,224874594422364057795,20238713498012765201550,21,0.4116640870752829,0.1,3.814697265625e-06,3.814697265625e-06,0.5
rank,vanishing_E,180,90,1237940039285380274899124224,5391866287178302961084,485267965846047266497560,21,0.43712848782528985,0.07453559924999299,9.146581291296438e-05,9.146581291296434e-05,0.5
rank,fixed_E,182,91,2475880078570760549798248448,391529409690752971982,35629176281858520450362,21,0.411623501194615,0.1,3.320886853394028e-06,3.32088685339403e-06,0.5
rank,vanishing_E,182,91,2475880078570760549798248448,10242209161062617601992,932041033656698201781272,21,0.4374985695285049,0.07412493166611012,8.687270205206258e-05,8.68727020520626e-05,0.5
rank,fixed_E,184,92,4951760157141521099596496896,681692296306567930089,62715691260204249568188,21,0.41158285072433837,0.1,2.8909999208648643e-06,2.89099992086486e-06,0.5
rank,vanishing_E,184,92,4951760157141521099596496896,19461251966246403779117,1790435180894669147678764,21,0.43786187264688975,0.07372097807744857,8.253353925103975e-05,8.253353925103978e-05,0.5
rank,fixed_E,186,93,9903520314283042199192993792,1186895225088622153073,110381255933241860235789,21,0.41154215800177024,0.1,2.516761609597958e-06,2.5167616095979554e-06,0.5
rank,vanishing_E,186,93,9903520314283042199192993792,36988653751335242766345,3439944798874177577270085,21,0.4382186004910936,0.07332355751067665,7.8432890944625e-05,7.8432890944625e-05,0.5
rank,fixed_E,188,94,19807040628566084398385987584,2066504613548760134053,194251433673583452600982,21,0.4115014437707387,0.1,2.1909682369175627e-06,2.1909682369175614e-06,0.5
rank,vanishing_E,188,94,19807040628566084398385987584,70320985495150188088404,6610172636544117680309976,21,0.4385689480217914,0.07293249574894728,7.455635211190362e-05,7.455635211190368e-05,0.5
rank,fixed_E,190,95,39614081257132168796771975168,3597993510757824924720,341809383521993367848400,21,0.41146072729238,0.1,1.9073486328125e-06,1.9073486328125e-06,0.5
rank,vanishing_E,190,95,39614081257132168796771975168,133726709145726217867655,12704037368843990697427225,21,0.43891310228137875,0.07254762501100116,7.08904713410373e-05,7.089047134103724e-05,0.5
rank,fixed_E,192,96,79228162514264337593543950336,6264470555052047551724,601389173284996564965504,21,0.41142002644761666,0.1,1.660443426697014e-06,1.660443426697011e-06,0.5
rank,vanishing_E,192,96,79228162514264337593543950336,254370247336483319507256,24419543744302398672696576,21,0.4392512427989134,0.07216878364870323,6.74226818412507e-05,6.742268184125066e-05,0.5
rank,fixed_E,194,97,158456325028528675187087900672,10907076740905086881431,1057986443867793427498807,21,0.4113793578320019,0.1,1.4454999604324322e-06,1.44549996043243e-06,0.5
rank,vanishing_E,194,97,158456325028528675187087900672,483980230419619194973276,46946082350703061912407772,21,0.4395835419702281,0.07179581586177382,6.41412378898863e-05,6.41412378898863e-05,0.5
rank,fixed_E,196,98,316912650057057350374175801344,18990323601417954449175,1861051712938959536019150,21,0.41133873684355327,0.1,1.258380804798979e-06,1.2583808047989777e-06,0.5
rank,vanishing_E,196,98,316912650057057350374175801344,921086338754004253321824,90266461197892416825538752,21,0.4399101654149819,0.07142857142857142,6.103515625000007e-05,6.103515625e-05,0.5
rank,fixed_E,198,99,633825300114114700748351602688,33064073816780162144854,3273343307861236052340546,21,0.4112981777641457,0.1,1.0954841184587813e-06,1.0954841184587807e-06,0.5
rank,vanishing_E,198,99,633825300114114700748351602688,1753407131013548453482385,173587305970341296894756115,21,0.44023127231227555,0.07106690545187015,5.809416213687765e-05,5.809416213687764e-05,0.5
rank,fixed_E,200,100,1267650600228229401496703205376,57567896172125198795532,5756789617212519879553200,21,0.41125769383497984,0.1,9.5367431640625e-07,9.5367431640625e-07,0.5
rank,vanishing_E,200,100,1267650600228229401496703205376,3338668089068866934954429,333866808906886693495442900,21,0.44054701571632504,0.07071067811865475,5.5308639350482814e-05,5.530863935048277e-05,0.5
rank,fixed_E,256,128,340282366920938463463374607431768211456,318604760970886928071975644930,40781409404273526793212882551040,21,0.4101862600672705,0.1,1.9662200074984047e-08,1.9662200074984027e-08,0.5
rank,vanishing_E,256,128,340282366920938463463374607431768211456,247252231358801315644309349010480,31648285613926568402471596673341440,21,0.44768626006727047,0.0625,1.52587890625e-05,1.52587890625e-05,0.5
rank,fixed_E,512,256,115792089237316195423570985008687907853269984665640564039457584007913129639936,2131688867979635881426430618432815222782092107127928832306324,545712350202786785645166238318800697032215579424749781070418944,21,0.40704625503363523,0.1,3.866021117887027e-16,3.8660211178870195e-16,0.5
rank,vanishing_E,512,256,115792089237316195423570985008687907853269984665640564039457584007913129639936,850997637580842913295094525143589251142836266353426904842266452409639,217855395220695785803544198436758848292566084186477287639620211816867584,21,0.462852081209476,0.044194173824159216,1.5433653980084203e-07,1.54336539800842e-07,0.5
rank,fixed_E,1024,512,13407807929942597099574024998205846127479365820592393377723561443721764030073546976801874298166903427690031858186486050853753882811946569946433649006084096,95426046027234331379472493275909534547572388775244837228401400555361061881454353465781217782037953402565396408513218970086,48858135565943977666289916557265681688357063052925356660941517084344863683304628974479983504403432142113482961158768112684032,21,0.4044996900168176,0.1,1.4946119283948456e-31,1.49461192839484e-31,0.5
rank,vanishing_E,1024,512,13407807929942597099574024998205846127479365820592393377723561443721764030073546976801874298166903427690031858186486050853753882811946569946433649006084096,148654692872190106256266534752055538368980863936427197659959855220255797086655505720014576336356760531420330053400315375973713127585156443156675,76111202750561334403208465793052435644918202335450725201899445872770968108367618928647463084214661392087208987340961472498541121323600098896217600,21,0.4732496900168176,0.03125,2.3283064365386963e-10,2.3283064365386963e-10,0.5
rank,fixed_E,2048,1024,179769313486231590772930519078902473361797697894230657273430081157732675805500963132708477322407536021120113879871393357658789768814416622492847430639474124377767893424865485276302219601246094119453082952085005768838150682342462881473913110540827237163350510684586298239947245938479716304835356329624224137216,191228735468228747493440880080853947783545151293617950723995374409876721551794993098493804745822130324113582558625365889212331218293721219223978565389085021817772211930881120263655408736960152258501341571621328873934864769178508483076946843296243,195818225119466237433283461202794442530350234924664781541371263395713762869038072932857656059721861451892308540032374670553427167532770528485354050958423062341398745017222267149983138546647195912705373769340240766909301523638792686670793567535352832,21,0.4027381262584088,0.1,2.2338648165001596e-62,2.233864816500142e-62,0.5
rank,vanishing_E,2048,1024,179769313486231590772930519078902473361797697894230657273430081157732675805500963132708477322407536021120113879871393357658789768814416622492847430639474124377767893424865485276302219601246094119453082952085005768838150682342462881473913110540827237163350510684586298239947245938479716304835356329624224137216,203907774002762328385428813088463015163914033014761487886752668603442420266156362809582696599202970504928325116087617694593349860272763575286730495264607247227759126728972870376829268924734760632750298520346056928038426029306515541313171790907208230046032623785369405713426545193725895980625702,208801560578828624266679104602586127527847969807115763596034732649925038352544115517012681317583841797046604918873720519263590256919309901093612027150957821161225345770468219265873171378928394887936305684834362294311348254009871914304687913888981227567137406756218271450548782278375317484160718848,21,0.4806410393463292,0.022097086912079608,2.381976751769689e-14,2.3819767517696886e-14,0.5
rank,fixed_E,4096,2048,32317006071311007300714876688669951960444102669715484032130345427524655138867890893197201411522913463688717960921898019494119559150490921095088152386448283120630877367300996091750197750389652106796057638384067568276792218642619756161838094338476170470581645852036305042887575891541065808607552399123930385521914333389668342420684974786564569494856176035326322058077805659331026192708460314150258592864177116725943603718461857357598351152301645904403697613233287231227125684710820209725157101726931323469678542580656697935045997268352998638215525166389437335543602135433229604645318478604952148193555853611059596230656,767937014644333954703816411961037526549195566668429215592202009081380469499574807026575815202060309078470992960118889420980028155789617461087569954741081305917545855129930766711597302669268340371339133946924262975345304407748401309724955198526016312470993890681730238299822032412430266625282468490486499794511236190601488303418456002043843402027422919532252460332634873646004810926747797194673129966197992615500948548065094294301746627810704573499831541344550990691775046191868336918833735302,1572735005991595939233416011696204854372752520536943033532829714598667201535129204790427269533819512992708593582323485534167097663057136560307343267309734514519133911306098210225351275866661561080502546323300890573507183427068725882316708246581281407940595488116183528038035522380657186048578495468516351579159011718351848045400997892185791287352162139202053038761236221227017852777979488654690570170773488876545942626437313114729977093756322966527654996673640428936755294600946354009771489898496,21,0.4016132037542044,0.1,4.990152018397291e-124,4.990152018397213e-124,0.5
rank,vanishing_E,4096,2048,32317006071311007300714876688669951960444102669715484032130345427524655138867890893197201411522913463688717960921898019494119559150490921095088152386448283120630877367300996091750197750389652106796057638384067568276792218642619756161838094338476170470581645852036305042887575891541065808607552399123930385521914333389668342420684974786564569494856176035326322058077805659331026192708460314150258592864177116725943603718461857357598351152301645904403697613233287231227125684710820209725157101726931323469678542580656697935045997268352998638215525166389437335543602135433229604645318478604952148193555853611059596230656,83424209977958644629548078350080361794776386231100551094973808421236039035787696028693752202824639450686933582050684085914765782010255020245211018601673902630855007458868321010545115987316345848031853804861512861547281511322303673115551922055537889731928504986108978859270825780685651252046250277543082596075271540312600639417651574131494474066550682794791813962450754678288056969223953459066676463766338965276370397750870317628699923676883649009734300474549859852058743274208920461861806202637176937107180950043978747797174934328665636704882867565251395943367751930471396870072112640208060746800,170852782034859304201314464460964580955702039001293928642506359646691407945293201466764804511384861595006839976039801007953440321557002281462192166096228152587991055275762321429596397542023876296769236592356378340448832535188077922540650336369741598170989578211551188703786651198844213764190720568408233156762156114560206109527350423821300682888295798363733634995099145581133940672970656684168553397793462200886006574593782410503577443690257713171935847371878112977016306225579869105892979103000938367195506585690068475488614265505107223971600112773634858892017155953605420789907686687146108409446400,21,0.48598820375420443,0.015625,5.421010862427522e-20,5.421010862427522e-20,0.5
exact-threshold,fixed_E,24,12,4096,2,24,276,0.19104010419671483,0.1,0.0673828125,0.18946457081379972,0.16666666666666666
exact-threshold,vanishing_E,24,12,4096,1,12,66,0.14937343753004817,0.20412414523193154,0.0,0.033516620862494656,0.16666666666666666
exact-threshold,fixed_E,26,13,8192,2,26,325,0.1807861430054266,0.1,0.0396728515625,0.16493848884661177,0.16666666666666666
exact-threshold,vanishing_E,26,13,8192,1,13,78,0.14232460454388815,0.19611613513818404,0.0,0.029177103632504895,0.16666666666666666
exact-threshold,fixed_E,28,14,16384,2,28,378,0.171691247216343,0.1,0.0230712890625,0.14358729437462936,0.16666666666666666
exact-threshold,vanishing_E,28,14,16384,1,14,91,0.1359769615020573,0.1889822365046136,0.0,0.025532832053792892,0.16666666666666666
exact-threshold,fixed_E,30,15,32768,3,45,990,0.18306176987765582,0.1,0.0604248046875,0.125,0.16666666666666666
exact-threshold,vanishing_E,30,15,32768,1,15,105,0.13022968652028397,0.18257418583505536,0.0,0.02244867998231078,0.16666666666666666
exact-threshold,fixed_E,32,16,65536,3,48,1128,0.17453007814753613,0.1,0.034423828125,0.1088188204120155,0.16666666666666666
exact-threshold,vanishing_E,32,16,65536,2,32,496,0.15625,0.17677669529663687,0.007568359375,0.019820617922037216,0.16666666666666666
exact-threshold,fixed_E,34,17,131072,4,68,2278,0.17904302474265704,0.1,0.0521392822265625,0.09473228540689986,0.16666666666666666
exact-threshold,vanishing_E,34,17,131072,2,34,561,0.14963126003677468,0.17149858514250882,0.00428009033203125,0.017567443942288836,0.16666666666666666
exact-threshold,fixed_E,36,18,262144,5,90,4005,0.1803292526758243,0.1,0.0611114501953125,0.08246924442330589,0.16666666666666666
exact-threshold,vanishing_E,36,18,262144,2,36,630,0.14360902781784202,0.16666666666666666,0.00240325927734375,0.015625,0.16666666666666666
exact-threshold,fixed_E,38,19,524288,5,95,4465,0.17289093706134073,0.1,0.03406524658203125,0.07179364718731468,0.16666666666666666
exact-threshold,vanishing_E,38,19,524288,3,57,1596,0.15349710563591423,0.16222142113076254,0.0060882568359375,0.013942044976347436,0.16666666666666666
exact-threshold,fixed_E,40,20,1048576,6,120,7140,0.17267226489021298,0.1,0.034046173095703125,0.0625,0.16666666666666666
exact-threshold,vanishing_E,40,20,1048576,4,80,3160,0.15804820237218406,0.15811388300841897,0.00904083251953125,0.01247725753999603,0.16666666666666666
exact-threshold,fixed_E,42,21,2097152,8,168,14028,0.1760075576852086,0.1,0.04682350158691406,0.05440941020600775,0.16666666666666666
exact-threshold,vanishing_E,42,21,2097152,4,84,3486,0.15219803387568479,0.1543033499620919,0.004986763000488281,0.011197025200697243,0.16666666666666666
exact-threshold,fixed_E,44,22,4194304,9,198,19503,0.17339446863817295,0.1,0.03719902038574219,0.04736614270344993,0.16666666666666666
exact-threshold,vanishing_E,44,22,4194304,5,110,5995,0.154121811671015,0.15075567228888181,0.005717277526855469,0.010073790330393486,0.16666666666666666
exact-threshold,fixed_E,46,23,8388608,10,230,26335,0.170554131542269,0.1,0.028254389762878418,0.04123462221165293,0.16666666666666666
exact-threshold,vanishing_E,46,23,8388608,6,138,9453,0.1545331403647428,0.14744195615489714,0.005634427070617676,0.009084797149691334,0.16666666666666666
exact-threshold,fixed_E,48,24,16777216,12,288,41328,0.1702067708633815,0.1,0.02709674835205078,0.035896823593657326,0.16666666666666666
exact-threshold,vanishing_E,48,24,16777216,7,168,14028,0.1540066129745575,0.14433756729740646,0.005016803741455078,0.00821113158104598,0.16666666666666666
exact-threshold,fixed_E,50,25,33554432,14,350,61075,0.1690242222366466,0.1,0.023662298917770386,0.03125,0.16666666666666666
exact-threshold,vanishing_E,50,25,33554432,9,225,25200,0.15627562382434074,0.1414213562373095,0.006008148193359375,0.007436977837164958,0.16666666666666666
exact-threshold,fixed_E,52,26,67108864,17,442,97461,0.1689981261421429,0.1,0.023236513137817383,0.027204705103003875,0.16666666666666666
exact-threshold,vanishing_E,52,26,67108864,11,286,40755,0.15692060263035362,0.1386750490563073,0.006072968244552612,0.006749037330958367,0.16666666666666666
exact-threshold,fixed_E,54,27,134217728,20,540,145530,0.16808917772316356,0.1,0.02060137689113617,0.023683071351724965,0.16666666666666666
exact-threshold,vanishing_E,54,27,134217728,13,351,61425,0.15658013370934373,0.13608276348795434,0.005491822957992554,0.0061360704898843045,0.16666666666666666
exact-threshold,fixed_E,56,28,268435456,24,672,225456,0.16771995397819214,0.1,0.019317448139190674,0.020617311105826465,0.16666666666666666
exact-threshold,vanishing_E,56,28,268435456,15,420,87990,0.15561152710118079,0.1336306209562122,0.0045890361070632935,0.0055885325677006836,0.16666666666666666
exact-threshold,fixed_E,58,29,536870912,28,812,329266,0.16664372271008926,0.1,0.016559254378080368,0.017948411796828663,0.16666666666666666
exact-threshold,vanishing_E,58,29,536870912,18,522,135981,0.155653551664998,0.13130643285972254,0.004305833950638771,0.0050982820134295335,0.16666666666666666
exact-threshold,fixed_E,60,30,1073741824,33,990,489555,0.16585474524944954,0.1,0.014589875936508179,0.015625,0.16666666666666666
exact-threshold,vanishing_E,60,30,1073741824,22,660,217470,0.15610537023743026,0.12909944487358055,0.00425322912633419,0.0046583453287923435,0.16666666666666666
exact-threshold,fixed_E,62,31,2147483648,39,1209,730236,0.1651548149878891,0.1,0.012921620160341263,0.013602352551501938,0.16666666666666666
exact-threshold,vanishing_E,62,31,2147483648,26,806,324415,0.15571993594399947,0.1270001270001905,0.0037766876630485058,0.004262726254365756,0.16666666666666666
exact-threshold,fixed_E,64,32,4294967296,46,1472,1082656,0.16443065556339082,0.1,0.011343397200107574,0.011841535675862483,0.16666666666666666
exact-threshold,vanishing_E,64,32,4294967296,32,1024,523776,0.15625,0.125,0.0037804841995239258,0.00390625,0.16666666666666666
exact-threshold,fixed_E,66,33,8589934592,54,1782,1586871,0.16362547911396852,0.1,0.009791013202629983,0.010308655552913232,0.16666666666666666
exact-threshold,vanishing_E,66,33,8589934592,38,1254,785631,0.15594426716366727,0.12309149097933272,0.003384000970982015,0.0035844353711056904,0.16666666666666666
exact-threshold,fixed_E,68,34,17179869184,64,2176,2366400,0.1630509241360344,0.1,0.008677784353494644,0.008974205898414332,0.16666666666666666
exact-threshold,vanishing_E,68,34,17179869184,46,1564,1222266,0.15604448231334342,0.12126781251816648,0.003201536019332707,0.0032933892440528195,0.16666666666666666
exact-threshold,fixed_E,70,35,34359738368,75,2625,3444000,0.16225859582058352,0.1,0.007417285814881325,0.0078125,0.16666666666666666
exact-threshold,vanishing_E,70,35,34359738368,55,1925,1851850,0.15586632472099465,0.11952286093343936,0.0029103801352903247,0.0030297190552690556,0.16666666666666666
exact-threshold,fixed_E,72,36,68719476736,89,3204,5131206,0.16174525600567655,0.1,0.006570860976353288,0.006801176275750969,0.16666666666666666
exact-threshold,vanishing_E,72,36,68719476736,66,2376,2821500,0.15575443223334398,0.11785113019775793,0.0026687848730944097,0.0027904598922210595,0.16666666666666666
exact-threshold,fixed_E,74,37,137438953472,105,3885,7544670,0.16113106599047394,0.1,0.005709048709832132,0.005920767837931241,0.16666666666666666
exact-threshold,vanishing_E,74,37,137438953472,80,2960,4379320,0.15582947919616638,0.11624763874381928,0.002517235989216715,0.0025730134840280003,0.16666666666666666
exact-threshold,fixed_E,76,38,274877906944,125,4750,11278875,0.16070673418560094,0.1,0.0050880062190117314,0.005154327776456616,0.16666666666666666
exact-threshold,vanishing_E,76,38,274877906944,96,3648,6652128,0.15569592123900974,0.11470786693528087,0.0022990285651758313,0.0023750969384906933,0.16666666666666666
exact-threshold,fixed_E,78,39,549755813888,148,5772,16655106,0.1601904562114256,0.1,0.004453432815353153,0.004487102949207166,0.16666666666666666
exact-threshold,vanishing_E,78,39,549755813888,116,4524,10231026,0.15568440017935667,0.11322770341445956,0.0021401647063612472,0.00219469950000494,0.16666666666666666
exact-threshold,fixed_E,80,40,1099511627776,175,7000,24496500,0.15966424008399613,0.1,0.0038766220313846134,0.00390625,0.16666666666666666
exact-threshold,vanishing_E,80,40,1099511627776,140,5600,15677200,0.15564013889790412,0.11180339887498948,0.0019819079170702025,0.002030045938102317,0.16666666666666666
exact-threshold,fixed_E,82,41,2199023255552,207,8487,36010341,0.15915901173313912,0.1,0.0033733750778992544,0.0034005881378754823,0.16666666666666666
exact-threshold,vanishing_E,82,41,2199023255552,170,6970,24286965,0.15569442610677786,0.11043152607484653,0.0018665091761249641,0.0018795654407726928,0.16666666666666666
exact-threshold,fixed_E,84,42,4398046511104,245,10290,52936905,0.1586780400212063,0.1,0.002936895912171167,0.0029603839189656206,0.16666666666666666
exact-threshold,vanishing_E,84,42,4398046511104,205,8610,37061745,0.1556166371700501,0.1091089451179962,0.001719080496513925,0.0017418650964336117,0.16666666666666666
exact-threshold,fixed_E,86,43,8796093022208,290,12470,77744215,0.15821132377577946,0.1,0.0025543247528503343,0.00257716388822831,0.16666666666666666
exact-threshold,vanishing_E,86,43,8796093022208,248,10664,56855116,0.155586756570802,0.10783277320343841,0.0015965285515449068,0.0016157072156355,0.16666666666666666
exact-threshold,fixed_E,88,44,17592186044416,344,15136,114541680,0.15779200424249312,0.1,0.002233252657788398,0.002243551474603583,0.16666666666666666
exact-threshold,vanishing_E,88,44,17592186044416,300,13200,87113400,0.15554829896742248,0.10660035817780521,0.0014805952218921448,0.0014999898776184835,0.16666666666666666
exact-threshold,fixed_E,90,45,35184372088832,407,18315,167710455,0.15734153422884356,0.1,0.0019352468351030438,0.001953125,0.16666666666666666
exact-threshold,vanishing_E,90,45,35184372088832,364,16380,134144010,0.1555516415169819,0.10540925533894598,0.001383974552879863,0.0013937301947798437,0.16666666666666666
exact-threshold,fixed_E,92,46,70368744177664,483,22218,246808653,0.1569504492923129,0.1,0.0016905484407345739,0.0017002940689377411,0.16666666666666666
exact-threshold,vanishing_E,92,46,70368744177664,441,20286,205750755,0.15552387827841885,0.10425720702853739,0.0012865133982131738,0.0012960498754494715,0.16666666666666666
exact-threshold,fixed_E,94,47,140737488355328,573,26931,362625915,0.156563618940793,0.1,0.0014738221194932066,0.0014801919594828103,0.16666666666666666
exact-threshold,vanishing_E,94,47,140737488355328,535,25145,316122940,0.15551046737198027,0.10314212462587934,0.0011994647050528329,0.0012061627363493994,0.16666666666666666
exact-threshold,fixed_E,96,48,281474976710656,680,32640,532668480,0.15619118163394644,0.1,0.0012849522261149104,0.0012885819441141532,0.16666666666666666
exact-threshold,vanishing_E,96,48,281474976710656,649,31152,485207976,0.15548997050750307,0.10206207261596577,0.0011170256486821017,0.001123363874040212,0.16666666666666666
exact-threshold,fixed_E,98,49,562949953421312,807,39543,781804653,0.15582790517747946,0.1,0.0011193438181997806,0.0011217757373017914,0.16666666666666666
exact-threshold,vanishing_E,98,49,562949953421312,788,38612,745423966,0.1554771598323631,0.10101525445522107,0.0010420973617222273,0.0010470202521220264,0.16666666666666666
exact-threshold,fixed_E,100,50,1125899906842624,958,47900,1147181050,0.15547738035510905,0.1,0.0009750886896586763,0.0009765625,0.16666666666666666
exact-threshold,vanishing_E,100,50,1125899906842624,958,47900,1147181050,0.15547738035510905,0.1,0.0009750886896586763,0.0009765625,0.16666666666666666
exact-threshold,fixed_E,102,51,2251799813685248,1137,57987,1681217091,0.15513178314572298,0.1,0.0008481493797845019,0.0008501470344688706,0.16666666666666666
exact-threshold,vanishing_E,102,51,2251799813685248,1164,59364,1762012566,0.15546373220470372,0.09901475429766744,0.0009100367633942952,0.000911477751257151,0.16666666666666666
exact-threshold,fixed_E,104,52,4503599627370496,1350,70200,2463984900,0.1547998404815316,0.1,0.000738057532889691,0.0007400959797414052,0.16666666666666666
exact-threshold,vanishing_E,104,52,4503599627370496,1415,73580,2706971410,0.1554521736140417,0.09805806756909202,0.0008499107137494022,0.0008513033763819304,0.16666666666666666
exact-threshold,fixed_E,106,53,9007199254740992,1604,85012,3613477566,0.15448470642469922,0.1,0.0006430860886361689,0.0006442909720570766,0.16666666666666666
exact-threshold,vanishing_E,106,53,9007199254740992,1721,91213,4159860078,0.15544294185474908,0.09712858623572641,0.0007943600593041111,0.0007956214867978494,0.16666666666666666
exact-threshold,fixed_E,108,54,18014398509481984,1906,102924,5296623426,0.15417796209327234,0.1,0.0005601112699499255,0.0005608878686508957,0.16666666666666666
exact-threshold,vanishing_E,108,54,18014398509481984,2094,113076,6393034350,0.15543456693605812,0.09622504486493763,0.0007427736700454934,0.0007440541056573171,0.16666666666666666
exact-threshold,fixed_E,110,55,36028797018963968,2265,124575,7759403025,0.15387868225871143,0.1,0.00048759020289668165,0.00048828125,0.16666666666666666
exact-threshold,vanishing_E,110,55,36028797018963968,2550,140250,9834961125,0.15543310222973525,0.09534625892455924,0.0006958132933061745,0.0006962589163516577,0.16666666666666666
exact-threshold,fixed_E,112,56,72057594037927936,2693,150808,11371451028,0.15359244139785067,0.1,0.00042482609329508314,0.0004250735172344353,0.16666666666666666
exact-threshold,vanishing_E,112,56,72057594037927936,3105,173880,15117040260,0.15542618281397722,0.0944911182523068,0.0006511915030404936,0.0006519255126871937,0.16666666666666666
exact-threshold,fixed_E,114,57,144115188075855872,3201,182457,16645187196,0.15330874540096776,0.1,0.00036959740148390097,0.0003700479898707026,0.16666666666666666
exact-threshold,vanishing_E,114,57,144115188075855872,3784,215688,23260548828,0.15542619638161523,0.0936585811581694,0.0006105855835958629,0.0006107720856158614,0.16666666666666666
exact-threshold,fixed_E,116,58,288230376151711744,3807,220806,24377534415,0.15303810215249855,0.1,0.0003218983967694447,0.0003221454860285383,0.16666666666666666
exact-threshold,vanishing_E,116,58,288230376151711744,4612,267496,35776921260,0.155423774075684,0.09284766908852593,0.0005723455873472144,0.0005725424906397973,0.16666666666666666
exact-threshold,fixed_E,118,59,576460752303423488,4528,267152,35684961976,0.15277373976435357,0.1,0.000280237331370517,0.00028044393432544786,0.16666666666666666
exact-threshold,vanishing_E,118,59,576460752303423488,5623,331757,55031187646,0.15542175746527667,0.09205746178983235,0.0005366980071228947,0.000537003647820311,0.16666666666666666
exact-threshold,fixed_E,120,60,1152921504606846976,5387,323220,52235422590,0.15251797454539678,0.1,0.00024402353928308293,0.000244140625,0.16666666666666666
exact-threshold,vanishing_E,120,60,1152921504606846976,6859,411540,84682380030,0.1554222761328273,0.09128709291752768,0.0005037218578412932,0.0005039432329482007,0.16666666666666666
exact-threshold,fixed_E,122,61,2305843009213693952,6410,391010,76444214545,0.15226922933663106,0.1,0.0002124736892586518,0.00021253675861721764,0.16666666666666666
exact-threshold,vanishing_E,122,61,2305843009213693952,8370,510570,130340607165,0.1554241741393491,0.09053574604251853,0.00047306800029541527,0.0004731676240679954,0.16666666666666666
exact-threshold,fixed_E,124,62,4611686018427387904,7628,472936,111833993580,0.15202649547338412,0.1,0.00018495575492919695,0.0001850239949353513,0.16666666666666666
exact-threshold,vanishing_E,124,62,4611686018427387904,10217,633454,200631668331,0.15542645429313226,0.08980265101338746,0.00044444767390483357,0.00044450007235339293,0.16666666666666666
exact-threshold,fixed_E,126,63,9223372036854775808,9080,572040,163614594780,0.1517917182990333,0.1,0.00016105356046270574,0.00016107274301426915,0.16666666666666666
exact-threshold,vanishing_E,126,63,9223372036854775808,12475,785925,308838659850,0.1554288263381897,0.0890870806374748,0.0004176838392266143,0.0004177790704366959,0.16666666666666666
exact-threshold,fixed_E,128,64,18446744073709551616,10809,691776,239276671200,0.15156207372771832,0.1,0.0001401928845543715,0.00014022196716272393,0.16666666666666666
exact-threshold,vanishing_E,128,64,18446744073709551616,15238,975232,475538239296,0.15543270265545708,0.08838834764831843,0.0003927943122754053,0.00039285689481138294,0.16666666666666666
exact-threshold,fixed_E,130,65,36893488147419103232,12870,836550,349907532975,0.15133917112412706,0.1,0.00012205297649987268,0.0001220703125,0.16666666666666666
exact-threshold,vanishing_E,130,65,36893488147419103232,18619,1210235,732333772495,0.1554373521727483,0.08770580193070293,0.00036956630725267224,0.0003695983019449652,0.16666666666666666
exact-threshold,fixed_E,132,66,73786976294838206464,15326,1011516,511581803370,0.1511218765888082,0.1,0.00010625169278272349,0.00010626837930860882,0.16666666666666666
exact-threshold,vanishing_E,132,66,73786976294838206464,22757,1501962,1127944173741,0.15544255213716981,0.08703882797784893,0.00034785945849153565,0.0003478793603352237,0.16666666666666666
exact-threshold,fixed_E,134,67,147573952589676412928,18254,1223018,747885902653,0.15091055377973397,0.1,9.250386766478856e-05,9.251199746767564e-05,0.16666666666666666
exact-threshold,vanishing_E,134,67,147573952589676412928,27823,1864141,1737509901870,0.15544835489619954,0.08638684255813601,0.00032757136094495884,0.0003275864029803126,0.16666666666666666
exact-threshold,fixed_E,136,68,295147905179352825856,21744,1478592,1093116411936,0.15070435722071862,0.1,8.052786324294441e-05,8.053637150713457e-05,0.16666666666666666
exact-threshold,vanishing_E,136,68,295147905179352825856,34026,2313768,2676760022028,0.1554545057568812,0.08574929257125441,0.00030858006494797243,0.0003086150866654607,0.16666666666666666
exact-threshold,fixed_E,138,69,590295810358705651712,25905,1787445,1597478920290,0.15050338710083774,0.1,7.010229994017079e-05,7.011098358136196e-05,0.16666666666666666
exact-threshold,vanishing_E,138,69,590295810358705651712,41626,2872194,4124747750721,0.15546175193793854,0.08512565307587486,0.0002908586205608151,0.00029086954614087034,0.16666666666666666
exact-threshold,fixed_E,140,70,1180591620717411303424,30867,2160690,2334289557705,0.15030757620739074,0.1,6.1028877576091656e-05,6.103515625e-05,0.16666666666666666
exact-threshold,vanishing_E,140,70,1180591620717411303424,50936,3565520,6356464652440,0.15546915047020574,0.08451542547285165,0.000274240915648112,0.0002742616327147323,0.16666666666666666
exact-threshold,fixed_E,142,71,2361183241434822606848,36785,2611735,3410578549245,0.1501167400733227,0.1,5.313214118832763e-05,5.313418965430441e-05,0.16666666666666666
exact-threshold,vanishing_E,142,71,2361183241434822606848,62347,4426637,9797555351566,0.15547732141886456,0.08391813582966891,0.0002587001191731079,0.00025871022804392814,0.16666666666666666
exact-threshold,fixed_E,144,72,4722366482869645213696,43842,3156624,4982135960376,0.1499302152372817,0.1,4.625262004360907e-05,4.625599873383782e-05,0.16666666666666666
exact-threshold,vanishing_E,144,72,4722366482869645213696,76334,5496048,15103269061128,0.15548585537070733,0.08333333333333333,0.00024413137807604318,0.000244140625,0.16666666666666666
exact-threshold,fixed_E,146,73,9444732965739290427392,52261,3815053,7277312788878,0.14974843608854904,0.1,4.026713806799462e-05,4.026818575356729e-05,0.16666666666666666
exact-threshold,vanishing_E,146,73,9444732965739290427392,93484,6824332,23285750210946,0.1554949068767691,0.0827605888602368,0.00023047997173305718,0.0002304839684421978,0.16666666666666666
exact-threshold,fixed_E,148,74,18889465931478580854784,62303,4610422,10627993203831,0.14957072552990788,0.1,3.5053676741682724e-05,3.505549179068098e-05,0.16666666666666666
exact-threshold,vanishing_E,148,74,18889465931478580854784,114515,8474110,35905265908995,0.1555042596308076,0.08219949365267865,0.00021766923613497906,0.00021767674956240214,0.16666666666666666
exact-threshold,fixed_E,150,75,37778931862957161709568,74285,5571375,15520106909625,0.1493973466266295,0.1,3.051689300948754e-05,3.0517578125e-05,0.16666666666666666
exact-threshold,vanishing_E,150,75,37778931862957161709568,140314,10523550,55372547039475,0.1555141208514968,0.08164965809277261,0.00020565664008007493,0.00020566034819499395,0.16666666666666666
exact-threshold,fixed_E,152,76,75557863725914323419136,88581,6732156,22660958838090,0.14922787616474062,0.1,2.6566496654266303e-05,2.6567094827152205e-05,0.16666666666666666
exact-threshold,vanishing_E,152,76,75557863725914323419136,171967,13069492,85405804034286,0.15552434032966903,0.08111071056538127,0.0001943794301786594,0.0001943806181224948,0.16666666666666666
exact-threshold,fixed_E,154,77,151115727451828646838272,105640,8134280,33083251492060,0.14906222871265817,0.1,2.3127186450422868e-05,2.312799936691891e-05,0.16666666666666666
exact-threshold,vanishing_E,154,77,151115727451828646838272,210810,16232370,131744909792265,0.15553487220472248,0.08058229640253803,0.00018378638118425383,0.00018378751096712962,0.16666666666666666
exact-threshold,fixed_E,156,78,302231454903657293676544,126000,9828000,48294787086000,0.14890042581425803,0.1,2.013389003467117e-05,2.0134092876783644e-05,0.16666666666666666
exact-threshold,vanishing_E,156,78,302231454903657293676544,258487,20161986,203252829651105,0.1555457334531148,0.08006407690254357,0.00017383369623768358,0.00017383473474974031,0.16666666666666666
exact-threshold,fixed_E,158,79,604462909807314587353088,150299,11873621,70491431889010,0.14874213058903074,0.1,1.752749599380997e-05,1.752774589534049e-05,0.16666666666666666
exact-threshold,vanishing_E,158,79,604462909807314587353088,317019,25044501,313613502647250,0.15555690209536704,0.079555728417573,0.00016447845478876198,0.0001644794436296084,0.16666666666666666
exact-threshold,fixed_E,160,80,1208925819614629174706176,179303,14344240,102878603416680,0.1485873012257434,0.1,1.5258454282743105e-05,1.52587890625e-05,0.16666666666666666
exact-threshold,vanishing_E,160,80,1208925819614629174706176,388892,31111360,483958344969120,0.15556836328963117,0.07905694150420949,0.00015568121854935734,0.00015568195571938781,0.16666666666666666
exact-threshold,fixed_E,162,81,2417851639229258349412352,213928,17328168,150132694454028,0.14843589999722623,0.1,1.3283460575234038e-05,1.328354741357612e-05,0.16666666666666666
exact-threshold,vanishing_E,162,81,2417851639229258349412352,477164,38650284,746922207315186,0.15558009678542226,0.07856742013183861,0.00014740509112575134,0.00014740549620510535,0.16666666666666666
exact-threshold,fixed_E,164,82,4835703278458516698824704,255264,20931648,219066933532128,0.14828769858046895,0.1,1.1563919337920414e-05,1.156399968345944e-05,0.16666666666666666
exact-threshold,vanishing_E,164,82,4835703278458516698824704,585597,48018954,1152909947617581,0.15559207708415962,0.07808688094430304,0.00013961556671448212,0.00013961596329772525,0.16666666666666666
exact-threshold,fixed_E,166,83,9671406556917033397649408,304617,25283211,319620366593655,0.14814262869560316,0.1,1.0066940834025785e-05,1.0067046438391822e-05,0.16666666666666666
exact-threshold,vanishing_E,166,83,9671406556917033397649408,718821,59662143,1779785623845153,0.15560429194499611,0.07761505257063328,0.0001322812245151021,0.00013228171480506092,0.16666666666666666
exact-threshold,fixed_E,168,84,19342813113834066795298816,363548,30538032,466285683947496,0.14800061759505329,0.1,8.763811165647937e-06,8.763872947670246e-06,0.16666666666666666
exact-threshold,vanishing_E,168,84,19342813113834066795298816,882535,74132940,2747846359455330,0.15561673447518962,0.07715167498104596,0.00012537306878393666,0.00012537337334504915,0.16666666666666666
exact-threshold,fixed_E,170,85,38685626227668133590597632,433920,36883200,680185202678400,0.14786153231859653,0.1,7.6293267484944944e-06,7.62939453125e-06,0.16666666666666666
exact-threshold,vanishing_E,170,85,38685626227668133590597632,1083752,92118920,4242947664923740,0.15562937741952662,0.07669649888473704,0.0001188632374140048,0.00011886364842733411,0.16666666666666666
exact-threshold,fixed_E,172,86,77371252455336267181195264,517963,44544818,992120383054153,0.14772531554490953,0.1,6.641751833397561e-06,6.64177370678806e-06,0.16666666666666666
exact-threshold,vanishing_E,172,86,77371252455336267181195264,1331109,114475374,6552305568982251,0.15564222114834644,0.07624928516630233,0.00011272696362711245,0.00011272717381289513,0.16666666666666666
exact-threshold,fixed_E,174,87,154742504910672534362390528,618338,53795406,1446972826454715,0.1475918370087425,0.1,5.781972038697564e-06,5.78199984172972e-06,0.16666666666666666
exact-threshold,vanishing_E,174,87,154742504910672534362390528,1635237,142265619,10119753103593771,0.155655240289329,0.07580980435789034,0.00010694013642638754,0.00010694035872392676,0.16666666666666666
exact-threshold,fixed_E,176,88,309485009821345068724781056,738230,64964240,2110176206906680,0.1474610367029388,0.1,5.033501531940986e-06,5.033523219195911e-06,0.16666666666666666
exact-threshold,vanishing_E,176,88,309485009821345068724781056,2009231,176812328,15631299577983628,0.15566842970052341,0.07537783614444091,0.00010148108972774527,0.00010148125162072928,0.16666666666666666
exact-threshold,fixed_E,178,89,618970019642690137449562112,881445,78448605,3077091773998710,0.1473328340288482,0.1,4.381931265760216e-06,4.381936473835123e-06,0.16666666666666666
exact-threshold,vanishing_E,178,89,618970019642690137449562112,2469218,219760402,24147317033720601,0.1556817764814561,0.07495316889958614,9.632932748256839e-05,9.632941539115193e-05,0.16666666666666666
exact-threshold,fixed_E,180,90,1237940039285380274899124224,1052530,94727700,4486668526281150,0.1472071278906021,0.1,3.8146829308665225e-06,3.814697265625e-06,0.16666666666666666
exact-threshold,vanishing_E,180,90,1237940039285380274899124224,3035063,273155670,37307009889996615,0.15569526738353173,0.07453559924999299,9.146572891859618e-05,9.146581291296434e-05,0.16666666666666666
exact-threshold,fixed_E,182,91,2475880078570760549798248448,1256927,114380357,6541432976533546,0.14708386853104094,0.1,3.3208786066119707e-06,3.32088685339403e-06,0.16666666666666666
exact-threshold,vanishing_E,182,91,2475880078570760549798248448,3731241,339542931,57644700826263915,0.15570889426389387,0.07412493166611012,8.687262980650936e-05,8.68727020520626e-05,0.16666666666666666
exact-threshold,fixed_E,184,92,4951760157141521099596496896,1501138,138104696,9536453459573860,0.14696297356391427,0.1,2.8909968743736934e-06,2.89099992086486e-06,0.16666666666666666
exact-threshold,vanishing_E,184,92,4951760157141521099596496896,4587909,422087628,89078982644289378,0.15572264837789165,0.07372097807744857,8.253351619144589e-05,8.253353925103978e-05,0.16666666666666666
exact-threshold,fixed_E,186,93,9903520314283042199192993792,1792937,166743141,13901637451901370,0.14684436653918292,0.1,2.5167562094576913e-06,2.5167616095979554e-06,0.16666666666666666
exact-threshold,vanishing_E,186,93,9903520314283042199192993792,5642228,524727204,137669319046465206,0.15573651799041938,0.07332355751067665,7.843287279123568e-05,7.8432890944625e-05,0.16666666666666666
exact-threshold,fixed_E,188,94,19807040628566084398385987584,2141624,201312656,20263392632230840,0.14672799272697892,0.1,2.19096575470385e-06,2.1909682369175614e-06,0.16666666666666666
exact-threshold,vanishing_E,188,94,19807040628566084398385987584,6940000,652360000,212786784473820000,0.1557504951266242,0.07293249574894728,7.455632061115401e-05,7.455635211190368e-05,0.16666666666666666
exact-threshold,fixed_E,190,95,39614081257132168796771975168,2558315,243039925,29534202450482850,0.14661377941499212,0.1,1.9073461054786185e-06,1.9073486328125e-06,0.16666666666666666
exact-threshold,vanishing_E,190,95,39614081257132168796771975168,8537684,811079980,328925366572860210,0.15576457338764485,0.07254762501100116,7.089046170803909e-05,7.089047134103724e-05,0.16666666666666666
exact-threshold,fixed_E,192,96,79228162514264337593543950336,3056307,293405472,43043385353068656,0.14650166946127266,0.1,1.6604418522417549e-06,1.660443426697011e-06,0.16666666666666666
exact-threshold,vanishing_E,192,96,79228162514264337593543950336,10504878,1008468288,508504143446591328,0.15577874256292937,0.07216878364870323,6.74226602180135e-05,6.742268184125066e-05,0.16666666666666666
exact-threshold,fixed_E,194,97,158456325028528675187087900672,3651500,354195500,62727225933027250,0.14639160124785522,0.1,1.445498642771028e-06,1.44549996043243e-06,0.16666666666666666
exact-threshold,vanishing_E,194,97,158456325028528675187087900672,12927398,1253957606,786204838195646815,0.15579299705198554,0.07179581586177382,6.414122039524788e-05,6.41412378898863e-05,0.16666666666666666
exact-threshold,fixed_E,196,98,316912650057057350374175801344,4362912,427565376,91406075163228000,0.14628351932789185,0.1,1.2583800953501679e-06,1.2583808047989777e-06,0.16666666666666666
exact-threshold,vanishing_E,196,98,316912650057057350374175801344,15911061,1559283978,1215683261244110253,0.15580732934022146,0.07142857142857142,6.103514424926935e-05,6.103515625e-05,0.16666666666666666
exact-threshold,fixed_E,198,99,633825300114114700748351602688,5213288,516115512,133187610605453316,0.14617736742922446,0.1,1.0954836274371835e-06,1.0954841184587807e-06,0.16666666666666666
exact-threshold,vanishing_E,198,99,633825300114114700748351602688,19586367,1939050333,1879958095984180278,0.15582173286236703,0.07106690545187015,5.8094158320880985e-05,5.809416213687764e-05,0.16666666666666666
exact-threshold,fixed_E,200,100,1267650600228229401496703205376,6229835,622983500,194054220324633250,0.14607309356211481,0.1,9.536741270853615e-07,9.5367431640625e-07,0.16666666666666666
exact-threshold,vanishing_E,200,100,1267650600228229401496703205376,24114273,2411427300,2907490810386931350,0.15583620085099123,0.07071067811865475,5.5308634908189865e-05,5.530863935048277e-05,0.16666666666666666
exact-threshold,fixed_E,256,128,340282366920938463463374607431768211456,934746549,119647558272,7157769100165994033856,0.1437499999956724,0.1,1.9662200008488106e-08,1.9662200074984027e-08,0.16666666666666666
exact-threshold,vanishing_E,256,128,340282366920938463463374607431768211456,8589934592,1099511627776,604462909806764831539200,0.15625,0.0625,1.5258789060709765e-05,1.52587890625e-05,0.16666666666666666
exact-threshold,fixed_E,512,256,115792089237316195423570985008687907853269984665640564039457584007913129639936,11095947477436002415,2840562554223616618240,4034397812228698450248239299659435142039680,0.13919270833333333,0.1,3.866021117887027e-16,3.8660211178870195e-16,0.16666666666666666
exact-threshold,vanishing_E,512,256,115792089237316195423570985008687907853269984665640564039457584007913129639936,8170197809558358523843,2091570639246939782103808,2187333869479926158379871045100730463425352998528,0.15779465039194693,0.044194173824159216,1.5433653980084203e-07,1.54336539800842e-07,0.16666666666666666
exact-threshold,fixed_E,1024,512,13407807929942597099574024998205846127479365820592393377723561443721764030073546976801874298166903427690031858186486050853753882811946569946433649006084096,2481944691053106014579518818119444171221,1270755681819190279464713634877155415665152,807410001437877582285298847543042794394508119256136987043502392340903352741585758976,0.13658854166666667,0.1,1.4946119283948456e-31,1.49461192839484e-31,0.16666666666666666
exact-threshold,vanishing_E,1024,512,13407807929942597099574024998205846127479365820592393377723561443721764030073546976801874298166903427690031858186486050853753882811946569946433649006084096,28771510583266052505173639971965945966575631424,14731013418632218882648903665646564334886723289088,108501378169961246205613817639417838975047876976188987349820566871878488686931788000930077048291328,0.15950520833333334,0.03125,2.3283064365386963e-10,2.3283064365386963e-10,0.16666666666666666
exact-threshold,fixed_E,2048,1024,179769313486231590772930519078902473361797697894230657273430081157732675805500963132708477322407536021120113879871393357658789768814416622492847430639474124377767893424865485276302219601246094119453082952085005768838150682342462881473913110540827237163350510684586298239947245938479716304835356329624224137216,197121582382294331612621788950938182225352499571002463889359588773527620657378983,201852500359469395571324711885760698598760959560706523022704218904092283553156078592,20372215950684796234169944582127272607236067235475199355728260720049213375974914403546055164055342382604865696839753521368610458454801141046735549107483035862862311936,0.13512369791666667,0.1,2.2338648165001596e-62,2.233864816500142e-62,0.16666666666666666
exact-threshold,vanishing_E,2048,1024,179769313486231590772930519078902473361797697894230657273430081157732675805500963132708477322407536021120113879871393357658789768814416622492847430639474124377767893424865485276302219601246094119453082952085005768838150682342462881473913110540827237163350510684586298239947245938479716304835356329624224137216,2013852786396095418480764464601512169042563072151129999778546237750224929486784021159224401450328,2062185253269601708524302811751948461099584585882757119773231347456230327794466837667045787085135872,2126304009401305672038764191120914776190581994079452834485925989507198199828635644796928233947940986403232673259903832193679469200032585216146258562490016740125867316053367079857654410272428808032256,0.16109133561264014,0.022097086912079608,2.381976751769689e-14,2.3819767517696886e-14,0.16666666666666666
exact-threshold,fixed_E,4096,2048,32317006071311007300714876688669951960444102669715484032130345427524655138867890893197201411522913463688717960921898019494119559150490921095088152386448283120630877367300996091750197750389652106796057638384067568276792218642619756161838094338476170470581645852036305042887575891541065808607552399123930385521914333389668342420684974786564569494856176035326322058077805659331026192708460314150258592864177116725943603718461857357598351152301645904403697613233287231227125684710820209725157101726931323469678542580656697935045997268352998638215525166389437335543602135433229604645318478604952148193555853611059596230656,1973808412539085601490695276526131558237130101989292179361494080839889884842716732972888441198872291330105581421828680641063760578149058593384133930987381083618119,4042359628880047311852943926325517431269642448874070383332339877560094484157883869128475527575290452644056230751905137952898581664049271999250706290662156459249907712,8170335684599616916551508036275874420034977814123867180537760240288851085352346418911860433011962473163672077046737815067706076477962311375059894985013457176197287629971200264889710645861875659161908107666113116768655176118827659303272052019899104599334075098604268711520918272291473415732895769028426421955742680854860510633583616,0.13430989583333333,0.1,4.990152018397291e-124,4.990152018397213e-124,0.16666666666666666
exact-threshold,vanishing_E,4096,2048,32317006071311007300714876688669951960444102669715484032130345427524655138867890893197201411522913463688717960921898019494119559150490921095088152386448283120630877367300996091750197750389652106796057638384067568276792218642619756161838094338476170470581645852036305042887575891541065808607552399123930385521914333389668342420684974786564569494856176035326322058077805659331026192708460314150258592864177116725943603718461857357598351152301645904403697613233287231227125684710820209725157101726931323469678542580656697935045997268352998638215525166389437335543602135433229604645318478604952148193555853611059596230656,94180392518247542949596530489602900936408926357944437924434136735379940212523176011334388527387755050900630430595167549666293462692982389902637688114695135435777793131668917509196368664874148247413,192881443877370967960773694442706741117765481181070208869241112034058117555247464471212827704090122344244491121858903141716569011595227934520601985258895637372472920333657943058834163025662255610701824,18601625696109703231470705290762847375525224464250536394478354950132266212951794228171306019786383790606802198507578746646642990730537567274224039036662018932842354402427908713829990007155608841560560513562772533936530834367755224600027997099741293409932052501970448764792857634102256866507573249966668705045568359798254526471236904318586551459685708198414737641701045236031809710729110100351113112576,0.16243489583333334,0.015625,5.421010862427522e-20,5.421010862427522e-20,0.16666666666666666
